sale_id,sale_date,product_id,quantity,customer_id,total_amount,rating
2609,2023-09-01,24,5,1,2500,5
2716,2023-09-04,24,10,1,5000,4
3025,2023-09-14,24,14,1,7050,5
3581,2023-10-02,4,10,1,6000,5
4504,2023-11-04,5,12,1,5400,4
5079,2023-11-23,8,11,1,8250,5
5452,2023-12-05,9,17,1,11900,4
6630,2024-01-15,4,8,1,4800,5
7322,2024-02-10,1,7,1,2450,4
7357,2024-02-11,1,14,1,4900,4
9069,2024-04-24,4,5,1,3000,4
10138,2024-09-03,2,5,1,4500,5
10349,2024-09-27,3,19,1,4750,5
375,2023-02-06,11,19,1,10450,4
484,2023-02-16,3,18,1,4525,4
734,2023-03-08,26,17,1,15300,5
1787,2023-06-11,13,15,1,6750,4
1896,2023-06-24,21,10,1,6500,4
2207,2023-07-23,22,19,1,7600,5
2352,2023-08-07,24,5,1,2500,4
2430,2023-08-14,24,18,1,9000,5
3038,2023-09-15,22,9,1,3600,4
3052,2023-09-15,24,14,1,7000,4
3082,2023-09-16,23,6,1,1500,4
3444,2023-09-28,21,5,1,3250,4
5913,2023-12-22,14,11,1,3520,4
6428,2024-01-08,14,8,1,2560,5
135,2023-01-16,7,8,1,12000,5
158,2023-01-18,3,17,1,4250,4
193,2023-01-21,24,15,1,7500,4
1217,2023-04-23,1,6,1,2100,4
1302,2023-04-30,13,9,1,4050,4
1490,2023-05-16,2,15,1,13500,5
1813,2023-06-14,19,20,1,6000,4
1825,2023-06-15,17,17,1,10200,5
1830,2023-06-16,1,19,1,6650,4
2155,2023-07-20,2,18,1,16200,4
4975,2023-11-19,8,5,1,3750,5
2107,2023-07-16,2,10,1,9000,5
766,2023-03-11,11,12,1,6600,4
1150,2023-04-15,23,19,1,4750,4
1661,2023-06-01,14,16,1,5120,4
6687,2024-01-17,4,7,1,4200,5
6921,2024-01-26,2,16,1,14400,5
7933,2024-03-01,2,15,1,13500,5
9853,2024-07-29,1,10,1,3500,5
4888,2023-11-17,1,17,1,5950,5
9432,2024-06-01,1,20,1,7000,5
404,2023-02-09,13,20,2,9000,5
546,2023-02-22,15,7,2,2450,4
748,2023-03-10,3,17,2,4250,4
1475,2023-05-14,18,13,2,5850,4
2323,2023-08-03,24,12,2,6000,4
2569,2023-08-28,24,10,2,5000,4
4698,2023-11-10,10,11,2,19800,4
5657,2023-12-13,1,19,2,6650,4
6316,2024-01-04,14,19,2,6080,5
6829,2024-01-23,1,9,2,3150,4
7168,2024-02-04,4,14,2,8400,4
9499,2024-06-11,4,19,2,11400,5
9760,2024-07-16,1,12,2,4200,4
9815,2024-07-23,3,7,2,1750,5
789,2023-03-13,13,7,2,3150,5
1874,2023-06-21,25,10,2,6000,5
3168,2023-09-19,22,16,2,6400,5
3760,2023-10-07,10,15,2,27000,4
6385,2024-01-06,14,16,2,5120,5
7926,2024-03-01,2,12,2,10800,5
8708,2024-03-26,2,5,2,4500,5
8905,2024-04-05,2,15,2,13500,5
9673,2024-07-03,4,20,2,12000,5
918,2023-03-26,23,6,2,1500,4
1209,2023-04-22,14,12,2,3840,5
2717,2023-09-04,24,20,2,10000,5
6632,2024-01-15,4,14,2,8400,5
7653,2024-02-21,1,11,2,3850,4
10057,2024-08-22,2,15,2,13500,4
7120,2024-02-02,4,5,2,3000,5
7091,2024-02-01,3,12,2,3000,5
8361,2024-03-14,3,17,2,4250,5
929,2023-03-27,28,5,3,1500,4
2490,2023-08-20,24,10,3,5000,5
2619,2023-09-01,24,20,3,10000,5
4498,2023-11-04,2,18,3,16200,4
5014,2023-11-21,3,7,3,1750,5
5982,2023-12-24,14,19,3,6080,4
6638,2024-01-16,1,20,3,7000,5
10211,2024-09-12,2,16,3,14400,4
55,2023-01-06,23,15,3,3750,5
413,2023-02-09,27,15,3,3000,4
636,2023-03-01,20,20,3,16000,4
1583,2023-05-24,15,15,3,5250,5
1940,2023-06-30,20,7,3,5600,5
2330,2023-08-04,24,5,3,2500,5
5484,2023-12-07,4,14,3,8400,5
6689,2024-01-18,1,8,3,2800,5
655,2023-03-02,22,9,3,3600,4
2250,2023-07-27,14,12,3,3842,4
2372,2023-08-09,24,15,3,7500,5
2817,2023-09-07,24,17,3,8500,4
2880,2023-09-09,24,10,3,5000,4
3137,2023-09-18,23,11,3,2750,4
4516,2023-11-04,10,8,3,14400,4
5579,2023-12-10,2,20,3,18000,5
9914,2024-08-05,2,14,3,12600,4
10056,2024-08-22,1,10,3,3500,5
3322,2023-09-23,24,16,3,8000,4
6574,2024-01-13,3,18,3,4500,5
6793,2024-01-21,2,6,3,5400,5
8528,2024-03-19,4,17,3,10200,5
668,2023-03-03,20,16,3,12800,4
3302,2023-09-23,22,9,3,3600,4
8786,2024-03-29,1,8,3,2800,5
1928,2023-06-29,2,13,3,11700,4
2900,2023-09-10,22,10,3,4000,5
821,2023-03-16,4,8,4,4800,5
1466,2023-05-13,25,18,4,10800,4
4385,2023-10-31,9,10,4,7000,5
6211,2024-01-01,14,8,4,2560,5
6891,2024-01-25,2,7,4,6300,4
8056,2024-03-04,1,14,4,4900,5
9208,2024-05-08,2,13,4,11700,5
10118,2024-08-30,3,17,4,4250,5
73,2023-01-09,17,13,4,7800,4
2426,2023-08-14,24,20,4,10000,5
3949,2023-10-14,8,15,4,11250,4
4638,2023-11-08,9,19,4,13300,4
5509,2023-12-08,1,15,4,5250,5
5705,2023-12-15,2,11,4,9900,4
10132,2024-09-01,4,6,4,3600,4
151,2023-01-17,17,13,4,7800,4
2238,2023-07-26,14,13,4,4160,5
2298,2023-08-01,8,14,4,10500,4
3522,2023-09-30,23,9,4,2250,5
3923,2023-10-14,1,12,4,4200,4
8268,2024-03-11,2,12,4,10800,5
733,2023-03-08,25,20,4,12000,4
7283,2024-02-08,3,18,4,4500,4
9166,2024-05-04,3,20,4,5000,4
7953,2024-03-01,4,16,4,9600,4
7118,2024-02-02,4,13,4,7800,5
9419,2024-05-30,3,15,4,3750,5
778,2023-03-12,11,12,5,6600,4
1780,2023-06-11,1,15,5,5250,4
2014,2023-07-06,19,15,5,4500,4
2411,2023-08-12,24,9,5,4500,4
3412,2023-09-27,21,10,5,6500,5
3691,2023-10-05,10,8,5,14400,4
4861,2023-11-15,9,20,5,14000,4
5023,2023-11-21,7,6,5,9000,5
5709,2023-12-15,5,10,5,4500,4
6897,2024-01-25,3,6,5,1500,4
7723,2024-02-23,3,19,5,4750,4
7996,2024-03-02,2,8,5,7200,5
8143,2024-03-06,3,18,5,4500,4
8980,2024-04-15,2,12,5,10800,4
9299,2024-05-16,4,11,5,6600,4
885,2023-03-22,25,14,5,8400,4
1233,2023-04-24,3,16,5,4000,5
3306,2023-09-23,22,19,5,7600,4
3865,2023-10-12,1,5,5,1750,5
4382,2023-10-31,6,9,5,10800,5
4816,2023-11-14,7,17,5,25500,4
5194,2023-11-27,10,7,5,12600,5
6406,2024-01-07,14,15,5,4800,4
6810,2024-01-22,1,14,5,4900,4
9433,2024-06-01,2,6,5,5400,4
10199,2024-09-10,1,8,5,2800,5
2820,2023-09-08,21,13,5,8450,4
5919,2023-12-22,14,7,5,2240,5
8043,2024-03-03,3,20,5,5000,4
8503,2024-03-19,1,14,5,4900,5
2462,2023-08-17,24,15,5,7500,4
7675,2024-02-21,4,14,5,8400,4
8728,2024-03-27,2,18,5,16200,5
2793,2023-09-07,22,19,5,7600,5
4135,2023-10-22,3,11,5,2750,4
4694,2023-11-10,9,6,5,4200,5
1541,2023-05-20,27,5,5,1000,5
3209,2023-09-20,22,15,5,6000,5
6974,2024-01-28,2,11,5,9900,5
7044,2024-01-30,4,18,5,10800,4
28,2023-01-03,25,14,6,8400,4
251,2023-01-26,17,8,6,4800,5
601,2023-02-26,20,8,6,6400,4
1198,2023-04-21,15,15,6,5250,4
1819,2023-06-15,3,15,6,3750,5
1999,2023-07-05,8,16,6,12000,5
2648,2023-09-02,24,5,6,2500,4
2834,2023-09-08,22,17,6,6800,4
5923,2023-12-22,14,16,6,5120,4
6512,2024-01-11,3,5,6,1250,5
6564,2024-01-13,2,5,6,4500,4
7175,2024-02-05,1,8,6,2800,5
8327,2024-03-13,2,14,6,12600,5
8331,2024-03-13,3,5,6,1250,4
9845,2024-07-27,4,11,6,6600,5
144,2023-01-16,24,19,6,9500,5
1167,2023-04-18,1,16,6,5600,5
3088,2023-09-16,24,9,6,4500,4
3429,2023-09-27,23,12,6,3000,4
4271,2023-10-27,4,17,6,10200,4
7583,2024-02-18,2,12,6,10800,4
7819,2024-02-26,4,18,6,10800,5
8265,2024-03-11,1,13,6,4550,4
1441,2023-05-11,10,15,6,27000,4
2351,2023-08-07,24,20,6,10000,5
2804,2023-09-07,24,14,6,7000,4
3793,2023-10-09,6,5,6,6000,4
10237,2024-09-14,1,9,6,3150,4
1871,2023-06-21,22,12,6,4800,4
3519,2023-09-30,23,5,6,1250,4
900,2023-03-24,19,5,6,1500,4
3878,2023-10-12,5,16,6,7200,4
5791,2023-12-18,4,5,6,3000,5
7290,2024-02-08,4,14,6,8400,4
8401,2024-03-15,4,11,6,6600,4
9280,2024-05-15,2,20,6,18000,4
9477,2024-06-08,3,10,6,2500,5
475,2023-02-15,23,20,7,5000,4
1644,2023-05-30,24,9,7,4500,5
1991,2023-07-04,14,11,7,3520,4
3114,2023-09-17,24,9,7,4500,5
3530,2023-09-30,24,17,7,8500,5
3920,2023-10-13,11,15,7,8250,5
4419,2023-11-01,10,12,7,21600,5
4553,2023-11-05,8,14,7,10500,4
4908,2023-11-17,11,16,7,8800,5
5186,2023-11-27,9,5,7,3500,5
5481,2023-12-07,4,17,7,10200,5
5653,2023-12-12,11,8,7,4400,5
10284,2024-09-20,2,20,7,18000,5
525,2023-02-20,22,17,7,6800,4
1444,2023-05-11,27,19,7,3800,4
4227,2023-10-25,4,8,7,4800,5
4579,2023-11-06,7,5,7,7500,4
6149,2023-12-29,14,12,7,3840,4
6913,2024-01-26,1,12,7,4200,4
8711,2024-03-26,3,12,7,3000,5
1072,2023-04-09,2,16,7,14400,4
2136,2023-07-18,7,16,7,24000,5
2649,2023-09-02,24,7,7,3500,4
4037,2023-10-18,5,14,7,6300,5
4724,2023-11-11,9,12,7,8400,4
9638,2024-06-29,4,17,7,10200,5
9698,2024-07-07,3,19,7,4750,4
1619,2023-05-28,11,12,7,6600,5
2962,2023-09-12,21,19,7,12350,5
2991,2023-09-13,22,18,7,7200,4
4670,2023-11-09,9,9,7,6300,5
468,2023-02-15,8,16,7,12000,4
1828,2023-06-15,27,11,7,2200,4
1891,2023-06-23,22,5,7,2000,4
3012,2023-09-14,22,18,7,7200,4
10275,2024-09-19,2,10,7,9000,4
1908,2023-06-26,25,19,7,11400,4
3659,2023-10-04,9,12,7,8400,5
3845,2023-10-11,4,20,7,12000,4
639,2023-03-01,26,5,8,4500,5
1206,2023-04-22,6,20,8,24000,4
1493,2023-05-16,15,18,8,6378,4
4868,2023-11-16,3,18,8,4500,4
5978,2023-12-24,14,8,8,2560,4
8289,2024-03-12,1,6,8,2100,4
8309,2024-03-12,3,7,8,1750,5
8959,2024-04-13,1,12,8,4200,4
426,2023-02-11,8,17,8,12750,5
699,2023-03-05,17,20,8,12000,4
1704,2023-06-04,13,5,8,2250,4
3299,2023-09-23,21,10,8,6500,4
4242,2023-10-26,2,8,8,7200,5
4528,2023-11-05,2,9,8,8100,4
5216,2023-11-28,10,14,8,25200,4
6623,2024-01-15,3,14,8,3500,4
7185,2024-02-05,2,10,8,9000,5
1092,2023-04-10,2,9,8,8100,5
4723,2023-11-11,9,7,8,4900,5
4881,2023-11-16,7,10,8,15000,4
4919,2023-11-18,3,10,8,2500,5
5659,2023-12-13,2,18,8,16200,4
7040,2024-01-30,3,15,8,3750,4
8122,2024-03-05,4,5,8,3000,4
8433,2024-03-16,4,19,8,11400,5
1653,2023-06-01,1,9,8,3150,4
2660,2023-09-02,24,17,8,8500,4
3734,2023-10-07,3,16,8,4000,4
6525,2024-01-12,2,13,8,11700,4
8529,2024-03-19,4,17,8,10200,5
37,2023-01-04,25,19,8,11400,4
7326,2024-02-10,1,14,8,4900,5
71,2023-01-09,2,11,9,9900,4
2064,2023-07-11,17,9,9,5400,4
2283,2023-07-30,21,13,9,8450,4
4089,2023-10-20,4,6,9,3600,5
5761,2023-12-17,4,8,9,4800,4
5877,2023-12-20,14,16,9,5120,4
5914,2023-12-22,14,19,9,6080,4
6391,2024-01-07,14,14,9,4480,5
6780,2024-01-21,1,5,9,1750,5
7738,2024-02-24,1,15,9,5250,5
9574,2024-06-22,1,5,9,1750,4
10233,2024-09-13,4,7,9,4200,4
50,2023-01-06,12,16,9,4800,5
307,2023-01-31,1,7,9,2450,4
1152,2023-04-15,28,14,9,4200,5
1611,2023-05-27,11,6,9,3300,4
1696,2023-06-04,5,20,9,9000,4
2058,2023-07-11,1,20,9,7000,4
3304,2023-09-23,22,12,9,4800,5
5096,2023-11-24,4,15,9,9000,5
5160,2023-11-26,11,20,9,11000,4
5707,2023-12-15,4,10,9,6000,4
5920,2023-12-22,14,12,9,3840,5
6164,2023-12-30,14,15,9,4800,4
8530,2024-03-19,4,16,9,9600,4
9674,2024-07-03,4,8,9,4800,5
9775,2024-07-18,3,19,9,4750,5
756,2023-03-10,22,9,9,3600,5
1373,2023-05-05,26,19,9,17100,5
1381,2023-05-06,12,9,9,2700,5
4457,2023-11-02,10,19,9,34200,5
5350,2023-12-02,3,8,9,2000,4
2368,2023-08-08,24,18,9,9000,5
3183,2023-09-19,24,8,9,4000,4
3500,2023-09-29,24,9,9,4500,5
7689,2024-02-22,2,7,9,6300,5
9407,2024-05-29,2,13,9,11700,4
10311,2024-09-23,3,14,9,3500,5
4964,2023-11-19,5,8,9,3600,5
7563,2024-02-17,4,10,9,6000,4
127,2023-01-15,19,16,9,4800,4
383,2023-02-07,4,20,9,12000,5
519,2023-02-20,11,15,9,8250,4
2996,2023-09-13,23,17,9,4250,5
3182,2023-09-19,23,10,9,2500,4
3927,2023-10-14,2,10,9,9000,4
6890,2024-01-25,2,5,9,4500,4
7342,2024-02-10,3,16,9,4000,5
51,2023-01-06,13,9,10,4050,4
2224,2023-07-25,7,12,10,18000,5
3067,2023-09-16,21,15,10,9750,5
3926,2023-10-14,2,17,10,15300,4
4302,2023-10-28,1,19,10,6650,4
4598,2023-11-07,5,18,10,8100,5
8138,2024-03-06,2,16,10,14400,5
10243,2024-09-14,3,10,10,2500,5
187,2023-01-20,26,13,10,11700,4
990,2023-04-02,1,13,10,4550,4
1464,2023-05-13,19,14,10,4200,4
1754,2023-06-08,17,13,10,7800,5
2332,2023-08-04,24,15,10,7500,4
3165,2023-09-19,21,16,10,10400,5
3501,2023-09-29,24,15,10,7500,5
3528,2023-09-30,24,13,10,6500,4
4066,2023-10-19,4,9,10,5400,4
4304,2023-10-28,3,6,10,1500,4
5117,2023-11-25,3,8,10,2000,5
6477,2024-01-10,14,19,10,6080,4
7442,2024-02-13,2,18,10,16200,5
7771,2024-02-25,2,7,10,6300,5
8652,2024-03-24,3,12,10,3000,5
9890,2024-08-03,3,9,10,2250,5
2252,2023-07-27,23,14,10,3500,5
2827,2023-09-08,21,11,10,7150,4
3717,2023-10-06,10,19,10,34200,4
8125,2024-03-06,1,17,10,5950,4
9199,2024-05-07,4,7,10,4200,5
3901,2023-10-13,2,10,10,9000,4
10214,2024-09-12,3,15,10,3750,5
1534,2023-05-19,18,10,10,4500,5
2122,2023-07-17,7,7,10,10500,5
3615,2023-10-03,2,8,10,7200,4
4159,2023-10-23,1,8,10,2800,4
7836,2024-02-27,3,16,10,4000,4
8071,2024-03-04,3,20,10,5000,5
10260,2024-09-17,4,15,10,9000,4
59,2023-01-07,6,13,10,15600,5
1193,2023-04-21,11,10,10,5500,5
10076,2024-08-24,2,19,10,17100,4
1746,2023-06-07,18,5,11,2250,4
7261,2024-02-08,1,18,11,6300,5
8012,2024-03-02,4,16,11,9600,5
803,2023-03-14,17,20,11,12000,4
1364,2023-05-04,18,8,11,3600,4
1939,2023-06-30,6,14,11,16800,4
4499,2023-11-04,2,7,11,6300,5
5032,2023-11-21,10,8,11,14400,4
5071,2023-11-23,4,12,11,7200,5
5684,2023-12-14,3,15,11,3750,5
6182,2023-12-31,14,7,11,2240,5
7143,2024-02-03,4,8,11,4800,4
7174,2024-02-05,1,11,11,3850,4
7716,2024-02-23,2,10,11,9000,5
8695,2024-03-25,4,7,11,4200,5
9190,2024-05-07,2,17,11,15300,4
9503,2024-06-12,2,14,11,12600,4
10290,2024-09-20,4,13,11,7800,5
239,2023-01-25,13,13,11,5850,4
2573,2023-08-28,24,6,11,3000,5
3550,2023-10-01,22,14,11,5600,4
3592,2023-10-02,9,13,11,9100,5
3841,2023-10-11,2,20,11,18000,5
4798,2023-11-13,11,9,11,4950,5
5408,2023-12-04,4,7,11,4200,5
199,2023-01-22,19,14,11,4200,4
311,2023-01-31,9,12,11,8400,5
1952,2023-07-01,13,17,11,7650,5
5225,2023-11-29,4,18,11,10800,4
5345,2023-12-02,2,20,11,18000,4
8141,2024-03-06,3,13,11,3250,5
10304,2024-09-22,1,11,11,3850,5
1242,2023-04-25,1,13,11,4550,4
3199,2023-09-20,21,16,11,10400,5
3237,2023-09-21,22,19,11,7600,4
9262,2024-05-13,4,7,11,4200,4
2030,2023-07-08,5,20,11,9000,5
3188,2023-09-19,24,16,11,8000,4
4126,2023-10-22,1,16,11,5600,5
6368,2024-01-06,14,7,11,2240,4
44,2023-01-05,14,12,12,3840,4
1862,2023-06-20,20,10,12,8000,4
2805,2023-09-07,24,14,12,7000,4
4217,2023-10-24,11,19,12,10450,4
5944,2023-12-22,14,9,12,2880,4
6138,2023-12-29,14,14,12,4480,5
6976,2024-01-28,2,18,12,16200,5
7754,2024-02-24,4,14,12,8400,4
8192,2024-03-08,2,17,12,15300,5
8346,2024-03-14,1,9,12,3150,4
9701,2024-07-08,1,5,12,1750,5
852,2023-03-19,8,5,12,3750,4
862,2023-03-20,19,18,12,5400,4
967,2023-03-31,8,14,12,10500,5
1173,2023-04-18,28,5,12,1500,5
2478,2023-08-19,24,11,12,5500,5
2746,2023-09-05,24,8,12,4000,4
3502,2023-09-29,24,5,12,2500,5
6392,2024-01-07,14,15,12,4800,5
6621,2024-01-15,2,16,12,14400,5
6821,2024-01-22,2,14,12,12600,5
8378,2024-03-15,1,5,12,1750,5
8580,2024-03-22,1,6,12,2100,4
1148,2023-04-15,17,6,12,3600,5
2380,2023-08-10,24,5,12,2500,4
3352,2023-09-25,21,14,12,9100,4
3679,2023-10-05,7,5,12,7500,5
3773,2023-10-08,9,15,12,10500,4
3806,2023-10-09,9,7,12,4900,5
4251,2023-10-26,5,11,12,4950,5
4605,2023-11-07,9,9,12,6300,5
8270,2024-03-11,2,15,12,13500,5
126,2023-01-15,16,14,12,7000,5
495,2023-02-17,3,16,12,4000,4
541,2023-02-22,3,14,12,3500,4
1882,2023-06-22,24,17,12,8500,5
6209,2024-01-01,14,5,12,1600,5
6501,2024-01-11,1,20,12,7000,4
3480,2023-09-29,21,20,12,13000,5
4218,2023-10-25,1,17,12,5950,5
10322,2024-09-25,2,16,12,14400,5
6865,2024-01-24,1,6,12,2100,4
9722,2024-07-10,2,6,12,5400,4
1707,2023-06-04,20,19,13,15200,4
2931,2023-09-10,24,12,13,6000,4
2933,2023-09-11,21,17,13,11050,5
3156,2023-09-18,24,20,13,10000,4
3174,2023-09-19,22,19,13,7600,5
5273,2023-11-30,10,17,13,30600,4
5327,2023-12-01,9,19,13,13300,4
5972,2023-12-23,14,7,13,2241,4
6314,2024-01-04,14,14,13,4480,5
6481,2024-01-10,14,20,13,6400,5
6712,2024-01-18,4,13,13,7800,5
7729,2024-02-23,4,12,13,7200,5
9957,2024-08-09,4,6,13,3600,4
344,2023-02-02,21,18,13,11700,4
488,2023-02-16,9,9,13,6300,5
1906,2023-06-26,2,14,13,12600,5
2080,2023-07-12,21,15,13,9750,4
2998,2023-09-13,24,10,13,5000,5
3051,2023-09-15,23,14,13,3500,4
3234,2023-09-21,22,12,13,4800,5
3653,2023-10-04,7,7,13,10500,4
3718,2023-10-06,10,12,13,21600,5
3738,2023-10-07,4,19,13,11400,5
4420,2023-11-01,11,17,13,9350,4
4650,2023-11-09,1,9,13,3150,5
4846,2023-11-15,5,7,13,3150,4
4909,2023-11-17,11,7,13,3850,4
5110,2023-11-24,11,11,13,6050,4
5870,2023-12-20,14,11,13,3520,5
6457,2024-01-09,14,12,13,3840,4
8159,2024-03-07,1,9,13,3150,5
8178,2024-03-08,1,11,13,3850,4
8965,2024-04-13,3,13,13,3250,5
9413,2024-05-30,2,11,13,9900,4
9604,2024-06-25,1,6,13,2100,4
9869,2024-07-31,4,11,13,6600,4
752,2023-03-10,17,14,13,8400,4
1254,2023-04-26,4,9,13,5400,5
1584,2023-05-24,17,19,13,11400,4
1748,2023-06-07,21,11,13,7150,5
2835,2023-09-08,22,8,13,3200,5
3630,2023-10-03,10,10,13,18000,5
9949,2024-08-08,4,7,13,4200,4
4984,2023-11-20,1,7,13,2450,5
8849,2024-03-31,2,11,13,9960,4
9267,2024-05-14,2,9,13,8100,5
556,2023-02-23,5,20,13,9000,4
1932,2023-06-29,8,12,13,9000,5
7360,2024-02-11,1,9,13,3150,5
6283,2024-01-03,14,10,13,3200,4
122,2023-01-14,24,18,14,9000,5
2130,2023-07-17,24,15,14,7500,4
2739,2023-09-05,24,8,14,4000,4
2791,2023-09-07,22,5,14,2000,5
2967,2023-09-12,22,15,14,6000,4
3177,2023-09-19,22,5,14,2000,4
3453,2023-09-28,22,11,14,4400,5
5440,2023-12-05,3,8,14,2000,5
5469,2023-12-06,10,6,14,10800,5
7863,2024-02-28,1,17,14,5950,4
398,2023-02-09,1,17,14,5950,5
637,2023-03-01,21,12,14,7800,5
719,2023-03-07,17,6,14,3600,4
1090,2023-04-09,27,6,14,1200,4
1921,2023-06-28,14,5,14,1600,4
2002,2023-07-05,21,16,14,10400,4
2921,2023-09-10,23,13,14,3250,4
3217,2023-09-20,24,11,14,5500,4
3549,2023-10-01,22,9,14,3600,5
3629,2023-10-03,10,7,14,12600,4
4644,2023-11-08,11,20,14,11000,4
5133,2023-11-25,11,15,14,8250,4
5747,2023-12-16,9,19,14,13300,5
5751,2023-12-17,1,8,14,2800,5
6529,2024-01-12,2,17,14,15300,4
7483,2024-02-14,4,6,14,3600,5
1037,2023-04-06,6,20,14,24000,4
2567,2023-08-28,24,15,14,7500,4
3112,2023-09-17,24,12,14,6000,4
3847,2023-10-11,4,9,14,5400,5
4743,2023-11-12,3,16,14,4000,5
8599,2024-03-22,3,16,14,4000,5
3020,2023-09-14,23,10,14,2500,4
5644,2023-12-12,7,9,14,13500,4
7959,2024-03-01,4,6,14,3600,5
2296,2023-08-01,2,16,14,14400,4
1329,2023-05-01,26,14,15,12600,5
1667,2023-06-02,4,15,15,9000,5
2473,2023-08-19,24,20,15,10000,4
3240,2023-09-21,22,8,15,3200,4
6100,2023-12-28,14,10,15,3200,5
8191,2024-03-08,2,13,15,11700,5
584,2023-02-25,9,18,15,12600,4
612,2023-02-27,15,9,15,3150,4
1596,2023-05-26,9,13,15,9100,4
2158,2023-07-20,10,14,15,25200,5
2979,2023-09-13,21,13,15,8450,5
3197,2023-09-20,21,16,15,10400,5
8202,2024-03-08,3,15,15,3750,4
9047,2024-04-22,2,10,15,9000,4
9466,2024-06-06,4,20,15,12000,4
1057,2023-04-07,24,14,15,7000,5
1747,2023-06-07,19,10,15,3000,4
3282,2023-09-22,23,15,15,3750,5
4765,2023-11-12,11,13,15,7150,4
8564,2024-03-21,3,6,15,1500,4
998,2023-04-02,16,6,15,3000,5
2556,2023-08-27,24,11,15,5500,4
3207,2023-09-20,22,17,15,6800,5
6504,2024-01-11,2,6,15,5400,4
6832,2024-01-23,1,8,15,2800,5
7867,2024-02-28,2,10,15,9000,5
9782,2024-07-19,3,9,15,2250,5
393,2023-02-08,18,16,15,7200,4
1267,2023-04-27,8,18,15,13500,5
2775,2023-09-06,24,13,15,6500,4
8478,2024-03-18,2,18,15,16200,5
9552,2024-06-18,2,12,15,10800,4
5855,2023-12-20,14,13,15,4160,5
10328,2024-09-25,2,13,15,11700,5
1325,2023-05-01,23,9,16,2250,4
4390,2023-11-01,2,10,16,9000,5
4679,2023-11-10,4,11,16,6600,4
4686,2023-11-10,6,19,16,22800,4
6206,2023-12-31,14,12,16,3840,5
7527,2024-02-16,2,10,16,9000,5
7535,2024-02-16,4,11,16,6600,5
7549,2024-02-17,2,17,16,15300,4
7698,2024-02-22,3,5,16,1250,4
7864,2024-02-28,2,14,16,12600,4
10141,2024-09-03,3,13,16,3250,5
176,2023-01-19,20,6,16,4800,4
1648,2023-05-31,16,19,16,9500,4
2251,2023-07-27,14,12,16,3840,5
3694,2023-10-05,11,15,16,8250,4
4029,2023-10-18,1,14,16,4900,5
4662,2023-11-09,7,5,16,7500,4
4898,2023-11-17,5,14,16,6300,5
5365,2023-12-02,8,17,16,12750,4
5803,2023-12-18,7,14,16,21000,5
6737,2024-01-19,3,8,16,2000,5
8142,2024-03-06,3,11,16,2750,5
8352,2024-03-14,2,11,16,9900,5
9117,2024-05-01,1,16,16,5600,4
9772,2024-07-18,2,16,16,14400,4
681,2023-03-04,15,15,16,5250,4
2847,2023-09-08,24,8,16,4000,5
3194,2023-09-19,24,13,16,6500,4
4518,2023-11-04,10,6,16,10800,5
7790,2024-02-25,4,8,16,4800,5
10182,2024-09-07,2,6,16,5400,4
6580,2024-01-13,3,6,16,1500,4
2726,2023-09-05,24,10,16,5000,4
7184,2024-02-05,2,9,16,8100,4
9801,2024-07-21,4,6,16,3600,4
397,2023-02-08,28,11,17,3300,5
454,2023-02-14,2,11,17,9900,5
1214,2023-04-22,22,11,17,4400,4
3024,2023-09-14,24,5,17,2500,4
5976,2023-12-24,14,14,17,4480,5
6067,2023-12-26,14,20,17,6400,4
6157,2023-12-30,14,10,17,3200,4
6714,2024-01-18,4,14,17,8400,4
1494,2023-05-16,17,10,17,6000,4
2374,2023-08-09,24,7,17,3500,4
6745,2024-01-20,1,12,17,4200,4
7412,2024-02-12,2,9,17,8100,4
8698,2024-03-26,1,12,17,4200,4
23,2023-01-03,9,16,17,11200,4
373,2023-02-06,9,10,17,7000,5
788,2023-03-13,12,11,17,3300,5
2866,2023-09-09,22,17,17,6800,5
6387,2024-01-07,14,14,17,4480,5
3388,2023-09-26,21,8,17,5200,4
5364,2023-12-02,8,15,17,11250,4
6284,2024-01-03,14,9,17,2880,4
6602,2024-01-14,3,15,17,3750,4
6774,2024-01-20,4,17,17,10200,4
6842,2024-01-23,2,7,17,6300,5
10342,2024-09-26,2,17,17,15300,4
2177,2023-07-21,15,5,17,1750,5
4264,2023-10-27,2,13,17,11700,5
5015,2023-11-21,4,19,17,11400,5
8492,2024-03-19,1,5,17,1750,5
92,2023-01-11,12,15,18,4500,5
196,2023-01-22,1,15,18,5250,4
382,2023-02-06,26,12,18,10800,4
782,2023-03-12,14,11,18,3520,4
1614,2023-05-27,21,17,18,11050,5
1929,2023-06-29,2,10,18,9000,4
1953,2023-07-01,13,5,18,2250,5
2765,2023-09-06,24,18,18,9000,5
3442,2023-09-28,21,8,18,5200,5
5114,2023-11-25,3,8,18,2000,5
5196,2023-11-28,1,11,18,3850,5
6922,2024-01-26,2,5,18,4500,4
8048,2024-03-03,4,11,18,6600,5
8280,2024-03-11,3,15,18,3750,5
8382,2024-03-15,2,12,18,10800,4
9920,2024-08-05,4,19,18,11400,4
1718,2023-06-05,22,19,18,7600,5
1902,2023-06-25,11,19,18,10450,4
2483,2023-08-19,24,12,18,6000,5
2559,2023-08-27,24,7,18,3500,5
3405,2023-09-26,24,20,18,10000,5
3536,2023-10-01,21,6,18,3900,5
3973,2023-10-15,8,16,18,12000,5
8535,2024-03-20,2,10,18,9000,4
8766,2024-03-28,3,20,18,5000,5
647,2023-03-02,8,13,18,9750,5
1188,2023-04-20,13,15,18,6750,4
1741,2023-06-07,3,19,18,4750,5
3588,2023-10-02,7,11,18,16500,5
3702,2023-10-06,3,6,18,1500,4
3807,2023-10-09,9,13,18,9100,5
6057,2023-12-26,14,15,18,4800,5
9371,2024-05-25,4,15,18,9000,5
3015,2023-09-14,22,14,18,5600,4
7313,2024-02-09,4,9,18,5400,4
9222,2024-05-09,3,5,18,1250,5
1437,2023-05-10,15,7,18,2450,5
7311,2024-02-09,4,19,18,11400,5
7634,2024-02-20,1,19,18,6650,4
8164,2024-03-07,2,17,18,15300,4
8506,2024-03-19,1,13,18,4550,5
4706,2023-11-10,11,18,18,9900,5
26,2023-01-03,16,16,19,8000,5
206,2023-01-23,6,16,19,19200,4
1499,2023-05-16,25,17,19,10200,5
2601,2023-08-31,24,6,19,3000,5
6388,2024-01-07,14,8,19,2560,4
6710,2024-01-18,3,17,19,4250,4
10267,2024-09-18,3,8,19,2000,4
515,2023-02-20,1,15,19,5250,4
749,2023-03-10,8,14,19,10500,5
1434,2023-05-10,13,15,19,6750,5
3122,2023-09-18,21,9,19,5850,4
4594,2023-11-07,2,5,19,4500,4
5174,2023-11-27,5,10,19,4500,5
5578,2023-12-10,1,17,19,5950,4
8556,2024-03-21,2,18,19,16200,5
9592,2024-06-23,2,7,19,6300,4
2410,2023-08-12,24,15,19,7500,4
3225,2023-09-21,21,11,19,7150,4
6146,2023-12-29,14,12,19,3840,5
741,2023-03-09,11,9,19,4950,5
5477,2023-12-07,3,10,19,2500,5
6789,2024-01-21,2,14,19,12600,4
2036,2023-07-08,21,18,19,11700,4
4393,2023-11-01,3,16,19,4000,4
1407,2023-05-08,23,20,19,5000,4
8211,2024-03-09,1,7,19,2450,4
8315,2024-03-12,4,12,19,7200,5
8767,2024-03-28,3,13,19,3250,4
692,2023-03-05,6,13,20,15600,5
1608,2023-05-26,28,15,20,4500,5
2347,2023-08-06,24,13,20,6500,4
3705,2023-10-06,4,6,20,3600,5
4357,2023-10-30,1,5,20,1750,4
5701,2023-12-14,11,14,20,7700,4
7106,2024-02-02,2,8,20,7200,4
8972,2024-04-14,3,7,20,1750,4
9756,2024-07-15,2,9,20,8100,5
1127,2023-04-13,27,20,20,4000,5
7896,2024-02-29,3,17,20,4250,4
419,2023-02-10,7,6,20,9000,5
2613,2023-09-01,24,19,20,9500,5
3370,2023-09-25,23,17,20,4250,4
4108,2023-10-21,2,12,20,10800,4
5010,2023-11-20,11,5,20,2750,4
6449,2024-01-09,14,14,20,4480,4
7316,2024-02-09,4,17,20,10200,4
7346,2024-02-10,3,18,20,4500,5
2663,2023-09-02,24,20,20,10000,5
5001,2023-11-20,8,5,20,3750,4
6703,2024-01-18,2,12,20,10800,5
6924,2024-01-26,2,8,20,7200,4
8997,2024-04-16,4,7,20,4200,4
1186,2023-04-20,8,9,20,6750,5
2583,2023-08-29,24,17,20,8500,5
6328,2024-01-05,14,8,20,2560,5
7497,2024-02-15,3,17,20,4250,4
1695,2023-06-04,4,11,21,6600,5
1807,2023-06-14,7,17,21,25500,5
3649,2023-10-04,6,13,21,15600,5
3737,2023-10-07,3,16,21,4000,4
4392,2023-11-01,3,20,21,5000,4
4957,2023-11-19,3,7,21,1750,5
8857,2024-03-31,3,5,21,1250,5
230,2023-01-24,17,6,21,3600,5
1851,2023-06-18,26,18,21,16200,4
4040,2023-10-18,5,20,21,9000,4
5124,2023-11-25,7,5,21,7500,5
6558,2024-01-13,1,16,21,5600,5
7668,2024-02-21,3,13,21,3250,4
7710,2024-02-23,1,15,21,5250,5
8275,2024-03-11,3,15,21,3750,5
8428,2024-03-16,4,10,21,6000,5
9576,2024-06-22,2,19,21,17100,5
9865,2024-07-31,2,13,21,11700,4
392,2023-02-08,16,12,21,6000,4
1574,2023-05-23,19,12,21,3600,4
1873,2023-06-21,24,16,21,8000,4
2129,2023-07-17,22,5,21,2000,5
2859,2023-09-09,22,6,21,2400,4
3552,2023-10-01,23,11,21,2750,5
4557,2023-11-05,9,11,21,7700,5
4760,2023-11-12,9,17,21,11900,4
4771,2023-11-13,3,13,21,3250,4
5130,2023-11-25,10,10,21,18000,4
1105,2023-04-11,9,17,21,11900,4
6557,2024-01-13,1,20,21,7000,4
4353,2023-10-29,11,9,21,4950,4
7224,2024-02-06,4,18,21,10800,4
810,2023-03-15,5,13,21,5850,5
5424,2023-12-04,9,12,21,8400,5
549,2023-02-22,18,12,22,5400,4
702,2023-03-05,21,11,22,7150,5
907,2023-03-25,5,12,22,5400,5
2740,2023-09-05,24,16,22,8000,4
2841,2023-09-08,23,15,22,3750,5
3139,2023-09-18,23,14,22,3500,4
4118,2023-10-21,9,10,22,7000,5
4150,2023-10-22,10,7,22,12600,4
6217,2024-01-01,14,14,22,4480,5
6824,2024-01-22,3,9,22,2250,5
7277,2024-02-08,3,16,22,4000,4
9679,2024-07-04,4,15,22,9000,4
10209,2024-09-11,4,5,22,3000,5
1474,2023-05-14,18,18,22,8100,5
1978,2023-07-03,1,9,22,3150,4
2699,2023-09-04,24,7,22,3500,4
4641,2023-11-08,11,19,22,10450,4
5187,2023-11-27,9,20,22,14000,5
5720,2023-12-15,11,9,22,4950,4
6099,2023-12-28,14,5,22,1600,5
6494,2024-01-10,14,16,22,5120,5
7422,2024-02-12,3,5,22,1250,4
7975,2024-03-02,1,14,22,4900,4
8089,2024-03-05,1,13,22,4550,4
8179,2024-03-08,1,8,22,2800,5
260,2023-01-27,2,14,22,12600,5
1365,2023-05-04,19,5,22,1500,5
1430,2023-05-10,10,9,22,16200,5
1981,2023-07-03,5,13,22,5850,4
2981,2023-09-13,21,14,22,9100,4
3762,2023-10-08,2,14,22,12600,4
4241,2023-10-26,2,15,22,13500,5
635,2023-03-01,19,18,22,5400,4
1027,2023-04-04,27,6,22,1200,4
6322,2024-01-04,14,16,22,5120,4
7189,2024-02-05,3,12,22,3000,5
8908,2024-04-05,2,11,22,9900,4
1640,2023-05-30,21,17,22,11050,4
3783,2023-10-09,2,9,22,8100,5
3788,2023-10-09,3,20,22,5000,4
4505,2023-11-04,5,17,22,7650,5
5112,2023-11-25,2,13,22,11700,5
700,2023-03-05,18,19,22,8550,5
3175,2023-09-19,22,7,22,2800,4
4238,2023-10-26,1,20,22,7000,4
219,2023-01-24,5,19,23,8550,5
262,2023-01-27,6,9,23,10800,5
1636,2023-05-30,7,13,23,19500,5
1925,2023-06-28,24,17,23,8500,5
2259,2023-07-28,16,10,23,5000,4
2291,2023-07-31,13,16,23,7200,4
2606,2023-08-31,24,10,23,5000,5
4858,2023-11-15,9,16,23,11200,5
9974,2024-08-11,2,9,23,8100,5
10234,2024-09-13,4,15,23,9000,4
2072,2023-07-12,7,18,23,27000,5
2192,2023-07-22,20,15,23,12000,4
3995,2023-10-16,8,17,23,12750,4
5953,2023-12-23,14,9,23,2880,4
6229,2024-01-01,14,16,23,5120,5
6399,2024-01-07,14,15,23,4800,4
7452,2024-02-13,3,9,23,2250,4
7712,2024-02-23,2,7,23,6300,4
7859,2024-02-28,1,20,23,7000,4
7954,2024-03-01,4,18,23,10800,5
8612,2024-03-23,1,17,23,5950,5
9670,2024-07-03,2,6,23,5400,5
1012,2023-04-03,4,17,23,10200,4
1156,2023-04-16,22,12,23,4800,4
1620,2023-05-28,12,13,23,3900,5
2591,2023-08-30,24,9,23,4500,4
3763,2023-10-08,2,8,23,7200,5
3970,2023-10-15,7,9,23,13500,4
1796,2023-06-12,10,13,23,23400,5
4489,2023-11-03,10,12,23,21600,4
4716,2023-11-11,5,9,23,4050,4
4940,2023-11-18,9,13,23,9100,5
2721,2023-09-04,24,15,23,7500,5
9157,2024-05-03,3,12,23,3000,4
152,2023-01-17,24,8,23,4000,4
5319,2023-12-01,8,17,23,12750,5
6991,2024-01-29,1,13,23,4550,4
9838,2024-07-26,4,20,23,12000,5
369,2023-02-05,18,8,24,3600,4
408,2023-02-09,21,20,24,13000,5
2423,2023-08-14,24,12,24,6000,5
2510,2023-08-22,24,5,24,2500,4
3462,2023-09-28,24,7,24,3500,5
3660,2023-10-04,10,10,24,18000,5
4541,2023-11-05,4,5,24,3000,5
5436,2023-12-05,2,20,24,18000,5
5708,2023-12-15,5,12,24,5400,4
6468,2024-01-09,14,8,24,2560,4
6506,2024-01-11,2,9,24,8100,4
7478,2024-02-14,2,10,24,9000,5
7762,2024-02-25,1,10,24,3500,4
1058,2023-04-07,27,7,24,1400,5
2320,2023-08-03,24,19,24,9500,5
2459,2023-08-17,24,9,24,4500,4
2617,2023-09-01,24,10,24,5000,5
3053,2023-09-15,24,17,24,8500,5
4341,2023-10-29,6,19,24,22800,4
4343,2023-10-29,7,12,24,18000,5
4606,2023-11-07,9,15,24,10500,4
5158,2023-11-26,10,20,24,36000,4
5811,2023-12-18,11,7,24,3850,5
5931,2023-12-22,14,5,24,1600,4
7212,2024-02-06,3,17,24,4250,5
7590,2024-02-18,4,8,24,4800,5
7883,2024-02-29,1,11,24,3850,5
8413,2024-03-16,2,19,24,17100,4
1004,2023-04-02,21,12,24,7800,5
3368,2023-09-25,23,10,24,2500,4
4033,2023-10-18,3,7,24,1750,4
4472,2023-11-03,5,8,24,3600,5
8794,2024-03-29,2,9,24,8100,4
10347,2024-09-27,3,5,24,1250,5
4677,2023-11-10,2,17,24,15300,4
6180,2023-12-31,14,19,24,6080,4
6378,2024-01-06,14,8,24,2560,4
6517,2024-01-11,14,13,24,4160,4
6076,2023-12-27,14,17,24,5440,5
7834,2024-02-27,3,16,24,4000,5
9111,2024-04-30,2,10,24,9000,5
2742,2023-09-05,24,8,25,4000,4
2850,2023-09-09,21,19,25,12350,5
3233,2023-09-21,21,8,25,5200,4
4697,2023-11-10,9,20,25,14000,5
5830,2023-12-19,9,5,25,3500,4
707,2023-03-06,10,19,25,34200,4
1687,2023-06-03,11,7,25,3850,4
1937,2023-06-29,23,15,25,3750,4
2416,2023-08-13,24,19,25,9500,5
2585,2023-08-29,24,19,25,9500,4
3610,2023-10-03,1,19,25,6650,4
3839,2023-10-10,11,11,25,6050,5
4917,2023-11-18,3,9,25,2250,5
5411,2023-12-04,4,17,25,10200,4
6917,2024-01-26,1,18,25,6300,4
8841,2024-03-31,1,20,25,7000,4
9591,2024-06-23,2,13,25,11700,5
10297,2024-09-21,2,9,25,8100,4
2822,2023-09-08,21,8,25,5200,4
3611,2023-10-03,1,10,25,3500,5
3975,2023-10-15,9,6,25,4200,4
4885,2023-11-16,11,9,25,4950,5
5989,2023-12-24,14,6,25,1920,4
7123,2024-02-03,1,20,25,7000,5
1395,2023-05-07,23,8,25,2000,4
6648,2024-01-16,3,19,25,4750,5
7866,2024-02-28,2,16,25,14400,4
8524,2024-03-19,3,13,25,3250,4
9314,2024-05-19,1,14,25,4900,4
473,2023-02-15,18,15,25,6750,5
7741,2024-02-24,2,13,25,11700,5
9584,2024-06-23,1,18,25,6300,5
10017,2024-08-16,3,12,25,3000,5
6799,2024-01-21,3,12,25,3000,4
8356,2024-03-14,2,6,25,5400,5
266,2023-01-27,17,5,26,3000,4
1200,2023-04-21,17,16,26,9600,5
2255,2023-07-28,8,11,26,8250,5
2685,2023-09-03,24,8,26,4000,5
3145,2023-09-18,23,12,26,3000,4
3421,2023-09-27,22,6,26,2400,5
4445,2023-11-02,6,13,26,15600,4
5314,2023-12-01,7,13,26,19500,4
7258,2024-02-08,1,12,26,4200,5
7265,2024-02-08,1,16,26,5600,5
8966,2024-04-13,3,18,26,4500,5
9527,2024-06-15,4,11,26,6600,4
10034,2024-08-19,4,12,26,7200,4
1712,2023-06-05,9,12,26,8400,4
1994,2023-07-04,20,16,26,12800,5
2295,2023-08-01,1,8,26,2800,4
3455,2023-09-28,23,17,26,4250,5
3579,2023-10-02,2,14,26,12600,4
3796,2023-10-09,7,8,26,12000,4
6269,2024-01-03,14,19,26,6080,5
8836,2024-03-31,1,15,26,5250,4
9329,2024-05-21,1,16,26,5600,5
9560,2024-06-20,2,16,26,14400,5
10054,2024-08-22,1,9,26,3150,4
10150,2024-09-03,4,10,26,6000,5
10329,2024-09-25,2,15,26,13500,5
1436,2023-05-10,14,16,26,5120,4
1587,2023-05-24,21,5,26,3250,5
2262,2023-07-28,28,11,26,3300,4
3396,2023-09-26,23,7,26,1750,4
4560,2023-11-05,10,8,26,14400,5
4617,2023-11-08,1,17,26,5950,5
7815,2024-02-26,4,11,26,6600,4
8823,2024-03-30,3,9,26,2250,4
9473,2024-06-07,4,8,26,4800,4
3105,2023-09-17,23,5,26,1250,5
5736,2023-12-16,5,11,26,4950,4
6911,2024-01-26,1,6,26,2100,4
9100,2024-04-28,3,5,26,1250,5
1883,2023-06-22,24,16,26,8000,5
5419,2023-12-04,8,18,26,13500,4
6084,2023-12-27,14,19,26,6080,4
1459,2023-05-13,9,10,27,7000,5
1870,2023-06-21,21,9,27,5850,4
2299,2023-08-01,11,20,27,11000,4
3340,2023-09-24,23,18,27,4500,4
3482,2023-09-29,22,7,27,2800,4
5337,2023-12-01,11,14,27,7700,5
5849,2023-12-19,14,18,27,5760,5
7907,2024-02-29,4,5,27,3000,5
9216,2024-05-09,2,16,27,14400,5
9643,2024-06-30,3,11,27,2750,4
31,2023-01-03,28,8,27,2400,5
289,2023-01-30,2,12,27,10800,5
1170,2023-04-18,21,13,27,8450,4
1559,2023-05-22,20,19,27,15200,5
1966,2023-07-02,3,15,27,3750,4
2230,2023-07-25,22,14,27,5600,5
2549,2023-08-26,24,15,27,7500,4
2868,2023-09-09,22,7,27,2800,4
2937,2023-09-11,21,5,27,3250,4
3692,2023-10-05,11,7,27,3850,5
4034,2023-10-18,3,13,27,3250,5
5166,2023-11-27,3,17,27,4250,5
5496,2023-12-07,8,19,27,14250,5
5663,2023-12-13,7,13,27,19500,4
6053,2023-12-26,14,11,27,3520,4
6130,2023-12-29,14,17,27,5440,4
7567,2024-02-17,4,5,27,3000,5
7860,2024-02-28,1,20,27,7000,4
8706,2024-03-26,2,19,27,17100,5
8893,2024-04-04,2,11,27,9900,4
8957,2024-04-12,4,9,27,5400,4
9825,2024-07-25,1,8,27,2800,4
1702,2023-06-04,13,9,27,4050,5
2269,2023-07-29,14,15,27,4800,5
2545,2023-08-26,24,18,27,9000,5
8059,2024-03-04,1,10,27,3500,4
305,2023-01-30,25,8,27,4800,4
2240,2023-07-26,16,11,27,5500,4
5596,2023-12-10,8,13,27,9750,4
1922,2023-06-28,18,5,27,2250,4
5389,2023-12-03,4,13,27,7800,5
2762,2023-09-06,24,11,27,5500,4
7179,2024-02-05,1,11,27,3850,4
708,2023-03-06,19,9,28,2700,5
1877,2023-06-22,17,9,28,5400,5
2053,2023-07-10,15,16,28,5600,4
2562,2023-08-27,24,18,28,9000,4
2571,2023-08-28,24,5,28,2500,4
2947,2023-09-11,23,17,28,4250,5
4752,2023-11-12,7,12,28,18000,4
5909,2023-12-21,14,7,28,2240,4
7572,2024-02-18,1,19,28,6650,4
7830,2024-02-27,2,6,28,5400,4
8592,2024-03-22,2,7,28,6300,4
9026,2024-04-19,4,18,28,10800,5
9728,2024-07-11,1,7,28,2450,5
10217,2024-09-12,3,20,28,5000,5
10282,2024-09-20,1,10,28,3500,5
712,2023-03-07,1,6,28,2100,5
1404,2023-05-08,19,11,28,3300,4
1555,2023-05-22,1,18,28,6300,5
3984,2023-10-16,2,5,28,4500,4
5279,2023-12-01,1,17,28,5950,5
5479,2023-12-07,3,7,28,1750,5
7009,2024-01-29,2,14,28,12600,4
7181,2024-02-05,1,11,28,3850,5
7553,2024-02-17,2,9,28,8100,4
7582,2024-02-18,2,17,28,15300,5
7673,2024-02-21,4,11,28,6600,4
9422,2024-05-31,1,11,28,3850,5
9690,2024-07-05,2,16,28,14400,4
982,2023-04-01,7,9,28,13500,4
1992,2023-07-04,18,10,28,4500,5
4043,2023-10-18,7,11,28,16500,5
224,2023-01-24,9,6,28,4200,5
1509,2023-05-17,20,19,28,15200,4
2544,2023-08-26,24,13,28,6500,4
5890,2023-12-21,14,17,28,5440,5
268,2023-01-27,20,9,28,7200,5
888,2023-03-23,9,17,28,11900,4
8057,2024-03-04,1,5,28,1750,4
466,2023-02-15,5,15,28,6750,5
4725,2023-11-11,9,15,28,10500,4
2353,2023-08-07,24,16,29,8000,5
3101,2023-09-17,23,14,29,3500,4
4793,2023-11-13,9,6,29,4200,4
6414,2024-01-08,14,17,29,5440,5
7207,2024-02-06,1,13,29,4550,5
7799,2024-02-26,2,14,29,12600,5
8585,2024-03-22,2,11,29,9900,4
10124,2024-08-31,4,13,29,7800,4
10340,2024-09-26,2,14,29,12600,5
1348,2023-05-03,20,11,29,8800,4
1785,2023-06-11,10,17,29,30600,5
2274,2023-07-30,1,14,29,4900,5
2387,2023-08-10,24,18,29,9000,5
3300,2023-09-23,21,15,29,9750,4
3936,2023-10-14,4,15,29,9000,5
5221,2023-11-29,3,16,29,4000,5
6013,2023-12-25,14,17,29,5440,5
6018,2023-12-25,14,18,29,5760,5
9905,2024-08-04,4,9,29,5400,5
10052,2024-08-22,1,10,29,3500,4
57,2023-01-06,25,19,29,11400,5
2082,2023-07-13,4,17,29,10200,4
2324,2023-08-03,24,19,29,9500,4
2643,2023-09-02,24,19,29,9500,5
3155,2023-09-18,24,15,29,7500,5
3329,2023-09-24,21,15,29,9750,4
4134,2023-10-22,3,16,29,4000,4
9384,2024-05-26,4,15,29,9000,5
10300,2024-09-21,4,13,29,7800,4
4820,2023-11-14,8,15,29,11250,4
9071,2024-04-24,4,18,29,10800,4
6668,2024-01-17,1,9,29,3150,4
6860,2024-01-24,1,8,29,2800,4
7012,2024-01-29,3,8,29,2000,5
7211,2024-02-06,3,18,29,4500,4
276,2023-01-28,21,18,30,11700,5
993,2023-04-02,6,15,30,18000,5
1709,2023-06-04,24,17,30,8500,4
4090,2023-10-20,4,7,30,4200,5
4568,2023-11-06,2,20,30,18000,5
4787,2023-11-13,8,7,30,5250,5
5222,2023-11-29,3,12,30,3000,5
5398,2023-12-03,7,20,30,30000,5
6886,2024-01-25,1,19,30,6650,4
9298,2024-05-16,4,6,30,3600,5
9746,2024-07-13,3,7,30,1750,4
10254,2024-09-16,4,13,30,7800,4
1370,2023-05-05,14,10,30,3200,4
2942,2023-09-11,22,16,30,6400,5
4331,2023-10-29,1,19,30,6650,5
4449,2023-11-02,8,16,30,12000,5
5650,2023-12-12,9,10,30,7000,5
609,2023-02-27,12,9,30,2700,4
1366,2023-05-04,20,11,30,8800,4
1892,2023-06-23,27,13,30,2600,4
3483,2023-09-29,22,16,30,6400,4
4179,2023-10-23,7,15,30,22500,4
65,2023-01-08,13,17,30,7650,5
1675,2023-06-02,15,18,30,6300,4
8384,2024-03-15,2,11,30,9900,4
1616,2023-05-27,26,17,30,15300,5
2376,2023-08-09,24,18,30,9000,5
4927,2023-11-18,6,14,30,16800,5
5093,2023-11-24,2,7,30,6300,5
6834,2024-01-23,1,18,30,6300,4
205,2023-01-23,2,20,30,18000,5
2226,2023-07-25,13,6,30,2700,5
4123,2023-10-21,11,19,30,10450,4
8981,2024-04-15,2,20,30,18000,5
440,2023-02-12,17,14,31,8400,4
2217,2023-07-24,21,7,31,4550,4
5498,2023-12-07,9,10,31,7000,4
6020,2023-12-25,14,9,31,2880,5
6947,2024-01-27,1,12,31,4200,5
7267,2024-02-08,2,19,31,17100,5
8028,2024-03-03,1,9,31,3150,4
9309,2024-05-18,2,7,31,6300,4
9923,2024-08-06,1,9,31,3150,5
9986,2024-08-12,3,5,31,1250,4
10128,2024-09-01,2,19,31,17100,5
10201,2024-09-10,2,15,31,13500,4
10305,2024-09-22,2,20,31,18000,5
10327,2024-09-25,2,13,31,11700,4
348,2023-02-03,4,13,31,7800,5
1506,2023-05-17,11,10,31,5500,4
1934,2023-06-29,13,8,31,3600,4
2069,2023-07-12,1,16,31,5600,4
2710,2023-09-04,24,11,31,5500,4
3632,2023-10-03,11,17,31,9350,4
3637,2023-10-04,1,19,31,6650,5
4105,2023-10-21,2,15,31,13500,5
5070,2023-11-23,4,14,31,8400,5
7541,2024-02-17,1,20,31,7000,5
8299,2024-03-12,1,17,31,5950,5
10047,2024-08-21,1,20,31,7000,5
353,2023-02-03,9,20,31,14000,5
776,2023-03-12,5,17,31,7650,5
1334,2023-05-02,3,14,31,3500,4
1472,2023-05-14,12,17,31,5100,5
1488,2023-05-15,22,13,31,5200,4
1554,2023-05-22,1,16,31,5600,4
1852,2023-06-18,28,13,31,3900,5
2211,2023-07-24,1,19,31,6650,5
2436,2023-08-15,24,19,31,9500,4
3172,2023-09-19,22,17,31,6800,5
3398,2023-09-26,23,14,31,3500,5
3732,2023-10-07,2,16,31,14400,5
4044,2023-10-18,7,14,31,21000,4
4314,2023-10-28,6,18,31,21600,4
4580,2023-11-06,7,6,31,9000,5
281,2023-01-29,14,8,31,2560,5
2204,2023-07-23,14,6,31,1920,4
2346,2023-08-06,24,6,31,3000,4
2422,2023-08-13,24,20,31,10000,5
4464,2023-11-02,11,7,31,3850,4
5881,2023-12-21,14,6,31,1920,4
5381,2023-12-03,2,11,31,9900,5
3144,2023-09-18,23,7,31,1750,5
5960,2023-12-23,14,7,31,2240,4
9736,2024-07-12,4,17,31,10200,4
9831,2024-07-25,3,16,31,4000,5
1477,2023-05-14,19,12,32,3600,5
3295,2023-09-23,21,18,32,11700,5
4012,2023-10-17,5,13,32,5850,5
4039,2023-10-18,5,12,32,5400,5
5033,2023-11-21,11,14,32,7700,4
6622,2024-01-15,3,19,32,4750,5
7770,2024-02-25,2,18,32,16200,5
9497,2024-06-11,4,12,32,7200,4
9568,2024-06-21,2,13,32,11700,5
291,2023-01-30,5,14,32,6300,5
1550,2023-05-21,21,14,32,9100,5
1710,2023-06-04,27,17,32,3400,4
1730,2023-06-06,15,15,32,5250,5
1839,2023-06-17,2,11,32,9900,5
2118,2023-07-16,23,6,32,1500,4
2294,2023-07-31,28,13,32,3900,5
2463,2023-08-17,24,6,32,3000,4
4325,2023-10-28,10,15,32,27000,5
5325,2023-12-01,9,17,32,11900,5
6444,2024-01-08,14,8,32,2560,5
8227,2024-03-09,2,17,32,15300,5
9544,2024-06-17,4,9,32,5400,4
10008,2024-08-14,4,19,32,11400,4
1467,2023-05-13,25,16,32,9600,4
2658,2023-09-02,24,8,32,4000,5
2792,2023-09-07,22,5,32,2000,4
4283,2023-10-27,7,6,32,9000,4
4592,2023-11-07,1,11,32,3850,5
4708,2023-11-11,1,17,32,5950,4
6268,2024-01-03,14,9,32,2880,5
7455,2024-02-13,4,11,32,6600,5
8795,2024-03-29,3,8,32,2000,5
9375,2024-05-26,1,12,32,4200,5
99,2023-01-12,6,8,32,9600,4
4290,2023-10-27,8,12,32,9000,5
5333,2023-12-01,10,5,32,9000,4
8776,2024-03-28,4,14,32,8400,5
1848,2023-06-18,8,20,32,15000,4
4155,2023-10-22,11,10,32,5500,5
8102,2024-03-05,2,7,32,6300,4
3257,2023-09-22,21,16,32,10400,4
5088,2023-11-23,10,13,32,23400,5
6072,2023-12-27,14,11,32,3520,4
7227,2024-02-06,4,20,32,12000,4
7704,2024-02-23,1,19,32,6650,5
9809,2024-07-23,2,8,32,7200,5
74,2023-01-09,21,16,33,10400,4
1540,2023-05-20,23,11,33,2750,4
1926,2023-06-28,25,19,33,11400,5
2193,2023-07-22,20,17,33,13600,5
3116,2023-09-17,24,11,33,5500,5
3401,2023-09-26,23,6,33,1500,4
3523,2023-09-30,23,8,33,2000,4
3998,2023-10-16,9,13,33,9100,4
4139,2023-10-22,7,15,33,22500,4
4531,2023-11-05,2,14,33,12600,5
5714,2023-12-15,8,5,33,3750,4
7700,2024-02-22,3,15,33,3750,4
7862,2024-02-28,1,6,33,2100,5
8452,2024-03-17,3,19,33,4750,5
9857,2024-07-30,1,18,33,6300,4
190,2023-01-21,19,7,33,2100,5
2772,2023-09-06,24,14,33,7000,5
3132,2023-09-18,22,19,33,7600,4
4225,2023-10-25,3,20,33,5000,4
4678,2023-11-10,2,8,33,7200,4
4869,2023-11-16,3,19,33,4750,4
4884,2023-11-16,9,10,33,7000,4
6168,2023-12-30,14,19,33,6080,4
6532,2024-01-12,2,12,33,10800,4
7353,2024-02-10,4,14,33,8400,5
7636,2024-02-20,2,5,33,4500,5
8410,2024-03-16,2,5,33,4500,5
9494,2024-06-10,4,12,33,7200,5
9620,2024-06-27,2,18,33,16200,5
10360,2024-09-29,1,13,33,4550,4
698,2023-03-05,13,8,33,3600,5
3010,2023-09-14,22,13,33,5200,4
10193,2024-09-09,1,11,33,3850,4
6550,2024-01-12,4,20,33,12000,4
7373,2024-02-11,3,13,33,3250,4
8404,2024-03-16,1,20,33,7000,4
1390,2023-05-07,6,9,33,10800,4
6360,2024-01-06,14,14,33,4480,4
7275,2024-02-08,2,5,33,4500,4
1579,2023-05-24,5,9,33,4050,5
464,2023-02-15,1,19,34,6650,4
2189,2023-07-22,16,13,34,6500,5
2440,2023-08-15,24,12,34,6000,5
2670,2023-09-03,24,16,34,8000,4
5623,2023-12-11,8,16,34,12000,5
6075,2023-12-27,14,10,34,3200,5
7050,2024-01-31,1,9,34,3150,5
7468,2024-02-14,1,18,34,6300,4
7760,2024-02-25,1,9,34,3150,5
9291,2024-05-16,2,12,34,10800,4
9469,2024-06-07,1,11,34,3850,5
892,2023-03-23,19,13,34,3900,4
1118,2023-04-13,6,11,34,13200,4
1388,2023-05-07,1,16,34,5600,4
5353,2023-12-02,4,17,34,10200,4
5850,2023-12-19,14,7,34,2240,5
7059,2024-01-31,2,14,34,12600,5
7694,2024-02-22,2,8,34,7200,5
9061,2024-04-24,1,19,34,6650,4
10299,2024-09-21,3,5,34,1250,5
40,2023-01-05,9,12,34,8400,5
43,2023-01-05,13,12,34,5400,5
551,2023-02-22,22,5,34,2000,5
2399,2023-08-11,24,9,34,4500,5
2892,2023-09-10,21,9,34,5850,5
3825,2023-10-10,7,7,34,10500,5
4142,2023-10-22,8,20,34,15000,5
4707,2023-11-10,11,20,34,11000,4
8326,2024-03-13,2,16,34,14400,4
7109,2024-02-02,2,18,34,16200,5
4616,2023-11-08,1,6,34,2100,5
5851,2023-12-20,14,12,34,3840,5
9705,2024-07-08,3,9,34,2250,5
453,2023-02-14,1,15,35,5250,5
642,2023-03-02,3,8,35,2000,5
868,2023-03-21,6,5,35,6000,4
1783,2023-06-11,5,8,35,3600,5
1995,2023-07-04,21,20,35,13000,4
2015,2023-07-06,22,6,35,2400,5
2218,2023-07-24,22,15,35,6000,4
4038,2023-10-18,5,17,35,7650,4
4113,2023-10-21,5,7,35,3150,5
5755,2023-12-17,2,18,35,16200,4
6027,2023-12-25,14,11,35,3520,4
7364,2024-02-11,2,15,35,13500,5
8108,2024-03-05,3,15,35,3750,4
9098,2024-04-28,1,15,35,5250,4
425,2023-02-11,5,16,35,7200,4
2063,2023-07-11,13,6,35,2700,4
2523,2023-08-23,24,12,35,6000,5
6177,2023-12-31,14,13,35,4160,4
8391,2024-03-15,3,15,35,3750,4
8412,2024-03-16,2,12,35,10800,4
9731,2024-07-12,1,5,35,1750,4
1697,2023-06-04,6,18,35,21600,4
3466,2023-09-28,24,8,35,4000,5
3743,2023-10-07,5,18,35,8100,5
4795,2023-11-13,9,13,35,9100,5
6421,2024-01-08,14,12,35,3840,4
8017,2024-03-02,4,10,35,6000,5
9888,2024-08-03,3,12,35,3000,4
1021,2023-04-04,5,16,35,7200,5
3151,2023-09-18,24,9,35,4500,5
3305,2023-09-23,22,13,35,5200,5
3978,2023-10-15,9,10,35,7000,4
9206,2024-05-08,2,11,35,9900,4
674,2023-03-03,28,19,35,5700,4
1519,2023-05-18,12,14,35,4200,5
3617,2023-10-03,6,19,35,22800,5
5040,2023-11-22,3,17,35,4250,5
1445,2023-05-11,28,15,36,4500,4
4966,2023-11-19,6,6,36,7200,5
5816,2023-12-18,11,11,36,6050,4
6948,2024-01-27,1,17,36,5950,5
7644,2024-02-20,3,13,36,3250,4
8541,2024-03-20,3,20,36,5000,4
9926,2024-08-06,2,15,36,13500,4
1212,2023-04-22,20,7,36,5600,4
1680,2023-06-02,22,15,36,6000,5
1726,2023-06-06,12,8,36,2400,4
2336,2023-08-04,24,17,36,8500,4
2500,2023-08-21,24,20,36,10000,4
4267,2023-10-27,3,11,36,2750,4
4428,2023-11-02,2,12,36,10800,4
4758,2023-11-12,9,18,36,12600,5
5346,2023-12-02,3,11,36,2750,4
7877,2024-02-28,4,7,36,4200,4
10072,2024-08-23,2,7,36,6300,4
341,2023-02-02,7,8,36,12000,5
2395,2023-08-11,24,14,36,7000,4
3952,2023-10-14,10,5,36,9000,4
4443,2023-11-02,6,14,36,16800,5
4539,2023-11-05,4,7,36,4200,5
4880,2023-11-16,7,7,36,10500,4
10157,2024-09-04,3,12,36,3000,5
431,2023-02-11,20,6,36,4800,5
2873,2023-09-09,23,9,36,2250,5
6233,2024-01-01,14,6,36,1920,5
9594,2024-06-23,3,16,36,4000,5
9901,2024-08-04,3,6,36,1500,5
8372,2024-03-14,4,14,36,8400,4
366,2023-02-05,13,16,37,7200,4
1287,2023-04-28,13,8,37,3600,5
1858,2023-06-19,23,17,37,4250,5
3520,2023-09-30,23,18,37,4500,4
4320,2023-10-28,8,7,37,5250,4
5373,2023-12-02,10,6,37,10800,4
7157,2024-02-04,2,10,37,9000,4
7381,2024-02-11,3,12,37,3000,4
8096,2024-03-05,2,20,37,18000,4
9011,2024-04-18,3,8,37,2000,4
287,2023-01-29,26,16,37,14400,4
1517,2023-05-18,10,16,37,28800,4
3986,2023-10-16,3,14,37,3500,5
6698,2024-01-18,1,9,37,3150,5
7789,2024-02-25,4,5,37,3000,4
8537,2024-03-20,2,9,37,8100,5
8902,2024-04-05,1,15,37,5250,4
1511,2023-05-17,23,13,37,3250,5
8942,2024-04-10,4,8,37,4800,4
4166,2023-10-23,3,6,37,1500,4
4293,2023-10-27,10,7,37,12600,5
5415,2023-12-04,6,8,37,9600,4
6063,2023-12-26,14,10,37,3200,4
2309,2023-08-02,24,19,37,9500,4
2434,2023-08-15,24,8,37,4000,4
6920,2024-01-26,2,8,37,7200,4
1353,2023-05-03,27,17,37,3400,5
3703,2023-10-06,3,8,37,2000,4
5593,2023-12-10,6,12,37,14400,5
8498,2024-03-19,1,18,37,6300,4
2938,2023-09-11,21,8,38,5200,4
4032,2023-10-18,3,6,38,1500,4
5082,2023-11-23,9,14,38,9800,5
7751,2024-02-24,4,12,38,7200,4
9308,2024-05-18,2,13,38,11700,5
10001,2024-08-14,1,6,38,2100,4
2719,2023-09-04,24,17,38,8500,4
3853,2023-10-11,7,9,38,13500,5
4730,2023-11-11,10,14,38,25200,5
6677,2024-01-17,2,16,38,14400,4
8732,2024-03-27,2,16,38,14400,5
9388,2024-05-27,1,14,38,4900,4
1376,2023-05-05,28,6,38,1800,4
1623,2023-05-28,16,10,38,5000,5
2561,2023-08-27,24,17,38,8500,4
3942,2023-10-14,6,10,38,12000,4
4886,2023-11-17,1,18,38,6300,5
7304,2024-02-09,2,7,38,6300,5
4369,2023-10-31,2,14,38,12600,4
5946,2023-12-23,14,20,38,6400,5
6413,2024-01-08,14,12,38,3840,4
3359,2023-09-25,22,14,38,5600,5
9392,2024-05-27,2,19,38,17100,5
532,2023-02-21,17,19,38,11400,5
4266,2023-10-27,3,12,38,3000,4
5119,2023-11-25,4,14,38,8400,5
248,2023-01-26,10,14,39,25200,5
1660,2023-06-01,13,12,39,5400,5
3383,2023-09-26,21,11,39,7150,5
3385,2023-09-26,21,20,39,13000,4
3648,2023-10-04,5,13,39,5850,5
4581,2023-11-06,8,15,39,11250,4
4759,2023-11-12,9,11,39,7700,5
5618,2023-12-11,5,9,39,4050,5
6964,2024-01-27,4,14,39,8400,5
7337,2024-02-10,2,11,39,9900,4
8494,2024-03-19,1,14,39,4900,5
8835,2024-03-31,1,18,39,6300,5
8977,2024-04-15,1,10,39,3500,4
9202,2024-05-08,1,10,39,3500,4
97,2023-01-11,24,6,39,3000,4
160,2023-01-18,10,5,39,9000,4
202,2023-01-22,21,18,39,11700,5
2644,2023-09-02,24,7,39,3500,4
3832,2023-10-10,8,19,39,14250,4
4574,2023-11-06,4,9,39,5400,5
4990,2023-11-20,3,20,39,5000,5
7744,2024-02-24,2,10,39,9000,4
9545,2024-06-17,4,7,39,4200,5
1300,2023-04-30,4,12,39,7200,5
2200,2023-07-23,2,20,39,18000,4
3272,2023-09-22,22,19,39,7600,4
9601,2024-06-24,4,9,39,5400,4
1570,2023-05-23,6,11,39,13200,5
4430,2023-11-02,2,20,39,18000,4
8231,2024-03-09,3,16,39,4000,4
2576,2023-08-28,24,13,39,6500,5
2877,2023-09-09,23,18,39,4500,4
4596,2023-11-07,3,10,39,2500,4
8663,2024-03-24,4,18,39,10800,4
8811,2024-03-30,1,13,39,4550,4
4246,2023-10-26,3,12,39,3000,4
4268,2023-10-27,3,12,39,3000,4
9915,2024-08-05,3,16,39,4000,4
174,2023-01-19,12,7,40,2100,4
781,2023-03-12,14,15,40,4800,5
1083,2023-04-09,15,9,40,3150,4
2912,2023-09-10,22,15,40,6000,4
4547,2023-11-05,6,11,40,13200,5
5226,2023-11-29,4,10,40,6000,4
5386,2023-12-03,3,10,40,2500,5
5997,2023-12-24,14,20,40,6400,5
7987,2024-03-02,2,15,40,13500,4
9947,2024-08-08,4,7,40,4200,4
740,2023-03-09,11,13,40,7150,4
1340,2023-05-02,25,9,40,5400,4
3407,2023-09-26,24,8,40,4000,4
5539,2023-12-08,9,5,40,3500,5
6205,2023-12-31,14,10,40,3200,4
9799,2024-07-21,2,5,40,4500,5
1191,2023-04-21,3,6,40,1500,5
1196,2023-04-21,12,17,40,5100,5
2529,2023-08-25,24,13,40,6500,4
2960,2023-09-12,21,8,40,5200,4
4448,2023-11-02,8,9,40,6750,5
4754,2023-11-12,8,20,40,15000,4
7077,2024-01-31,4,6,40,3600,4
4431,2023-11-02,2,8,40,7200,5
7005,2024-01-29,2,19,40,17100,4
3837,2023-10-10,11,14,40,7700,5
3858,2023-10-11,10,6,40,10800,4
9249,2024-05-11,4,9,40,5400,4
3162,2023-09-19,21,17,40,11050,5
5355,2023-12-02,5,9,40,4050,4
1030,2023-04-05,12,17,41,5100,5
2707,2023-09-04,24,17,41,8500,5
3045,2023-09-15,23,11,41,2750,5
3571,2023-10-01,24,14,41,7000,5
3646,2023-10-04,5,10,41,4500,4
3876,2023-10-12,5,17,41,7650,5
4307,2023-10-28,4,14,41,8400,4
4590,2023-11-06,11,14,41,7700,5
5845,2023-12-19,14,15,41,4800,5
7298,2024-02-09,1,14,41,4900,5
7833,2024-02-27,3,11,41,2750,5
8954,2024-04-12,3,11,41,2750,4
9555,2024-06-19,2,15,41,13500,4
10002,2024-08-14,2,6,41,5400,4
10163,2024-09-05,3,12,41,3000,5
10166,2024-09-05,3,17,41,4250,4
2098,2023-07-14,15,14,41,4900,4
2543,2023-08-26,24,8,41,4000,5
3040,2023-09-15,22,19,41,7600,5
4074,2023-10-19,7,17,41,25500,5
6355,2024-01-05,14,9,41,2880,5
8229,2024-03-09,3,5,41,1250,5
8359,2024-03-14,3,19,41,4750,4
9289,2024-05-16,2,20,41,18000,5
483,2023-02-16,2,9,41,8100,5
1013,2023-04-03,4,11,41,6600,5
2417,2023-08-13,24,6,41,3000,5
2829,2023-09-08,21,6,41,3900,4
3061,2023-09-15,24,15,41,7500,4
3365,2023-09-25,22,15,41,6000,5
3473,2023-09-29,21,18,41,11700,5
4693,2023-11-10,8,20,41,15000,4
7160,2024-02-04,2,9,41,8100,5
8312,2024-03-12,3,5,41,1250,5
7610,2024-02-19,2,6,41,5400,5
1479,2023-05-14,27,18,41,3600,5
2278,2023-07-30,8,6,41,4500,5
2480,2023-08-19,24,14,41,7000,4
1470,2023-05-14,4,12,42,7200,5
2301,2023-08-01,18,8,42,3600,4
2885,2023-09-09,24,20,42,10000,5
3224,2023-09-20,24,11,42,5500,4
4131,2023-10-22,2,17,42,15300,5
6298,2024-01-04,14,18,42,5760,4
7270,2024-02-08,2,16,42,14400,5
7358,2024-02-11,1,10,42,3500,5
9159,2024-05-03,4,17,42,10200,4
10148,2024-09-03,4,12,42,7200,5
27,2023-01-03,24,6,42,3000,5
1315,2023-05-01,5,13,42,5850,5
2282,2023-07-30,20,18,42,14400,4
2538,2023-08-25,24,13,42,6500,4
3098,2023-09-17,22,10,42,4000,4
4378,2023-10-31,5,9,42,4050,5
4456,2023-11-02,9,14,42,9800,5
4867,2023-11-16,3,11,42,2750,5
5021,2023-11-21,6,20,42,24000,4
5864,2023-12-20,14,6,42,1920,5
6297,2024-01-04,14,17,42,5440,4
7169,2024-02-04,4,19,42,11400,4
10160,2024-09-05,1,12,42,4200,4
908,2023-03-25,6,12,42,14400,5
1070,2023-04-08,26,9,42,8100,4
2371,2023-08-09,24,15,42,7500,4
2530,2023-08-25,24,13,42,6500,4
3336,2023-09-24,22,9,42,3600,4
7787,2024-02-25,4,5,42,3000,5
9875,2024-08-01,4,16,42,9600,4
3707,2023-10-06,6,10,42,12000,4
7142,2024-02-03,4,19,42,11400,4
7195,2024-02-05,4,18,42,10800,4
362,2023-02-04,15,5,42,1750,5
4281,2023-10-27,6,9,42,10800,4
7788,2024-02-25,4,9,42,5400,5
8642,2024-03-24,1,12,42,4200,5
3757,2023-10-07,9,9,42,6300,5
4170,2023-10-23,5,18,42,8100,4
7252,2024-02-07,4,9,42,5400,5
8514,2024-03-19,2,10,42,9000,5
8545,2024-03-20,4,12,42,7200,4
2001,2023-07-05,19,9,43,2700,4
2831,2023-09-08,22,14,43,5600,4
4001,2023-10-16,9,12,43,8400,5
4766,2023-11-13,1,8,43,2800,5
6012,2023-12-25,14,19,43,6080,5
6312,2024-01-04,14,14,43,4480,5
9358,2024-05-24,3,15,43,3750,4
9625,2024-06-28,1,13,43,4550,5
1478,2023-05-14,22,16,43,6400,5
2135,2023-07-18,6,20,43,24000,5
4080,2023-10-19,10,13,43,23400,5
4348,2023-10-29,9,13,43,9100,5
6006,2023-12-24,14,7,43,2240,4
6877,2024-01-24,3,7,43,1750,4
8337,2024-03-13,4,8,43,4800,4
8837,2024-03-31,1,10,43,3500,5
9237,2024-05-11,1,18,43,6300,5
9381,2024-05-26,4,10,43,6000,5
137,2023-01-16,7,15,43,22500,4
587,2023-02-25,22,9,43,3600,4
792,2023-03-13,19,8,43,2400,4
1144,2023-04-15,9,14,43,9800,5
1791,2023-06-11,17,6,43,3600,5
3281,2023-09-22,23,16,43,4000,4
4342,2023-10-29,7,12,43,18000,5
4453,2023-11-02,9,10,43,7000,4
4642,2023-11-08,11,5,43,2750,4
4652,2023-11-09,2,16,43,14400,5
8633,2024-03-23,4,13,43,7800,5
10180,2024-09-07,1,15,43,5250,5
10320,2024-09-25,1,13,43,4550,5
1886,2023-06-23,7,14,43,21000,4
5597,2023-12-10,8,15,43,11250,4
363,2023-02-04,16,18,44,9000,4
1079,2023-04-09,11,19,44,10450,5
1983,2023-07-03,14,13,44,4160,4
2886,2023-09-09,24,10,44,5000,5
3079,2023-09-16,22,20,44,8000,4
3827,2023-10-10,7,15,44,22500,4
4164,2023-10-23,3,11,44,2750,5
4812,2023-11-14,5,5,44,2250,5
5054,2023-11-22,7,6,44,9000,5
5089,2023-11-23,11,12,44,6600,4
5560,2023-12-09,6,10,44,12000,4
5969,2023-12-23,14,14,44,4480,5
6069,2023-12-27,14,11,44,3520,4
6791,2024-01-21,2,19,44,17100,4
7611,2024-02-19,2,20,44,18000,5
8172,2024-03-07,4,14,44,8400,4
8559,2024-03-21,2,7,44,6300,4
4,2023-01-01,15,9,44,3150,4
1565,2023-05-22,28,18,44,5400,5
2385,2023-08-10,24,16,44,8000,5
5048,2023-11-22,5,20,44,9000,4
5962,2023-12-23,14,15,44,4800,5
7286,2024-02-08,3,13,44,3250,5
7488,2024-02-14,4,6,44,3600,4
7850,2024-02-27,3,10,44,2500,5
8533,2024-03-20,1,5,44,1750,4
21,2023-01-03,9,5,44,3500,5
108,2023-01-13,2,13,44,11700,5
1668,2023-06-02,7,18,44,27000,5
4132,2023-10-22,2,18,44,16200,5
4151,2023-10-22,10,18,44,32400,4
4210,2023-10-24,8,17,44,12750,4
4391,2023-11-01,3,11,44,2750,4
5552,2023-12-09,3,17,44,4250,4
2615,2023-09-01,24,11,44,5500,4
626,2023-03-01,4,15,44,9000,4
7473,2024-02-14,2,19,44,17100,4
8941,2024-04-10,4,11,44,6600,5
2666,2023-09-02,24,18,44,9000,5
3964,2023-10-15,3,10,44,2500,5
4844,2023-11-15,3,15,44,3750,5
7503,2024-02-15,3,9,44,2250,5
2616,2023-09-01,24,7,45,3500,5
3489,2023-09-29,22,15,45,6000,4
3555,2023-10-01,23,10,45,2500,4
6408,2024-01-07,14,20,45,6400,4
8629,2024-03-23,3,9,45,2250,4
2105,2023-07-15,20,11,45,8800,5
3364,2023-09-25,22,9,45,3600,4
3593,2023-10-02,10,6,45,10800,5
3631,2023-10-03,11,18,45,9900,5
3753,2023-10-07,8,13,45,9750,4
5569,2023-12-09,10,20,45,36000,4
6096,2023-12-28,14,13,45,4160,5
6226,2024-01-01,14,6,45,1920,5
7699,2024-02-22,3,5,45,1250,4
8778,2024-03-28,4,10,45,6000,4
9790,2024-07-20,2,9,45,8100,4
10295,2024-09-21,2,10,45,9000,5
191,2023-01-21,21,11,45,7150,4
256,2023-01-26,24,14,45,7000,4
2635,2023-09-01,24,15,45,7500,5
2914,2023-09-10,23,12,45,3000,5
4780,2023-11-13,5,14,45,6300,4
5728,2023-12-16,3,18,45,4500,4
1435,2023-05-10,14,5,45,1600,5
2231,2023-07-25,28,12,45,3600,4
5646,2023-12-12,7,15,45,22500,4
10274,2024-09-19,2,16,45,14400,4
8258,2024-03-10,4,9,45,5400,4
3069,2023-09-16,21,6,45,3900,4
6640,2024-01-16,1,12,45,4200,4
8651,2024-03-24,3,16,45,4000,4
580,2023-02-24,27,16,46,3200,4
1647,2023-05-31,6,9,46,10800,4
2124,2023-07-17,10,5,46,9000,5
2819,2023-09-07,24,14,46,7000,4
6966,2024-01-28,1,12,46,4200,4
8979,2024-04-15,1,9,46,3150,5
714,2023-03-07,5,19,46,8550,4
1128,2023-04-14,2,20,46,18000,5
1480,2023-05-14,28,16,46,4800,4
1561,2023-05-22,24,6,46,3000,4
2085,2023-07-13,14,14,46,4480,5
2488,2023-08-20,24,9,46,4500,5
3108,2023-09-17,23,18,46,4500,4
3774,2023-10-08,10,9,46,16200,4
4332,2023-10-29,1,19,46,6650,4
4377,2023-10-31,5,19,46,8550,5
5460,2023-12-06,4,18,46,10800,5
8648,2024-03-24,2,18,46,16200,5
9365,2024-05-25,2,5,46,4500,5
9668,2024-07-03,1,18,46,6300,4
2074,2023-07-12,10,6,46,10800,5
2386,2023-08-10,24,9,46,4500,5
2441,2023-08-15,24,11,46,5500,5
3043,2023-09-15,22,20,46,8000,5
6303,2024-01-04,14,10,46,3200,4
688,2023-03-04,24,10,46,5000,4
2035,2023-07-08,16,18,46,9000,4
2876,2023-09-09,23,11,46,2750,5
3220,2023-09-20,24,10,46,5000,4
10037,2024-08-20,2,7,46,6300,4
4634,2023-11-08,6,16,46,19200,4
5108,2023-11-24,11,8,46,4400,4
9096,2024-04-28,1,13,46,4550,5
9425,2024-05-31,2,13,46,11700,4
7453,2024-02-13,3,15,46,3750,4
304,2023-01-30,24,20,47,10000,4
972,2023-03-31,18,7,47,3150,4
5272,2023-11-30,9,14,47,9800,5
5438,2023-12-05,2,5,47,4500,4
6307,2024-01-04,14,19,47,6080,4
8015,2024-03-02,4,9,47,5400,4
9758,2024-07-15,3,14,47,3500,4
663,2023-03-03,9,13,47,9100,4
1514,2023-05-17,27,17,47,3400,4
1859,2023-06-20,12,20,47,6000,4
2145,2023-07-19,5,19,47,8550,5
2983,2023-09-13,21,17,47,11050,5
4745,2023-11-12,4,18,47,10800,5
5672,2023-12-13,10,13,47,23400,4
9619,2024-06-27,2,12,47,10800,4
10212,2024-09-12,2,13,47,11700,5
1491,2023-05-16,8,17,47,12750,5
4728,2023-11-11,10,6,47,10800,5
3924,2023-10-14,1,12,47,4200,5
5538,2023-12-08,9,7,47,4900,4
9296,2024-05-16,4,8,47,4800,5
2019,2023-07-07,13,8,47,3600,4
2106,2023-07-15,24,19,47,9500,5
9362,2024-05-25,1,11,47,3850,5
447,2023-02-13,12,14,48,4200,5
1085,2023-04-09,23,8,48,2000,5
1722,2023-06-06,1,15,48,5250,5
2396,2023-08-11,24,11,48,5500,4
2414,2023-08-12,24,18,48,9000,4
2934,2023-09-11,21,6,48,3900,5
3104,2023-09-17,23,15,48,3750,4
4954,2023-11-19,2,15,48,13500,5
5041,2023-11-22,3,6,48,1500,5
5387,2023-12-03,3,17,48,4250,5
9471,2024-06-07,2,9,48,8100,4
9840,2024-07-26,4,19,48,11400,5
10073,2024-08-23,4,12,48,7200,5
2041,2023-07-09,2,13,48,11700,4
2718,2023-09-04,24,12,48,6000,5
5541,2023-12-08,10,8,48,14400,4
5562,2023-12-09,7,13,48,19500,5
7230,2024-02-07,1,10,48,3500,5
970,2023-03-31,13,8,48,3600,4
1571,2023-05-23,9,16,48,11200,4
1627,2023-05-29,1,19,48,6650,4
2870,2023-09-09,22,20,48,8000,5
3361,2023-09-25,22,14,48,5600,4
3252,2023-09-21,24,18,48,9000,5
6256,2024-01-02,14,9,48,2880,4
667,2023-03-03,19,11,48,3300,4
8260,2024-03-10,4,16,48,9600,4
8688,2024-03-25,3,18,48,4500,5
8705,2024-03-26,2,10,48,9000,4
9540,2024-06-17,2,16,48,14400,5
10343,2024-09-26,4,9,48,5400,5
1635,2023-05-29,24,7,48,3500,5
1064,2023-04-08,11,5,49,2750,4
1347,2023-05-03,19,9,49,2700,4
1367,2023-05-04,20,16,49,12800,4
2125,2023-07-17,13,12,49,5400,4
2248,2023-07-27,8,10,49,7500,5
2634,2023-09-01,24,12,49,6000,5
3752,2023-10-07,7,13,49,19500,5
4583,2023-11-06,8,16,49,12000,5
5400,2023-12-03,8,8,49,6000,5
7219,2024-02-06,4,5,49,3000,4
7601,2024-02-18,4,6,49,3600,5
8464,2024-03-17,4,9,49,5400,5
8617,2024-03-23,2,5,49,4500,4
8838,2024-03-31,1,16,49,5600,5
8859,2024-03-31,4,19,49,11400,5
9393,2024-05-27,2,7,49,6300,5
10184,2024-09-07,2,14,49,12600,4
80,2023-01-10,8,18,49,13500,4
405,2023-02-09,14,20,49,6400,4
422,2023-02-10,20,5,49,4000,5
594,2023-02-26,3,10,49,2500,5
680,2023-03-04,14,8,49,2560,5
2720,2023-09-04,24,6,49,3000,4
3464,2023-09-28,24,14,49,7000,5
3675,2023-10-05,7,6,49,9000,4
3851,2023-10-11,7,8,49,12000,5
5624,2023-12-11,8,19,49,14250,5
8333,2024-03-13,3,20,49,5000,5
8589,2024-03-22,2,16,49,14400,4
10371,2024-09-30,2,9,49,8100,5
2767,2023-09-06,24,19,49,9500,4
3332,2023-09-24,22,15,49,6000,5
3919,2023-10-13,11,10,49,5500,5
4751,2023-11-12,6,7,49,8400,4
7001,2024-01-29,2,14,49,12600,5
10333,2024-09-25,4,8,49,4800,5
4643,2023-11-08,11,19,49,10450,5
7411,2024-02-12,2,7,49,6300,4
2705,2023-09-04,24,13,49,6500,5
6079,2023-12-27,14,11,49,3520,4
745,2023-03-09,22,15,49,6000,5
1855,2023-06-19,12,12,49,3600,5
4095,2023-10-20,8,15,49,11250,5
9713,2024-07-09,2,5,49,4500,4
445,2023-02-13,7,20,50,30000,5
1516,2023-05-18,10,5,50,9000,4
6919,2024-01-26,2,7,50,6300,4
7280,2024-02-08,3,18,50,4500,4
9132,2024-05-01,3,7,50,1750,5
10373,2024-09-30,3,11,50,2750,5
1805,2023-06-13,28,16,50,4800,5
2284,2023-07-31,1,6,50,2100,5
4063,2023-10-19,4,14,50,8400,5
4253,2023-10-26,6,17,50,20400,4
5449,2023-12-05,8,20,50,15000,5
5958,2023-12-23,14,7,50,2240,4
6759,2024-01-20,3,14,50,3500,4
6951,2024-01-27,2,8,50,7200,4
8343,2024-03-14,1,17,50,5950,5
8860,2024-03-31,4,8,50,4800,4
9919,2024-08-05,4,10,50,6000,4
10078,2024-08-24,3,5,50,1250,4
10096,2024-08-27,1,14,50,4900,4
644,2023-03-02,5,13,50,5850,4
814,2023-03-15,17,15,50,9000,4
4717,2023-11-11,5,6,50,2700,4
4963,2023-11-19,5,11,50,4950,5
5587,2023-12-10,4,8,50,4800,4
8162,2024-03-07,2,15,50,13500,5
9830,2024-07-25,3,19,50,4750,4
2404,2023-08-11,24,20,50,10000,4
4546,2023-11-05,6,5,50,6000,4
7915,2024-03-01,1,10,50,3500,5
1354,2023-05-04,3,12,50,3000,5
9697,2024-07-07,2,14,50,12600,5
1649,2023-05-31,17,20,50,12000,5
3991,2023-10-16,4,18,50,10800,4
5824,2023-12-19,5,17,50,7650,5
8077,2024-03-04,4,20,50,12000,4
738,2023-03-09,9,11,51,7700,4
2010,2023-07-06,5,20,51,9000,4
5318,2023-12-01,8,14,51,10500,4
6634,2024-01-15,4,7,51,4200,5
7692,2024-02-22,2,5,51,4500,4
7735,2024-02-24,1,18,51,6300,4
9671,2024-07-03,4,10,51,6000,5
10116,2024-08-29,4,20,51,12000,4
501,2023-02-17,25,9,51,5400,5
559,2023-02-23,9,16,51,11200,4
2032,2023-07-08,9,12,51,8400,5
2159,2023-07-20,12,19,51,5700,5
3004,2023-09-14,21,15,51,9750,5
3091,2023-09-17,21,12,51,7800,4
3410,2023-09-27,21,5,51,3250,5
4203,2023-10-24,6,7,51,8400,4
4406,2023-11-01,7,6,51,9000,4
5406,2023-12-04,2,11,51,9900,4
5581,2023-12-10,3,20,51,5000,5
5981,2023-12-24,14,16,51,5120,4
6526,2024-01-12,2,8,51,7200,5
7111,2024-02-02,3,6,51,1500,5
7957,2024-03-01,4,7,51,4200,4
8713,2024-03-26,3,10,51,2500,5
9547,2024-06-18,1,7,51,2450,4
9640,2024-06-30,1,10,51,3500,5
10058,2024-08-22,2,7,51,6300,4
132,2023-01-16,5,14,51,6300,5
1210,2023-04-22,18,17,51,7650,5
1357,2023-05-04,8,18,51,13500,4
3558,2023-10-01,23,13,51,3250,4
4016,2023-10-17,7,11,51,16500,4
5546,2023-12-09,2,20,51,18000,5
8510,2024-03-19,2,10,51,9000,4
9721,2024-07-10,2,5,51,4500,4
10356,2024-09-28,4,13,51,7800,4
6141,2023-12-29,14,12,51,3840,4
2327,2023-08-03,24,17,51,8500,5
9781,2024-07-19,3,19,51,4750,5
1306,2023-04-30,26,7,51,6300,4
3890,2023-10-12,9,9,51,6300,4
5744,2023-12-16,8,19,51,14250,5
7471,2024-02-14,1,5,51,1750,5
7525,2024-02-16,2,14,51,12600,4
9380,2024-05-26,3,13,51,3250,5
1897,2023-06-24,24,16,52,8000,5
2110,2023-07-16,9,7,52,4900,4
3408,2023-09-26,24,8,52,4000,4
3644,2023-10-04,5,18,52,8100,5
4070,2023-10-19,5,12,52,5400,5
5005,2023-11-20,10,19,52,34200,4
5210,2023-11-28,7,11,52,16500,4
6811,2024-01-22,1,11,52,3850,4
7656,2024-02-21,2,6,52,5400,5
8271,2024-03-11,2,6,52,5400,5
9553,2024-06-18,3,8,52,2000,4
221,2023-01-24,7,11,52,16500,4
543,2023-02-22,9,14,52,9800,4
787,2023-03-13,8,19,52,14250,4
1163,2023-04-17,20,8,52,6400,4
1497,2023-05-16,22,9,52,3600,4
1821,2023-06-15,9,14,52,9800,4
2322,2023-08-03,24,17,52,8500,4
3090,2023-09-17,21,13,52,8450,5
3599,2023-10-02,21,13,52,8450,4
3711,2023-10-06,7,14,52,21000,5
5156,2023-11-26,9,16,52,11200,5
6065,2023-12-26,14,16,52,5120,5
6665,2024-01-16,4,8,52,4800,4
8810,2024-03-29,4,19,52,11400,4
10135,2024-09-03,1,5,52,1750,5
1042,2023-04-06,15,18,52,6300,4
1117,2023-04-13,2,7,52,6300,5
1240,2023-04-24,27,13,52,2600,4
1763,2023-06-09,8,14,52,10500,4
2176,2023-07-21,13,6,52,2700,4
2527,2023-08-24,24,13,52,6500,4
2607,2023-08-31,24,17,52,8500,4
2951,2023-09-11,23,16,52,4000,5
3089,2023-09-17,21,10,52,6500,4
3287,2023-09-22,24,17,52,8500,4
4171,2023-10-23,5,16,52,7200,4
4435,2023-11-02,4,20,52,12000,5
4587,2023-11-06,11,15,52,8250,4
4688,2023-11-10,7,17,52,25500,5
6327,2024-01-05,14,16,52,5120,4
6666,2024-01-16,4,9,52,5400,5
3633,2023-10-03,11,20,52,11000,4
2055,2023-07-10,15,20,52,7000,5
5955,2023-12-23,14,16,52,5120,5
5996,2023-12-24,14,5,52,1600,5
6040,2023-12-26,14,15,52,4800,4
6795,2024-01-21,2,12,52,10800,5
9515,2024-06-14,1,12,52,4200,5
3616,2023-10-03,4,10,52,6000,4
3293,2023-09-23,21,10,53,6500,5
3324,2023-09-23,24,9,53,4500,4
8304,2024-03-12,2,13,53,11700,4
430,2023-02-11,17,16,53,9600,5
1415,2023-05-09,6,17,53,20400,5
2364,2023-08-08,24,12,53,6000,4
3093,2023-09-17,21,5,53,3250,5
3190,2023-09-19,24,15,53,7500,5
3430,2023-09-27,24,12,53,6000,5
3885,2023-10-12,8,19,53,14250,5
5781,2023-12-18,1,20,53,7000,4
6299,2024-01-04,14,19,53,6080,4
6699,2024-01-18,2,9,53,8100,4
7024,2024-01-29,4,11,53,6600,4
7826,2024-02-27,1,15,53,5250,5
7904,2024-02-29,4,13,53,7800,4
9243,2024-05-11,3,9,53,2250,5
1095,2023-04-10,7,14,53,21000,5
3274,2023-09-22,23,19,53,4750,4
4965,2023-11-19,6,9,53,10800,4
7895,2024-02-29,3,18,53,4500,4
701,2023-03-05,19,19,53,5700,4
3202,2023-09-20,21,17,53,11050,5
1963,2023-07-01,26,20,53,18000,5
3307,2023-09-23,23,19,53,4750,4
7198,2024-02-06,1,14,53,4900,5
3133,2023-09-18,22,16,53,6400,4
10145,2024-09-03,4,9,53,5400,4
1291,2023-04-28,22,11,54,4400,5
3569,2023-10-01,24,11,54,5500,5
3971,2023-10-15,7,11,54,16500,4
4152,2023-10-22,10,11,54,19800,5
4425,2023-11-02,1,20,54,7000,4
6331,2024-01-05,14,7,54,2240,5
7403,2024-02-12,2,8,54,7200,4
8061,2024-03-04,2,6,54,5400,4
8128,2024-03-06,1,19,54,6650,5
8347,2024-03-14,1,14,54,4900,5
8366,2024-03-14,4,16,54,9600,5
8921,2024-04-07,2,8,54,7200,4
9109,2024-04-30,1,13,54,4550,5
1130,2023-04-14,9,19,54,13300,4
1625,2023-05-28,26,16,54,14400,4
2778,2023-09-06,24,20,54,10000,4
5176,2023-11-27,5,5,54,2250,4
6591,2024-01-14,1,18,54,6300,4
7740,2024-02-24,1,19,54,6650,4
8135,2024-03-06,2,17,54,15300,5
8249,2024-03-10,2,18,54,16200,4
8548,2024-03-20,4,19,54,11400,5
8842,2024-03-31,2,6,54,5400,4
9104,2024-04-28,4,17,54,10200,4
1168,2023-04-18,10,7,54,12600,5
2539,2023-08-25,24,5,54,2500,5
4701,2023-11-10,10,9,54,16200,5
4796,2023-11-13,10,13,54,23400,5
7912,2024-03-01,1,8,54,2800,5
8349,2024-03-14,1,5,54,1750,5
8923,2024-04-07,4,17,54,10200,5
10318,2024-09-24,4,10,54,6000,4
3639,2023-10-04,2,8,54,7200,4
5710,2023-12-15,6,11,54,13200,5
8145,2024-03-06,3,14,54,3500,5
8975,2024-04-14,3,16,54,4000,5
3049,2023-09-15,23,8,54,2000,5
3096,2023-09-17,22,7,54,2800,4
5209,2023-11-28,5,19,54,8550,4
2405,2023-08-12,24,15,54,7500,5
7775,2024-02-25,2,8,54,7200,4
963,2023-03-31,2,13,55,11700,5
1601,2023-05-26,17,20,55,12000,5
3682,2023-10-05,8,17,55,12750,5
4761,2023-11-12,9,6,55,4200,5
5407,2023-12-04,3,18,55,4500,5
7096,2024-02-01,4,6,55,3600,5
7474,2024-02-14,2,5,55,4500,4
9391,2024-05-27,2,12,55,10800,5
557,2023-02-23,6,6,55,7200,5
2025,2023-07-07,25,20,55,12000,5
2976,2023-09-12,24,12,55,6000,4
3715,2023-10-06,9,14,55,9800,4
4769,2023-11-13,2,15,55,13500,4
5899,2023-12-21,14,11,55,3520,5
6339,2024-01-05,14,13,55,4160,5
10222,2024-09-13,1,20,55,7000,4
401,2023-02-09,6,17,55,20400,4
677,2023-03-04,7,19,55,28500,4
1125,2023-04-13,25,8,55,4800,4
4404,2023-11-01,6,20,55,24000,4
4471,2023-11-03,4,8,55,4800,4
120,2023-01-14,22,7,55,2800,5
1768,2023-06-10,2,10,55,9000,5
4494,2023-11-04,1,13,55,4550,5
1327,2023-05-01,24,8,55,4000,5
4710,2023-11-11,1,8,55,2800,4
5324,2023-12-01,9,5,55,3500,4
8228,2024-03-09,3,8,55,2000,4
8487,2024-03-18,4,7,55,4200,4
8906,2024-04-05,2,17,55,15300,4
658,2023-03-02,27,16,56,3200,4
1088,2023-04-09,26,9,56,8100,4
3238,2023-09-21,22,20,56,8000,4
4514,2023-11-04,10,20,56,36000,4
6000,2023-12-24,14,18,56,5760,5
9692,2024-07-05,4,19,56,11400,5
1262,2023-04-26,23,14,56,3500,5
2653,2023-09-02,24,16,56,8000,4
2677,2023-09-03,24,16,56,8000,5
3584,2023-10-02,4,15,56,9000,5
6154,2023-12-29,14,9,56,2880,5
6855,2024-01-23,4,10,56,6000,5
7285,2024-02-08,3,19,56,4750,5
7458,2024-02-13,4,13,56,7800,4
10006,2024-08-14,3,14,56,3500,5
1594,2023-05-25,26,8,56,7200,5
2077,2023-07-12,16,13,56,6500,4
3572,2023-10-01,24,5,56,2500,4
3780,2023-10-09,2,8,56,7200,4
3781,2023-10-09,2,10,56,9000,5
6239,2024-01-02,14,8,56,2560,5
18,2023-01-03,6,20,56,24000,5
5271,2023-11-30,8,19,56,14250,5
6086,2023-12-27,14,16,56,5120,5
9105,2024-04-29,1,14,56,4900,4
1258,2023-04-26,16,7,56,3500,5
3360,2023-09-25,22,5,56,2000,5
7742,2024-02-24,2,15,56,13500,4
298,2023-01-30,16,17,56,8500,5
6683,2024-01-17,3,13,56,3250,4
8030,2024-03-03,1,5,56,1750,4
9081,2024-04-25,4,11,56,6600,4
812,2023-03-15,9,16,57,11200,5
1310,2023-04-30,28,19,57,5700,4
1567,2023-05-23,1,15,57,5250,5
1580,2023-05-24,7,18,57,27000,4
1689,2023-06-03,20,14,57,11200,5
3658,2023-10-04,8,5,57,3750,4
4301,2023-10-28,1,14,57,4900,5
6289,2024-01-03,14,19,57,6080,5
6726,2024-01-19,2,6,57,5400,5
7092,2024-02-01,3,19,57,4750,5
7145,2024-02-03,4,16,57,9600,5
8691,2024-03-25,3,13,57,3250,5
9143,2024-05-02,1,20,57,7000,4
2031,2023-07-08,9,7,57,4900,5
2897,2023-09-10,21,11,57,7150,5
3086,2023-09-16,24,9,57,4500,4
4632,2023-11-08,5,19,57,8550,4
6089,2023-12-28,14,11,57,3520,4
6765,2024-01-20,3,17,57,4250,5
7375,2024-02-11,3,17,57,4250,5
7726,2024-02-23,4,18,57,10800,4
8672,2024-03-25,1,16,57,5600,4
13,2023-01-02,22,16,57,6400,5
228,2023-01-24,16,9,57,4500,5
665,2023-03-03,10,9,57,16200,5
1289,2023-04-28,15,14,57,4900,5
1671,2023-06-02,11,7,57,3850,4
3950,2023-10-14,9,14,57,9800,5
3118,2023-09-18,21,9,57,5850,5
3243,2023-09-21,22,16,57,6400,4
7917,2024-03-01,1,12,57,4200,4
3235,2023-09-21,22,20,57,8000,5
4763,2023-11-12,11,16,57,8800,5
8639,2024-03-24,1,18,57,6300,5
8367,2024-03-14,4,15,57,9000,4
9415,2024-05-30,3,5,57,1250,5
372,2023-02-05,28,6,58,1800,4
1461,2023-05-13,12,19,58,5700,5
4116,2023-10-21,7,16,58,24000,5
5712,2023-12-15,7,8,58,12000,5
5808,2023-12-18,10,5,58,9000,4
6175,2023-12-31,14,12,58,3840,4
7038,2024-01-30,3,10,58,2500,4
7562,2024-02-17,4,14,58,8400,5
8846,2024-03-31,2,20,58,18000,5
9602,2024-06-24,4,17,58,10200,5
9785,2024-07-19,4,12,58,7200,4
9834,2024-07-26,2,7,58,6300,4
611,2023-02-27,12,12,58,3600,4
924,2023-03-27,14,9,58,2880,5
3328,2023-09-24,21,8,58,5200,5
3371,2023-09-25,23,17,58,4250,4
3375,2023-09-25,24,7,58,3500,5
4211,2023-10-24,9,11,58,7700,4
5242,2023-11-29,8,15,58,11250,4
5330,2023-12-01,10,10,58,18000,4
6467,2024-01-09,14,13,58,4160,5
7191,2024-02-05,4,19,58,11400,5
7631,2024-02-20,1,15,58,5250,5
181,2023-01-20,3,6,58,1500,5
510,2023-02-19,10,9,58,16200,5
1489,2023-05-15,26,6,58,5400,5
1753,2023-06-08,14,18,58,5760,4
2304,2023-08-01,22,19,58,7600,5
2810,2023-09-07,24,14,58,7000,4
3443,2023-09-28,21,9,58,5850,5
4329,2023-10-28,11,8,58,4400,4
4808,2023-11-14,4,12,58,7200,4
5891,2023-12-21,14,20,58,6400,5
540,2023-02-22,2,11,58,9900,5
4006,2023-10-16,11,8,58,4400,5
8193,2024-03-08,2,11,58,9900,4
3169,2023-09-19,22,13,58,5200,4
4750,2023-11-12,6,15,58,18000,4
7578,2024-02-18,1,14,58,4900,5
3601,2023-10-02,21,7,58,4550,4
209,2023-01-23,16,19,59,9500,4
288,2023-01-30,1,20,59,7000,4
1275,2023-04-27,24,14,59,7000,5
1948,2023-07-01,9,11,59,7700,5
2442,2023-08-15,24,10,59,5000,5
2533,2023-08-25,24,8,59,4000,5
3259,2023-09-22,21,18,59,11700,5
3754,2023-10-07,8,15,59,11250,5
3911,2023-10-13,6,19,59,22800,5
4127,2023-10-22,1,13,59,4550,5
5433,2023-12-05,1,6,59,2100,4
7162,2024-02-04,3,20,59,5000,5
8381,2024-03-15,1,14,59,4900,4
8673,2024-03-25,1,14,59,4900,4
8788,2024-03-29,2,6,59,5400,4
8843,2024-03-31,2,12,59,10800,5
2917,2023-09-10,23,6,59,1500,4
2930,2023-09-10,24,14,59,7000,4
3898,2023-10-13,2,15,59,13500,5
5256,2023-11-30,2,12,59,10800,4
5383,2023-12-03,2,15,59,13500,5
6442,2024-01-08,14,12,59,3840,4
45,2023-01-05,20,7,59,5600,5
2048,2023-07-09,20,6,59,4800,5
2698,2023-09-04,24,18,59,9000,4
2780,2023-09-06,24,10,59,5000,4
2803,2023-09-07,24,16,59,8000,4
2910,2023-09-10,22,15,59,6000,5
4046,2023-10-18,8,16,59,12000,4
4906,2023-11-17,10,19,59,34200,5
5549,2023-12-09,2,18,59,16200,5
5942,2023-12-22,14,16,59,5120,4
5945,2023-12-23,14,6,59,1920,4
8150,2024-03-07,1,5,59,1750,5
275,2023-01-28,16,17,59,8500,5
2057,2023-07-10,16,12,59,6000,4
8480,2024-03-18,3,7,59,1750,5
9876,2024-08-01,4,18,59,10800,5
4284,2023-10-27,7,12,59,18000,5
4418,2023-11-01,10,15,59,27000,4
569,2023-02-24,5,20,60,9000,4
653,2023-03-02,21,15,60,9750,5
1164,2023-04-17,24,18,60,9000,4
2708,2023-09-04,24,17,60,8500,5
3568,2023-10-01,24,11,60,5500,4
3585,2023-10-02,6,10,60,12000,4
4572,2023-11-06,4,10,60,6000,5
6706,2024-01-18,3,20,60,5000,4
7139,2024-02-03,4,15,60,9000,5
8103,2024-03-05,3,17,60,4250,5
9893,2024-08-03,4,12,60,7200,4
10125,2024-08-31,4,13,60,7800,5
485,2023-02-16,4,11,60,6600,5
992,2023-04-02,4,12,60,7200,5
1080,2023-04-09,12,8,60,2400,5
1432,2023-05-10,11,10,60,5500,5
3290,2023-09-22,24,15,60,7500,5
3399,2023-09-26,23,17,60,4250,5
3606,2023-10-02,23,8,60,2000,5
5776,2023-12-17,11,14,60,7700,4
5873,2023-12-20,14,10,60,3200,5
7209,2024-02-06,2,16,60,14400,4
8079,2024-03-04,4,17,60,10200,4
10236,2024-09-14,1,10,60,3500,5
350,2023-02-03,7,8,60,12000,5
3974,2023-10-15,9,7,60,4900,4
4845,2023-11-15,4,18,60,10800,4
8321,2024-03-13,1,15,60,5250,5
9842,2024-07-27,2,9,60,8100,4
1485,2023-05-15,12,13,60,3900,5
6848,2024-01-23,3,9,60,2250,5
7420,2024-02-12,3,5,60,1250,4
5948,2023-12-23,14,15,60,4800,4
7835,2024-02-27,3,20,60,5000,4
489,2023-02-16,12,13,60,3900,5
1630,2023-05-29,9,11,60,7700,5
3514,2023-09-30,22,20,60,8000,4
5371,2023-12-02,10,12,60,21600,4
5964,2023-12-23,14,11,60,3520,4
2321,2023-08-03,24,20,61,10000,5
4084,2023-10-20,1,16,61,5600,4
4213,2023-10-24,9,18,61,12600,4
5600,2023-12-10,9,16,61,11200,5
5639,2023-12-12,5,18,61,8100,5
6736,2024-01-19,3,8,61,2000,5
6980,2024-01-28,3,15,61,3750,4
7082,2024-02-01,2,20,61,18000,5
7767,2024-02-25,2,6,61,5400,5
7980,2024-03-02,2,17,61,15300,5
8532,2024-03-20,1,9,61,3150,5
8982,2024-04-15,3,15,61,3750,5
250,2023-01-26,16,16,61,8000,5
933,2023-03-28,25,14,61,8400,5
2219,2023-07-24,24,20,61,10000,5
2554,2023-08-26,24,5,61,2500,5
3026,2023-09-14,24,10,61,5000,5
5490,2023-12-07,5,7,61,3150,5
5941,2023-12-22,14,18,61,5760,4
6422,2024-01-08,14,13,61,4160,4
8374,2024-03-15,1,11,61,3850,4
9533,2024-06-16,1,20,61,7000,5
9810,2024-07-23,2,20,61,18000,5
511,2023-02-19,12,14,61,4200,4
951,2023-03-30,9,20,61,14000,5
1720,2023-06-05,28,5,61,1500,4
2620,2023-09-01,24,9,61,4500,5
2678,2023-09-03,24,9,61,4500,5
3670,2023-10-05,4,20,61,12000,4
4664,2023-11-09,7,9,61,13500,5
6371,2024-01-06,14,16,61,5120,4
2222,2023-07-24,26,14,61,12600,5
6800,2024-01-21,3,5,61,1250,4
7395,2024-02-12,1,20,61,7000,5
8932,2024-04-09,2,7,61,6300,4
6335,2024-01-05,14,10,61,3200,5
6837,2024-01-23,2,19,61,17100,5
9077,2024-04-25,2,19,61,17100,4
95,2023-01-11,22,16,61,6400,5
400,2023-02-09,5,7,61,3150,5
385,2023-02-07,14,6,62,1920,4
1399,2023-05-08,9,12,62,8400,4
1456,2023-05-12,24,20,62,10000,5
1719,2023-06-05,28,15,62,4500,5
2381,2023-08-10,24,10,62,5000,5
2512,2023-08-22,24,19,62,9500,5
2790,2023-09-07,21,10,62,6500,5
2999,2023-09-13,24,18,62,9000,5
4187,2023-10-23,9,7,62,4900,4
5829,2023-12-19,9,15,62,10500,5
7783,2024-02-25,3,14,62,3500,5
8219,2024-03-09,2,20,62,18000,5
9921,2024-08-06,1,11,62,3850,4
1220,2023-04-23,4,13,62,7800,5
1257,2023-04-26,16,14,62,7000,5
4061,2023-10-19,4,10,62,6000,4
6850,2024-01-23,3,13,62,3250,4
7331,2024-02-10,1,14,62,4900,5
8024,2024-03-03,1,12,62,4200,5
8879,2024-04-02,3,9,62,2250,5
9859,2024-07-30,1,15,62,5250,5
102,2023-01-12,17,6,62,3600,4
1633,2023-05-29,20,5,62,4000,5
3817,2023-10-10,4,7,62,4200,5
6055,2023-12-26,14,18,62,5760,5
2202,2023-07-23,3,16,62,4000,5
3689,2023-10-05,9,18,62,12600,5
4586,2023-11-06,10,13,62,23400,4
6672,2024-01-17,2,15,62,13500,5
7779,2024-02-25,3,13,62,3250,5
8754,2024-03-28,2,6,62,5400,4
5550,2023-12-09,3,19,62,4750,4
3078,2023-09-16,22,16,62,6400,5
4755,2023-11-12,8,10,62,7500,4
5862,2023-12-20,14,19,62,6080,4
1600,2023-05-26,12,17,63,5100,5
1739,2023-06-07,2,5,63,4500,5
2448,2023-08-16,24,7,63,3500,5
3192,2023-09-19,24,19,63,9500,4
3583,2023-10-02,4,19,63,11400,5
3656,2023-10-04,8,11,63,8250,4
3977,2023-10-15,9,18,63,12600,4
5102,2023-11-24,7,11,63,16500,5
5240,2023-11-29,8,5,63,3750,5
6490,2024-01-10,14,6,63,1920,5
6994,2024-01-29,1,13,63,4550,5
8606,2024-03-23,1,7,63,2450,4
9287,2024-05-16,1,5,63,1750,4
9500,2024-06-12,1,8,63,2800,5
627,2023-03-01,6,7,63,8400,5
1443,2023-05-11,20,11,63,8800,5
2005,2023-07-05,24,19,63,9500,4
2038,2023-07-08,25,19,63,11400,5
3400,2023-09-26,23,13,63,3250,5
4848,2023-11-15,5,16,63,7200,5
7897,2024-02-29,3,14,63,3500,5
10014,2024-08-16,1,11,63,3850,4
124,2023-01-15,7,10,63,15000,4
919,2023-03-26,23,10,63,2500,5
2389,2023-08-10,24,11,63,5500,5
3303,2023-09-23,22,10,63,4000,5
3317,2023-09-23,24,7,63,3500,5
4577,2023-11-06,5,8,63,3600,4
5711,2023-12-15,6,5,63,6000,5
8186,2024-03-08,2,10,63,9000,4
8279,2024-03-11,3,11,63,2750,5
4981,2023-11-20,1,6,63,2100,5
7172,2024-02-04,4,15,63,9000,4
10147,2024-09-03,4,10,63,6000,4
7658,2024-02-21,2,12,63,10800,5
403,2023-02-09,11,18,64,9900,5
645,2023-03-02,7,11,64,16500,5
768,2023-03-11,14,17,64,5440,4
2652,2023-09-02,24,17,64,8500,4
2907,2023-09-10,22,11,64,4400,5
5866,2023-12-20,14,15,64,4800,4
7570,2024-02-18,1,14,64,4900,5
7902,2024-02-29,4,17,64,10200,5
8674,2024-03-25,1,9,64,3150,5
9126,2024-05-01,2,12,64,10800,4
9982,2024-08-12,3,13,64,3250,4
2028,2023-07-08,3,8,64,2000,5
2852,2023-09-09,21,16,64,10400,4
3643,2023-10-04,5,5,64,2250,4
4075,2023-10-19,8,10,64,7500,4
4412,2023-11-01,9,9,64,6300,4
6381,2024-01-06,14,5,64,1600,4
8195,2024-03-08,2,8,64,7200,5
8968,2024-04-13,3,8,64,2000,4
10038,2024-08-20,2,6,64,5400,5
10136,2024-09-03,1,18,64,6300,4
839,2023-03-17,24,13,64,6500,4
1226,2023-04-23,19,5,64,1500,4
2088,2023-07-13,22,7,64,2800,5
2253,2023-07-27,27,17,64,3400,5
3488,2023-09-29,22,13,64,5200,5
3553,2023-10-01,23,8,64,2000,5
9948,2024-08-08,4,10,64,6000,5
2445,2023-08-16,24,8,64,4000,5
2922,2023-09-10,23,5,64,1250,5
3515,2023-09-30,22,18,64,7200,5
8502,2024-03-19,1,8,64,2800,5
9937,2024-08-07,3,20,64,5000,5
3095,2023-09-17,22,7,64,2800,4
5521,2023-12-08,4,14,64,8400,4
9575,2024-06-22,1,12,64,4200,4
1761,2023-06-09,3,7,64,1750,4
5199,2023-11-28,2,20,64,18000,4
6212,2024-01-01,14,10,64,3200,5
7390,2024-02-11,4,19,64,11400,4
898,2023-03-24,11,20,65,11000,4
1011,2023-04-03,3,12,65,3000,4
1102,2023-04-11,4,19,65,11400,4
1462,2023-05-13,13,10,65,4500,5
1814,2023-06-14,19,5,65,1500,4
2017,2023-07-07,2,12,65,10800,5
2580,2023-08-28,24,8,65,4000,4
2840,2023-09-08,23,11,65,2750,5
4199,2023-10-24,4,15,65,9000,4
4871,2023-11-16,3,15,65,3750,4
6788,2024-01-21,2,15,65,13500,4
8041,2024-03-03,3,11,65,2750,5
9084,2024-04-26,1,8,65,2800,5
79,2023-01-10,8,8,65,6000,5
521,2023-02-20,15,13,65,4550,5
750,2023-03-10,10,11,65,19800,5
876,2023-03-21,27,5,65,1000,5
1414,2023-05-09,5,19,65,8550,4
1757,2023-06-08,19,8,65,2400,4
2516,2023-08-23,24,5,65,2500,4
3226,2023-09-21,21,12,65,7800,5
3765,2023-10-08,2,13,65,11700,4
4053,2023-10-18,11,19,65,10450,5
4237,2023-10-25,11,5,65,2750,5
4790,2023-11-13,8,17,65,12750,5
5007,2023-11-20,11,13,65,7150,5
5431,2023-12-04,11,6,65,3300,5
7626,2024-02-19,4,18,65,10800,5
8240,2024-03-10,1,17,65,5950,4
8387,2024-03-15,2,19,65,17100,4
8446,2024-03-17,2,20,65,18000,5
8463,2024-03-17,4,19,65,11400,5
9075,2024-04-25,2,8,65,7200,5
9675,2024-07-03,4,11,65,6600,5
10154,2024-09-04,3,8,65,2000,5
340,2023-02-02,7,20,65,30000,4
1081,2023-04-09,13,16,65,7200,4
1145,2023-04-15,9,17,65,11900,5
2744,2023-09-05,24,16,65,8000,5
2978,2023-09-12,24,5,65,2500,4
3333,2023-09-24,22,17,65,6800,4
3445,2023-09-28,21,8,65,5200,4
3609,2023-10-02,24,20,65,10000,4
3868,2023-10-12,2,18,65,16200,4
3944,2023-10-14,7,16,65,24000,4
6320,2024-01-04,14,5,65,1600,5
10155,2024-09-04,3,15,65,3750,4
3154,2023-09-18,24,12,65,6000,4
5905,2023-12-21,14,7,65,2240,4
1885,2023-06-23,1,12,65,4200,4
5120,2023-11-25,5,20,65,9000,5
5454,2023-12-05,11,5,65,2750,4
162,2023-01-18,11,9,65,4950,4
3187,2023-09-19,24,11,65,5500,5
286,2023-01-29,26,14,66,12600,4
711,2023-03-06,28,12,66,3600,5
836,2023-03-17,12,12,66,3600,5
1389,2023-05-07,4,8,66,4800,4
1552,2023-05-21,27,16,66,3200,4
2345,2023-08-06,24,6,66,3000,5
2777,2023-09-06,24,10,66,5000,5
4735,2023-11-11,11,8,66,4400,4
6370,2024-01-06,14,14,66,4480,4
6592,2024-01-14,1,20,66,7000,5
7362,2024-02-11,1,7,66,2450,5
7363,2024-02-11,2,18,66,16200,5
9983,2024-08-12,3,10,66,2500,5
320,2023-02-01,2,18,66,16200,4
577,2023-02-24,17,6,66,3600,5
932,2023-03-28,19,10,66,3000,5
1208,2023-04-22,10,16,66,28800,5
3654,2023-10-04,7,7,66,10500,4
3883,2023-10-12,8,17,66,12750,5
4892,2023-11-17,5,14,66,6300,4
4989,2023-11-20,3,11,66,2750,4
6544,2024-01-12,3,6,66,1500,4
9688,2024-07-05,2,11,66,9900,4
10323,2024-09-25,2,17,66,15300,5
352,2023-02-03,9,10,66,7000,4
4451,2023-11-02,9,16,66,11200,5
4839,2023-11-15,2,13,66,11700,5
6906,2024-01-25,4,20,66,12000,5
8303,2024-03-12,2,8,66,7200,4
9372,2024-05-25,4,15,66,9000,5
9766,2024-07-17,2,7,66,6300,4
2506,2023-08-22,24,5,66,2500,5
3468,2023-09-28,24,11,66,5500,5
4682,2023-11-10,4,11,66,6600,5
5046,2023-11-22,3,18,66,4500,5
4647,2023-11-09,1,7,66,2450,5
530,2023-02-21,16,5,66,2500,5
3075,2023-09-16,22,20,66,8000,4
3270,2023-09-22,22,11,66,4400,4
4496,2023-11-04,2,20,66,18000,5
7333,2024-02-10,2,19,66,17100,5
621,2023-02-28,24,6,67,3000,5
1762,2023-06-09,5,7,67,3150,4
2916,2023-09-10,23,17,67,4250,5
2945,2023-09-11,22,10,67,4000,4
3039,2023-09-15,22,17,67,6800,5
3331,2023-09-24,22,7,67,2800,4
3428,2023-09-27,23,18,67,4500,4
3821,2023-10-10,5,7,67,3150,5
5251,2023-11-29,11,16,67,8800,5
6704,2024-01-18,2,15,67,13500,4
7935,2024-03-01,2,15,67,13500,4
9051,2024-04-22,3,10,67,2500,5
492,2023-02-16,17,7,67,4200,5
2400,2023-08-11,24,12,67,6000,4
3608,2023-10-02,24,7,67,3500,4
4904,2023-11-17,9,9,67,6300,4
5100,2023-11-24,6,8,67,9600,5
5508,2023-12-08,1,20,67,7000,4
8407,2024-03-16,1,15,67,5250,5
8819,2024-03-30,2,13,67,11700,4
9635,2024-06-29,3,20,67,5000,4
269,2023-01-27,20,5,67,4000,4
338,2023-02-02,5,18,67,8100,4
428,2023-02-11,12,10,67,3000,4
6531,2024-01-12,2,10,67,9000,5
10261,2024-09-18,1,18,67,6300,4
6340,2024-01-05,14,16,67,5120,4
6798,2024-01-21,3,12,67,3000,5
5943,2023-12-22,14,12,67,3840,5
258,2023-01-26,26,8,67,7200,5
1134,2023-04-14,12,19,67,5700,4
2505,2023-08-22,24,15,67,7500,5
3706,2023-10-06,5,19,67,8550,4
4899,2023-11-17,6,12,67,14400,5
6454,2024-01-09,14,8,67,2560,4
662,2023-03-03,4,18,68,10800,5
1397,2023-05-07,28,9,68,2700,5
1898,2023-06-24,24,20,68,10000,4
2896,2023-09-10,21,19,68,12350,5
3756,2023-10-07,9,17,68,11900,5
6134,2023-12-29,14,16,68,5120,4
6520,2024-01-12,1,7,68,2450,4
8311,2024-03-12,3,19,68,4750,4
8597,2024-03-22,3,11,68,2750,4
9015,2024-04-18,4,15,68,9000,4
9741,2024-07-13,2,10,68,9000,5
10018,2024-08-16,4,18,68,10800,5
8,2023-01-02,2,15,68,13500,5
301,2023-01-30,23,18,68,4500,5
865,2023-03-21,1,11,68,3850,5
3696,2023-10-06,1,18,68,6300,5
4571,2023-11-06,3,13,68,3250,5
4684,2023-11-10,5,16,68,7200,5
5067,2023-11-23,1,10,68,3500,4
5263,2023-11-30,3,14,68,3500,5
6434,2024-01-08,14,12,68,3840,5
6438,2024-01-08,14,8,68,2560,5
6853,2024-01-23,4,18,68,10800,4
8527,2024-03-19,4,11,68,6600,5
9087,2024-04-26,3,10,68,2500,4
9093,2024-04-27,3,13,68,3250,5
9136,2024-05-01,4,14,68,8400,5
9657,2024-07-01,4,16,68,9600,4
9682,2024-07-04,4,11,68,6600,4
2062,2023-07-11,9,20,68,14000,5
2223,2023-07-25,3,12,68,3000,5
3811,2023-10-10,2,20,68,18000,4
4330,2023-10-28,11,15,68,8250,4
6631,2024-01-15,4,15,68,9000,4
7204,2024-02-06,1,10,68,3500,4
7872,2024-02-28,3,9,68,2250,4
9882,2024-08-02,3,17,68,4250,5
2640,2023-09-02,24,20,68,10000,5
4497,2023-11-04,2,5,68,4500,4
4555,2023-11-05,8,17,68,12750,4
6851,2024-01-23,4,10,68,6000,4
146,2023-01-17,1,10,68,3500,5
1797,2023-06-12,14,16,68,5120,4
3055,2023-09-15,24,11,68,5500,4
625,2023-03-01,4,9,68,5400,4
6407,2024-01-07,14,10,68,3200,4
7183,2024-02-05,2,16,68,14400,4
7218,2024-02-06,3,6,68,1500,5
1802,2023-06-13,20,19,69,15200,4
2702,2023-09-04,24,17,69,8500,4
3591,2023-10-02,9,7,69,4900,5
3634,2023-10-04,1,6,69,2100,5
3835,2023-10-10,10,7,69,12600,4
7425,2024-02-12,3,19,69,4750,4
9832,2024-07-25,4,9,69,5400,5
10367,2024-09-30,1,20,69,7000,5
10382,2024-10-01,1,6,69,2100,4
175,2023-01-19,14,12,69,3840,5
554,2023-02-22,27,11,69,2200,5
2187,2023-07-22,4,17,69,10200,4
2548,2023-08-26,24,11,69,5500,5
2633,2023-09-01,24,20,69,10000,4
3356,2023-09-25,21,8,69,5200,5
4190,2023-10-23,10,20,69,36000,5
4526,2023-11-05,1,5,69,1750,4
4852,2023-11-15,8,7,69,5250,4
7148,2024-02-04,1,5,69,1750,4
7841,2024-02-27,3,10,69,2500,5
8072,2024-03-04,3,18,69,4500,4
8621,2024-03-23,2,8,69,7200,4
9043,2024-04-21,4,11,69,6600,5
52,2023-01-06,15,19,69,6650,5
678,2023-03-04,12,14,69,4200,4
1149,2023-04-15,20,14,69,11200,4
2270,2023-07-29,23,19,69,4750,4
6603,2024-01-14,3,6,69,1500,5
10069,2024-08-23,2,18,69,16200,4
6721,2024-01-19,1,18,69,6300,4
6955,2024-01-27,3,10,69,2500,5
7604,2024-02-19,1,8,69,2800,5
1508,2023-05-17,20,12,69,9600,4
3294,2023-09-23,21,14,69,9100,5
5896,2023-12-21,14,16,69,5120,4
7846,2024-02-27,3,19,69,4750,4
10225,2024-09-13,2,13,69,11700,4
8584,2024-03-22,1,14,69,4900,5
2328,2023-08-03,24,11,70,5500,4
4366,2023-10-30,10,8,70,14400,4
5197,2023-11-28,1,17,70,5950,5
5553,2023-12-09,4,10,70,6000,5
5934,2023-12-22,14,20,70,6400,5
6224,2024-01-01,14,16,70,5120,5
6321,2024-01-04,14,6,70,1920,4
8481,2024-03-18,3,8,70,2000,4
9008,2024-04-18,1,20,70,7000,5
9823,2024-07-24,3,14,70,3500,4
10062,2024-08-22,3,11,70,2750,4
1417,2023-05-09,12,7,70,2100,5
1586,2023-05-24,20,6,70,4800,5
2279,2023-07-30,11,11,70,6050,5
2940,2023-09-11,22,14,70,5600,5
3871,2023-10-12,4,12,70,7200,5
3906,2023-10-13,5,14,70,6300,4
5306,2023-12-01,6,6,70,7200,5
6686,2024-01-17,4,17,70,10200,5
7193,2024-02-05,4,12,70,7200,4
8273,2024-03-11,2,18,70,16200,4
8431,2024-03-16,4,15,70,9000,5
9383,2024-05-26,4,12,70,7200,4
3271,2023-09-22,22,14,70,5600,5
3914,2023-10-13,7,13,70,19500,5
5655,2023-12-12,11,13,70,7150,5
8298,2024-03-12,1,7,70,2450,5
8913,2024-04-06,1,20,70,7000,5
141,2023-01-16,14,13,70,4160,5
1227,2023-04-23,20,14,70,11200,5
5377,2023-12-03,1,19,70,6650,4
5421,2023-12-04,8,8,70,6000,4
5730,2023-12-16,3,17,70,4250,5
9621,2024-06-27,3,9,70,2250,4
9883,2024-08-02,3,16,70,4000,5
1772,2023-06-10,12,18,70,5400,5
3279,2023-09-22,23,20,70,5000,5
4569,2023-11-06,3,16,70,4000,4
105,2023-01-12,21,5,71,3250,4
3204,2023-09-20,21,8,71,5200,5
4738,2023-11-12,2,7,71,6300,4
7355,2024-02-11,1,7,71,2450,4
7448,2024-02-13,3,17,71,4250,5
10235,2024-09-13,4,14,71,8400,4
513,2023-02-19,28,18,71,5400,5
689,2023-03-04,26,18,71,16200,4
1674,2023-06-02,14,14,71,4480,4
1784,2023-06-11,7,16,71,24000,5
1835,2023-06-16,12,12,71,3600,5
5620,2023-12-11,6,11,71,13200,4
6139,2023-12-29,14,5,71,1600,4
7134,2024-02-03,3,8,71,2000,4
7210,2024-02-06,2,16,71,14400,4
7498,2024-02-15,3,14,71,3500,5
7928,2024-03-01,2,8,71,7200,5
8248,2024-03-10,2,8,71,7200,5
9478,2024-06-08,3,13,71,3250,4
10196,2024-09-09,2,13,71,11700,4
179,2023-01-20,1,8,71,2800,4
1845,2023-06-17,26,13,71,11700,5
2011,2023-07-06,5,11,71,4950,5
2216,2023-07-24,20,9,71,7200,4
2542,2023-08-26,24,12,71,6000,5
3668,2023-10-05,2,16,71,14400,5
3873,2023-10-12,4,5,71,3000,5
4409,2023-11-01,8,17,71,12750,4
4511,2023-11-04,8,7,71,5250,4
7013,2024-01-29,3,14,71,3500,5
6213,2024-01-01,14,20,71,6400,4
7645,2024-02-20,3,10,71,2500,5
1062,2023-04-08,6,17,71,20400,4
7076,2024-01-31,4,9,71,5400,4
8930,2024-04-09,1,18,71,6300,5
237,2023-01-25,4,7,71,4200,4
7016,2024-01-29,3,19,71,4750,5
331,2023-02-01,23,13,72,3250,4
855,2023-03-19,9,13,72,9100,5
1836,2023-06-16,17,11,72,6600,4
3037,2023-09-15,21,14,72,9100,4
3341,2023-09-24,23,10,72,2500,5
4154,2023-10-22,11,11,72,6050,5
6098,2023-12-28,14,16,72,5120,5
7033,2024-01-30,2,13,72,11700,4
9041,2024-04-21,3,14,72,3500,5
9607,2024-06-25,2,9,72,8100,5
1400,2023-05-08,10,8,72,14400,4
1733,2023-06-06,18,17,72,7650,4
1865,2023-06-21,1,8,72,2800,5
3348,2023-09-24,24,6,72,3000,4
3554,2023-10-01,23,9,72,2250,5
4582,2023-11-06,8,8,72,6000,4
4913,2023-11-18,1,15,72,5250,5
5059,2023-11-22,11,19,72,10450,4
6024,2023-12-25,14,13,72,4160,4
6650,2024-01-16,3,12,72,3000,5
7161,2024-02-04,2,18,72,16200,4
8435,2024-03-17,1,9,72,3150,4
8644,2024-03-24,2,7,72,6300,5
9345,2024-05-23,3,9,72,2250,5
10164,2024-09-05,3,12,72,3000,4
314,2023-01-31,21,9,72,5850,5
503,2023-02-18,11,19,72,10450,5
767,2023-03-11,14,11,72,3520,5
1126,2023-04-13,25,8,72,4800,5
2029,2023-07-08,4,20,72,12000,5
2359,2023-08-07,24,6,72,3000,5
2428,2023-08-14,24,17,72,8500,4
3496,2023-09-29,23,14,72,3500,5
4722,2023-11-11,8,20,72,15000,4
6356,2024-01-05,14,13,72,4160,4
6756,2024-01-20,2,5,72,4500,5
6930,2024-01-26,3,18,72,4500,5
7584,2024-02-18,2,5,72,4500,4
2693,2023-09-03,24,8,72,4000,4
3997,2023-10-16,8,19,72,14250,4
5349,2023-12-02,3,5,72,1250,4
2049,2023-07-09,27,19,72,3800,4
9215,2024-05-09,1,20,72,7000,4
133,2023-01-16,5,6,72,2700,4
1236,2023-04-24,12,15,73,4500,5
3921,2023-10-13,11,10,73,5500,4
5544,2023-12-09,1,10,73,3500,5
5727,2023-12-16,2,14,73,12600,4
6113,2023-12-28,14,13,73,4160,5
7306,2024-02-09,3,15,73,3750,4
7542,2024-02-17,1,6,73,2100,5
8148,2024-03-06,4,11,73,6600,4
8177,2024-03-08,1,10,73,3500,5
9918,2024-08-05,4,16,73,9600,4
824,2023-03-16,15,8,73,2800,4
1244,2023-04-25,6,19,73,22800,4
1392,2023-05-07,9,19,73,13300,5
3681,2023-10-05,8,16,73,12000,4
3740,2023-10-07,4,14,73,8400,5
4147,2023-10-22,9,11,73,7700,5
4492,2023-11-03,11,17,73,9350,5
6048,2023-12-26,14,9,73,2880,4
8021,2024-03-02,4,16,73,9600,4
8525,2024-03-19,3,7,73,1750,4
9010,2024-04-18,2,11,73,9900,5
10219,2024-09-12,4,20,73,12000,4
10253,2024-09-16,4,20,73,12000,5
215,2023-01-24,1,18,73,6300,4
242,2023-01-25,15,11,73,3850,4
1108,2023-04-11,26,6,73,5400,5
1293,2023-04-29,1,18,73,6300,4
1820,2023-06-15,8,7,73,5250,5
1950,2023-07-01,10,18,73,32400,5
4507,2023-11-04,6,5,73,6000,4
4847,2023-11-15,5,14,73,6300,4
8669,2024-03-24,4,12,73,7200,5
1350,2023-05-03,22,19,73,7600,5
3967,2023-10-15,5,14,73,6300,5
10245,2024-09-15,1,12,73,4200,4
2337,2023-08-05,24,19,73,9500,5
3163,2023-09-19,21,15,73,9750,5
4675,2023-11-10,1,7,73,2450,4
5167,2023-11-27,3,15,73,3750,4
7310,2024-02-09,3,5,73,1250,4
131,2023-01-16,3,5,74,1250,5
1782,2023-06-11,5,11,74,4950,4
1816,2023-06-14,26,9,74,8100,4
1860,2023-06-20,12,11,74,3300,4
2654,2023-09-02,24,10,74,5000,4
4994,2023-11-20,5,8,74,3600,5
5090,2023-11-24,1,6,74,2100,4
7228,2024-02-07,1,14,74,4900,4
7392,2024-02-11,4,9,74,5400,5
8470,2024-03-18,1,6,74,2100,4
9434,2024-06-01,3,13,74,3250,5
84,2023-01-10,20,6,74,4800,4
2167,2023-07-21,1,5,74,1750,5
2920,2023-09-10,23,20,74,5000,4
3456,2023-09-28,23,16,74,4000,5
4792,2023-11-13,9,15,74,10500,4
5604,2023-12-10,11,17,74,9350,5
7577,2024-02-18,1,18,74,6300,5
8474,2024-03-18,2,20,74,18000,4
9458,2024-06-05,2,7,74,6300,5
10361,2024-09-29,2,8,74,7200,4
117,2023-01-14,15,19,74,6650,5
1039,2023-04-06,14,14,74,4480,5
1531,2023-05-19,13,19,74,8550,4
1727,2023-06-06,12,10,74,3000,5
2308,2023-08-02,11,6,74,3300,4
3497,2023-09-29,23,10,74,2500,5
3562,2023-10-01,23,18,74,4500,5
3840,2023-10-10,11,15,74,8250,5
3891,2023-10-12,9,13,74,9100,5
4173,2023-10-23,5,17,74,7650,5
9193,2024-05-07,3,20,74,5000,4
2592,2023-08-30,24,13,74,6500,5
2972,2023-09-12,23,7,74,1750,4
7251,2024-02-07,4,16,74,9600,4
1990,2023-07-04,9,15,74,10500,5
6203,2023-12-31,14,6,74,1920,4
7496,2024-02-15,2,19,74,17100,4
7666,2024-02-21,3,13,74,3250,4
7708,2024-02-23,1,9,74,3150,5
2625,2023-09-01,24,14,74,7000,4
5985,2023-12-24,14,10,74,3200,5
7965,2024-03-02,1,17,74,5950,4
9998,2024-08-13,4,13,74,7800,4
203,2023-01-22,26,19,75,17100,4
576,2023-02-24,17,16,75,9600,5
1899,2023-06-24,26,20,75,18000,4
2302,2023-08-01,18,10,75,4500,5
3602,2023-10-02,21,14,75,9100,5
5821,2023-12-19,5,16,75,7200,4
7128,2024-02-03,2,20,75,18000,4
7785,2024-02-25,4,20,75,12000,4
10264,2024-09-18,3,12,75,3000,5
1664,2023-06-01,24,7,75,3500,5
1947,2023-07-01,6,7,75,8400,5
2757,2023-09-06,24,11,75,5500,5
3834,2023-10-10,9,17,75,11900,4
4850,2023-11-15,7,13,75,19500,4
8084,2024-03-04,4,5,75,3000,5
9115,2024-04-30,4,18,75,10800,4
414,2023-02-10,1,6,75,2100,5
2313,2023-08-02,24,5,75,2500,5
2467,2023-08-18,24,18,75,9000,5
2797,2023-09-07,23,12,75,3000,5
6566,2024-01-13,2,18,75,16200,4
6787,2024-01-21,2,14,75,12600,4
8421,2024-03-16,4,18,75,10800,4
2675,2023-09-03,24,7,75,3500,4
8904,2024-04-05,2,17,75,15300,4
6655,2024-01-16,3,15,75,3750,5
7112,2024-02-02,3,13,75,3250,4
8476,2024-03-18,2,5,75,4500,4
67,2023-01-08,21,13,76,8450,4
622,2023-02-28,27,11,76,2200,5
883,2023-03-22,18,16,76,7200,5
1535,2023-05-19,23,14,76,3500,4
2315,2023-08-02,24,6,76,3000,4
2525,2023-08-24,24,14,76,7000,5
4928,2023-11-18,7,20,76,30000,4
7196,2024-02-05,4,6,76,3600,5
8217,2024-03-09,2,19,76,17100,4
9913,2024-08-05,2,19,76,17100,4
10198,2024-09-09,4,8,76,4800,5
10232,2024-09-13,4,15,76,9000,5
10246,2024-09-15,2,19,76,17100,5
36,2023-01-04,22,9,76,3600,4
4681,2023-11-10,4,10,76,6000,5
5152,2023-11-26,6,18,76,21600,4
5159,2023-11-26,10,6,76,10800,4
5190,2023-11-27,9,15,76,10500,5
5491,2023-12-07,6,20,76,24000,5
6009,2023-12-25,14,10,76,3200,4
6484,2024-01-10,14,6,76,1920,5
9754,2024-07-14,4,6,76,3600,5
183,2023-01-20,13,19,76,8550,4
415,2023-02-10,2,13,76,11700,4
597,2023-02-26,13,9,76,4050,4
1913,2023-06-27,10,6,76,10800,4
2550,2023-08-26,24,17,76,8500,5
2553,2023-08-26,24,20,76,10000,4
2565,2023-08-28,24,14,76,7000,5
2894,2023-09-10,21,16,76,10400,4
3419,2023-09-27,22,14,76,5600,5
3603,2023-10-02,22,17,76,6800,5
3650,2023-10-04,6,11,76,13200,5
4513,2023-11-04,9,8,76,5600,5
5465,2023-12-06,7,13,76,19500,4
5702,2023-12-15,1,13,76,4550,4
574,2023-02-24,12,16,76,4800,5
7389,2024-02-11,4,19,76,11400,4
8701,2024-03-26,1,5,76,1750,5
9248,2024-05-11,4,20,76,12000,5
7832,2024-02-27,2,15,76,13500,5
10083,2024-08-25,3,13,76,3250,5
10130,2024-09-01,3,9,76,2250,5
1440,2023-05-11,10,16,77,28800,5
1629,2023-05-29,4,5,77,3000,4
4338,2023-10-29,2,16,77,14400,5
5261,2023-11-30,3,5,77,1250,5
5526,2023-12-08,7,12,77,18000,4
6382,2024-01-06,14,6,77,1920,5
6741,2024-01-19,3,18,77,4500,5
7401,2024-02-12,1,15,77,5250,5
7970,2024-03-02,1,10,77,3500,5
8353,2024-03-14,2,15,77,13500,4
9689,2024-07-05,2,15,77,13500,4
9959,2024-08-10,2,6,77,5400,5
10079,2024-08-25,1,11,77,3850,4
94,2023-01-11,20,9,77,7200,5
1175,2023-04-19,7,5,77,7500,4
2560,2023-08-27,24,17,77,8500,4
2598,2023-08-31,24,9,77,4500,4
3278,2023-09-22,23,11,77,2750,4
6061,2023-12-26,14,20,77,6400,4
7062,2024-01-31,3,16,77,4000,4
7464,2024-02-13,4,19,77,11400,5
7597,2024-02-18,4,5,77,3000,4
591,2023-02-25,28,5,77,1500,5
1014,2023-04-03,9,12,77,8400,5
1599,2023-05-26,11,19,77,10450,5
4042,2023-10-18,6,19,77,22800,5
4915,2023-11-18,3,20,77,5000,5
10206,2024-09-11,1,8,77,2800,5
461,2023-02-14,19,8,77,2400,4
1317,2023-05-01,12,8,77,2400,4
5924,2023-12-22,14,19,77,6080,4
7250,2024-02-07,4,5,77,3000,4
442,2023-02-12,26,7,77,6300,4
3770,2023-10-08,7,20,77,30000,5
6271,2024-01-03,14,18,77,5760,4
8129,2024-03-06,1,5,77,1750,4
9025,2024-04-19,3,15,77,3750,4
9045,2024-04-22,1,6,77,2100,4
327,2023-02-01,13,6,77,2700,5
1372,2023-05-05,15,10,77,3500,5
3624,2023-10-03,7,10,77,15000,4
4523,2023-11-04,11,11,77,6050,4
5099,2023-11-24,4,20,77,12000,4
5456,2023-12-06,2,16,77,14400,4
8335,2024-03-13,3,13,77,3250,4
578,2023-02-24,23,7,78,1750,5
605,2023-02-26,28,5,78,1500,5
1457,2023-05-13,3,16,78,4000,4
1669,2023-06-02,9,19,78,13300,4
3524,2023-09-30,23,12,78,3000,5
4186,2023-10-23,9,19,78,13300,5
5611,2023-12-11,2,14,78,12600,4
6637,2024-01-16,1,19,78,6650,5
6985,2024-01-28,4,5,78,3000,5
7465,2024-02-13,4,20,78,12000,4
7621,2024-02-19,4,10,78,6000,4
8101,2024-03-05,2,16,78,14400,4
9351,2024-05-23,4,13,78,7800,5
9651,2024-07-01,3,16,78,4000,4
9929,2024-08-06,4,14,78,8400,5
1385,2023-05-06,18,18,78,8100,5
1790,2023-06-11,17,9,78,5400,4
2104,2023-07-15,19,5,78,1500,4
3229,2023-09-21,21,20,78,13000,4
3929,2023-10-14,2,16,78,14400,5
5754,2023-12-17,2,17,78,15300,4
5884,2023-12-21,14,19,78,6080,4
6536,2024-01-12,3,11,78,2750,5
8753,2024-03-28,2,7,78,6300,4
9030,2024-04-20,1,15,78,5250,5
10029,2024-08-18,4,7,78,4200,4
684,2023-03-04,20,11,78,8800,5
2630,2023-09-01,24,18,78,9000,5
2903,2023-09-10,22,15,78,6000,5
3749,2023-10-07,6,7,78,8400,5
4106,2023-10-21,2,9,78,8100,5
4530,2023-11-05,2,11,78,9900,5
5536,2023-12-08,9,9,78,6300,4
9260,2024-05-13,3,14,78,3500,4
3291,2023-09-22,24,9,78,4500,4
6244,2024-01-02,14,20,78,6400,4
6806,2024-01-22,1,9,78,3150,4
572,2023-02-24,9,5,78,3500,4
2198,2023-07-22,23,16,78,4000,4
4859,2023-11-15,9,11,78,7700,4
8257,2024-03-10,4,19,78,11400,5
78,2023-01-10,4,15,78,9000,4
1129,2023-04-14,8,16,78,12000,5
1938,2023-06-30,6,13,78,15600,5
3206,2023-09-20,22,8,78,3200,5
7206,2024-02-06,1,20,78,7000,4
3261,2023-09-22,21,5,79,3250,5
6778,2024-01-21,1,10,79,3500,5
6864,2024-01-24,1,14,79,4900,4
6968,2024-01-28,1,8,79,2800,4
7098,2024-02-01,4,6,79,3600,4
1034,2023-04-05,26,15,79,13500,4
1321,2023-05-01,19,10,79,3000,5
1610,2023-05-27,3,20,79,5000,4
2905,2023-09-10,22,9,79,3600,4
4436,2023-11-02,4,19,79,11400,4
6535,2024-01-12,3,5,79,1250,4
6679,2024-01-17,3,5,79,1250,5
7140,2024-02-03,4,11,79,6600,5
7595,2024-02-18,4,20,79,12000,5
7722,2024-02-23,3,11,79,2750,4
8033,2024-03-03,1,19,79,6650,4
8139,2024-03-06,2,18,79,16200,4
8198,2024-03-08,3,11,79,2750,5
8605,2024-03-23,1,18,79,6300,5
8635,2024-03-23,4,18,79,10800,5
9676,2024-07-04,1,6,79,2100,4
360,2023-02-04,1,5,79,1750,5
1651,2023-05-31,26,5,79,4500,5
2199,2023-07-22,24,16,79,8000,5
2242,2023-07-26,20,8,79,6400,4
5058,2023-11-22,10,18,79,32400,4
4250,2023-10-26,4,5,79,3000,5
6260,2024-01-03,14,19,79,6080,5
10221,2024-09-13,1,15,79,5250,4
534,2023-02-21,19,9,80,2700,4
1729,2023-06-06,15,17,80,5950,5
3280,2023-09-22,23,10,80,2500,5
4469,2023-11-03,3,12,80,3000,5
5301,2023-12-01,5,9,80,4050,5
7703,2024-02-23,1,13,80,4550,4
9874,2024-08-01,3,13,80,3250,4
1112,2023-04-12,3,13,80,3250,5
1672,2023-06-02,12,13,80,3900,5
3533,2023-10-01,21,17,80,11050,4
3854,2023-10-11,8,9,80,6750,4
6528,2024-01-12,2,13,80,11700,5
7057,2024-01-31,2,17,80,15300,5
7305,2024-02-09,3,18,80,4500,5
7796,2024-02-26,1,8,80,2800,4
2965,2023-09-12,22,5,80,2000,5
3768,2023-10-08,6,14,80,16800,4
4270,2023-10-27,4,9,80,5400,4
345,2023-02-02,28,7,80,2100,4
853,2023-03-19,8,20,80,15000,4
3598,2023-10-02,21,6,80,3900,4
10070,2024-08-23,2,18,80,16200,5
416,2023-02-10,6,12,80,14400,4
4440,2023-11-02,5,13,80,5850,4
8199,2024-03-08,3,19,80,4750,5
8511,2024-03-19,2,16,80,14400,4
1155,2023-04-16,11,5,81,2750,4
1403,2023-05-08,18,14,81,6300,5
1568,2023-05-23,2,16,81,14400,4
1724,2023-06-06,8,20,81,15000,4
3511,2023-09-30,22,20,81,8000,5
3755,2023-10-07,8,9,81,6750,5
4183,2023-10-23,8,10,81,7500,5
6425,2024-01-08,14,20,81,6400,5
6969,2024-01-28,1,19,81,6650,5
9642,2024-06-30,2,18,81,16200,5
213,2023-01-23,26,18,81,16200,5
2090,2023-07-14,2,19,81,17100,5
2140,2023-07-18,15,11,81,3850,5
2182,2023-07-21,25,6,81,3600,5
2206,2023-07-23,20,6,81,4800,5
3722,2023-10-06,11,7,81,3850,4
3917,2023-10-13,9,13,81,9100,5
4093,2023-10-20,5,17,81,7650,5
4462,2023-11-02,11,8,81,4400,5
4602,2023-11-07,9,7,81,4900,5
4803,2023-11-14,3,5,81,1250,4
4805,2023-11-14,4,18,81,10800,4
7552,2024-02-17,2,8,81,7200,4
9137,2024-05-01,4,7,81,4200,5
9273,2024-05-14,3,17,81,4250,5
9490,2024-06-10,2,15,81,13500,5
10081,2024-08-25,2,17,81,15300,5
10249,2024-09-15,4,6,81,3600,5
1017,2023-04-03,20,13,81,10400,5
1158,2023-04-17,6,11,81,13200,5
3989,2023-10-16,4,18,81,10800,4
4247,2023-10-26,3,11,81,2750,4
7133,2024-02-03,3,5,81,1250,4
9332,2024-05-21,3,14,81,3500,4
1314,2023-05-01,4,8,81,4800,4
5212,2023-11-28,8,10,81,7500,5
7701,2024-02-22,4,5,81,3000,4
1076,2023-04-09,5,14,81,6300,5
1905,2023-06-25,28,9,81,2700,4
5045,2023-11-22,3,8,81,2000,5
6593,2024-01-14,1,6,81,2100,5
8038,2024-03-03,2,13,81,11700,5
8762,2024-03-28,3,14,81,3500,4
9300,2024-05-17,1,7,81,2450,4
252,2023-01-26,18,8,81,3600,5
4375,2023-10-31,4,11,81,6600,5
5286,2023-12-01,2,11,81,9900,5
8225,2024-03-09,2,19,81,17100,5
444,2023-02-13,5,17,82,7650,5
506,2023-02-18,22,16,82,6400,4
851,2023-03-18,26,16,82,14400,4
1817,2023-06-14,27,8,82,1600,5
1901,2023-06-25,9,10,82,7000,4
2701,2023-09-04,24,5,82,2500,4
3321,2023-09-23,24,15,82,7500,5
3344,2023-09-24,23,17,82,4250,5
6594,2024-01-14,1,10,82,3500,4
566,2023-02-23,22,19,82,7600,4
1868,2023-06-21,4,11,82,6600,5
2060,2023-07-11,6,7,82,8400,4
2373,2023-08-09,24,12,82,6000,4
2846,2023-09-08,24,11,82,5500,5
4204,2023-10-24,6,18,82,21600,5
4860,2023-11-15,9,20,82,14000,4
5501,2023-12-07,10,11,82,19800,5
6349,2024-01-05,14,16,82,5120,5
8106,2024-03-05,3,18,82,4500,4
9910,2024-08-05,2,10,82,9000,5
409,2023-02-09,23,15,82,3750,4
491,2023-02-16,14,19,82,6080,5
1000,2023-04-02,17,17,82,10200,4
2154,2023-07-19,26,15,82,13500,4
2994,2023-09-13,23,7,82,1750,5
3166,2023-09-19,21,18,82,11700,5
1431,2023-05-10,10,15,82,27000,5
347,2023-02-03,4,18,82,10800,4
6191,2023-12-31,14,13,82,4160,4
6319,2024-01-04,14,11,82,3520,5
1520,2023-05-18,12,13,82,3900,5
4493,2023-11-03,11,14,82,7700,5
5069,2023-11-23,3,6,82,1500,5
192,2023-01-21,22,16,83,6400,4
424,2023-02-10,28,9,83,2700,4
1245,2023-04-25,6,13,83,15600,4
1308,2023-04-30,27,9,83,1800,4
1642,2023-05-30,21,11,83,7150,5
1773,2023-06-10,13,19,83,8550,4
2286,2023-07-31,8,18,83,13500,4
2379,2023-08-10,24,6,83,3000,4
4635,2023-11-08,7,18,83,27000,5
4901,2023-11-17,8,6,83,4500,5
5317,2023-12-01,8,10,83,7500,4
6380,2024-01-06,14,5,83,1600,4
129,2023-01-15,20,18,83,14400,4
3557,2023-10-01,23,12,83,3000,4
7472,2024-02-14,2,9,83,8100,4
2046,2023-07-09,15,18,83,6300,4
4077,2023-10-19,9,5,83,3500,4
4503,2023-11-04,4,8,83,4800,4
4595,2023-11-07,3,19,83,4750,4
4971,2023-11-19,7,9,83,13500,4
7924,2024-03-01,2,20,83,18000,4
2455,2023-08-17,24,13,83,6500,5
8137,2024-03-06,2,9,83,8100,4
456,2023-02-14,3,12,83,3000,5
4297,2023-10-27,11,15,83,8250,4
4509,2023-11-04,8,17,83,12750,5
1046,2023-04-06,22,19,83,7600,5
7249,2024-02-07,3,10,83,2500,4
2370,2023-08-09,24,9,84,4500,5
2536,2023-08-25,24,6,84,3000,4
3767,2023-10-08,6,14,84,16800,4
5750,2023-12-16,11,15,84,8250,4
6179,2023-12-31,14,11,84,3520,4
6274,2024-01-03,14,11,84,3520,4
7695,2024-02-22,3,13,84,3250,5
8675,2024-03-25,1,9,84,3150,4
9088,2024-04-26,4,14,84,8400,5
944,2023-03-29,22,13,84,5200,4
1822,2023-06-15,11,5,84,2750,5
2362,2023-08-08,24,13,84,6500,4
2498,2023-08-21,24,12,84,6000,4
2825,2023-09-08,21,20,84,13000,5
2929,2023-09-10,24,16,84,8000,5
2943,2023-09-11,22,14,84,5600,4
6669,2024-01-17,1,18,84,6300,4
6827,2024-01-23,1,15,84,5250,5
8783,2024-03-29,1,12,84,4200,4
9667,2024-07-02,4,18,84,10800,5
257,2023-01-26,25,17,84,10200,4
542,2023-02-22,5,9,84,4050,5
2594,2023-08-30,24,13,84,6500,5
2992,2023-09-13,22,8,84,3200,4
4167,2023-10-23,4,10,84,6000,5
4668,2023-11-09,9,9,84,6300,4
6171,2023-12-30,14,13,84,4160,4
9261,2024-05-13,3,16,84,4000,5
4417,2023-11-01,10,17,84,30600,4
7637,2024-02-20,2,6,84,5400,5
180,2023-01-20,2,9,84,8100,5
899,2023-03-24,17,11,84,6600,4
1558,2023-05-22,9,15,84,10500,5
5656,2023-12-12,11,5,84,2750,5
10337,2024-09-26,1,13,84,4550,4
150,2023-01-17,17,8,85,4800,4
189,2023-01-21,18,17,85,7650,5
388,2023-02-07,27,16,85,3200,5
563,2023-02-23,19,12,85,3600,4
983,2023-04-01,8,17,85,12750,5
2209,2023-07-23,25,20,85,12000,5
7515,2024-02-15,4,11,85,6600,4
8568,2024-03-21,4,5,85,3000,5
9570,2024-06-21,3,5,85,1250,5
10120,2024-08-31,1,5,85,1750,5
961,2023-03-30,27,7,85,1400,4
1146,2023-04-15,11,8,85,4400,4
1595,2023-05-25,26,10,85,9000,4
2150,2023-07-19,22,10,85,4000,4
2923,2023-09-10,24,8,85,4000,5
3563,2023-10-01,23,18,85,4500,4
4671,2023-11-09,10,12,85,21600,4
5206,2023-11-28,4,11,85,6600,5
5968,2023-12-23,14,14,85,4480,5
754,2023-03-10,20,17,85,13600,5
909,2023-03-25,14,15,85,4800,4
1113,2023-04-12,5,20,85,9000,4
2688,2023-09-03,24,9,85,4500,4
4742,2023-11-12,3,19,85,4750,4
5805,2023-12-18,9,9,85,6300,4
4562,2023-11-06,1,5,85,1750,4
6430,2024-01-08,14,13,85,4160,5
7032,2024-01-30,2,8,85,7200,5
207,2023-01-23,12,11,85,3300,5
389,2023-02-07,28,8,85,2400,4
2418,2023-08-13,24,18,85,9000,5
9680,2024-07-04,4,10,85,6000,5
927,2023-03-27,19,8,86,2400,4
4028,2023-10-17,11,6,86,3300,5
6892,2024-01-25,2,12,86,10800,4
7547,2024-02-17,2,14,86,12600,5
9049,2024-04-22,3,18,86,4500,5
9377,2024-05-26,2,14,86,12600,5
9460,2024-06-05,3,5,86,1250,5
10332,2024-09-25,4,7,86,4200,5
69,2023-01-08,23,16,86,4000,5
3676,2023-10-05,7,10,86,15000,4
4085,2023-10-20,2,13,86,11700,4
4719,2023-11-11,6,18,86,21600,4
4788,2023-11-13,8,10,86,7500,5
5154,2023-11-26,8,7,86,5250,4
5807,2023-12-18,10,16,86,28800,4
5832,2023-12-19,11,15,86,8250,5
6317,2024-01-04,14,17,86,5440,4
6993,2024-01-29,1,18,86,6300,4
7650,2024-02-20,4,11,86,6600,5
9812,2024-07-23,3,6,86,1500,5
9942,2024-08-08,2,20,86,18000,4
310,2023-01-31,9,15,86,10500,4
703,2023-03-05,23,12,86,3000,4
2087,2023-07-13,22,8,86,3200,4
3820,2023-10-10,5,10,86,4500,5
4111,2023-10-21,5,10,86,4500,5
6052,2023-12-26,14,20,86,6400,5
7130,2024-02-03,3,8,86,2000,4
8676,2024-03-25,2,8,86,7200,5
9768,2024-07-17,4,7,86,4200,4
3786,2023-10-09,2,10,86,9000,4
6928,2024-01-26,3,5,86,1250,5
8990,2024-04-16,2,13,86,11700,4
1010,2023-04-03,1,5,86,1750,5
6577,2024-01-13,3,13,86,3250,5
9333,2024-05-21,4,12,86,7200,4
3446,2023-09-28,21,6,86,3900,4
4249,2023-10-26,4,16,86,9600,5
9596,2024-06-24,1,14,86,4900,4
835,2023-03-17,12,13,87,3900,5
916,2023-03-26,17,13,87,7800,5
1525,2023-05-19,1,5,87,1750,4
2139,2023-07-18,14,8,87,2560,4
2501,2023-08-22,24,17,87,8500,5
4125,2023-10-21,11,10,87,5500,5
4535,2023-11-05,2,19,87,17100,5
4612,2023-11-07,11,9,87,4950,4
6984,2024-01-28,4,13,87,7800,4
7690,2024-02-22,2,19,87,17100,4
8039,2024-03-03,2,8,87,7200,5
8115,2024-03-05,4,10,87,6000,5
4843,2023-11-15,3,12,87,3000,4
5322,2023-12-01,9,9,87,6300,4
5645,2023-12-12,7,11,87,16500,5
5949,2023-12-23,14,19,87,6080,5
6571,2024-01-13,3,20,87,5000,4
2249,2023-07-27,8,7,87,5250,5
4450,2023-11-02,8,14,87,10500,4
9954,2024-08-09,3,11,87,2750,5
2092,2023-07-14,8,17,87,12750,4
5817,2023-12-18,11,10,87,5500,5
9130,2024-05-01,3,17,87,4250,4
10247,2024-09-15,3,12,87,3000,5
1349,2023-05-03,22,12,87,4800,4
4618,2023-11-08,1,9,87,3150,4
6129,2023-12-29,14,18,87,5760,5
6940,2024-01-26,4,16,87,9600,5
7192,2024-02-05,4,18,87,10800,5
7887,2024-02-29,2,16,87,14400,4
8996,2024-04-16,4,10,87,6000,4
1345,2023-05-03,7,19,87,28500,5
2113,2023-07-16,13,5,87,2250,5
4534,2023-11-05,2,8,87,7200,4
10060,2024-08-22,2,7,87,6300,5
770,2023-03-11,20,7,88,5600,5
1832,2023-06-16,7,20,88,30000,4
2099,2023-07-14,26,11,88,9900,5
2728,2023-09-05,24,13,88,6500,5
4078,2023-10-19,10,20,88,36000,5
4188,2023-10-23,10,15,88,27000,5
5323,2023-12-01,9,20,88,14000,4
6462,2024-01-09,14,10,88,3200,5
6820,2024-01-22,2,10,88,9000,4
7585,2024-02-18,3,15,88,3750,5
7919,2024-03-01,1,12,88,4200,4
9868,2024-07-31,3,13,88,3250,4
329,2023-02-01,20,19,88,15200,4
800,2023-03-14,11,18,88,9900,5
896,2023-03-24,2,10,88,9000,4
1047,2023-04-06,22,16,88,6400,4
1624,2023-05-28,17,8,88,4800,4
2037,2023-07-08,22,18,88,7200,4
2662,2023-09-02,24,12,88,6000,4
2734,2023-09-05,24,14,88,7000,5
3395,2023-09-26,22,16,88,6400,4
7182,2024-02-05,2,8,88,7200,5
7588,2024-02-18,3,15,88,3750,4
8241,2024-03-10,1,13,88,4550,4
9370,2024-05-25,3,8,88,2000,5
429,2023-02-11,14,7,88,2240,4
467,2023-02-15,6,14,88,16800,4
596,2023-02-26,10,6,88,10800,4
1959,2023-07-01,21,6,88,3900,5
1967,2023-07-02,7,10,88,15000,4
2042,2023-07-09,3,18,88,4500,5
4773,2023-11-13,3,14,88,3500,4
6943,2024-01-27,1,11,88,3850,5
720,2023-03-07,21,14,88,9100,5
2097,2023-07-14,15,16,88,5600,5
2383,2023-08-10,24,15,88,7500,5
6766,2024-01-20,3,7,88,1750,4
5506,2023-12-07,11,14,88,7700,4
5854,2023-12-20,14,16,88,5120,5
994,2023-04-02,9,13,88,9100,4
2713,2023-09-04,24,15,88,7500,4
5664,2023-12-13,7,14,88,21000,4
7335,2024-02-10,2,18,88,16200,4
8018,2024-03-02,4,8,88,4800,5
9064,2024-04-24,2,5,88,4500,5
1837,2023-06-16,17,11,89,6600,4
2008,2023-07-06,3,6,89,1500,5
3196,2023-09-20,21,10,89,6500,4
3866,2023-10-12,2,16,89,14400,5
4696,2023-11-10,9,17,89,11900,5
5956,2023-12-23,14,18,89,5760,4
6041,2023-12-26,14,17,89,5440,4
6653,2024-01-16,3,5,89,1250,5
7623,2024-02-19,4,13,89,7800,5
7732,2024-02-23,4,17,89,10200,4
9899,2024-08-04,2,11,89,9900,5
330,2023-02-01,21,15,89,9750,5
2481,2023-08-19,24,9,89,4500,4
3508,2023-09-30,21,6,89,3900,5
3720,2023-10-06,11,15,89,8250,5
5547,2023-12-09,2,17,89,15300,5
7901,2024-02-29,3,5,89,1250,5
7993,2024-03-02,2,5,89,4500,4
8768,2024-03-28,3,18,89,4500,5
819,2023-03-15,27,19,89,3800,5
1069,2023-04-08,22,15,89,6000,4
5253,2023-11-29,11,19,89,10450,5
6155,2023-12-29,14,12,89,3840,4
6261,2024-01-03,14,15,89,4800,4
6713,2024-01-18,4,12,89,7200,5
6977,2024-01-28,2,13,89,11700,4
3147,2023-09-18,23,8,89,2000,4
5347,2023-12-02,3,6,89,1500,5
2168,2023-07-21,7,18,89,27000,4
3343,2023-09-24,23,17,89,4250,4
6258,2024-01-02,14,9,89,2880,5
6343,2024-01-05,14,18,89,5760,5
115,2023-01-14,13,18,89,8100,5
3056,2023-09-15,24,20,89,10000,4
8456,2024-03-17,3,20,89,5000,5
1094,2023-04-10,6,18,90,21600,5
2354,2023-08-07,24,5,90,2500,4
3663,2023-10-04,11,16,90,8800,4
5882,2023-12-21,14,7,90,2240,5
6184,2023-12-31,14,15,90,4800,4
6696,2024-01-18,1,13,90,4550,5
8297,2024-03-12,1,11,90,3850,4
8390,2024-03-15,2,17,90,15300,4
8769,2024-03-28,4,17,90,10200,5
9318,2024-05-19,4,11,90,6600,5
9445,2024-06-04,2,6,90,5400,4
9611,2024-06-26,1,9,90,3150,4
9715,2024-07-09,3,5,90,1250,4
10161,2024-09-05,2,10,90,9000,5
211,2023-01-23,20,7,90,5600,4
270,2023-01-27,22,19,90,7600,4
470,2023-02-15,16,11,90,5500,5
687,2023-03-04,23,9,90,2250,4
779,2023-03-12,12,18,90,5400,4
791,2023-03-13,18,11,90,4950,5
1142,2023-04-14,28,17,90,5100,5
2447,2023-08-16,24,9,90,4500,5
2665,2023-09-02,24,20,90,10000,5
3054,2023-09-15,24,9,90,4500,4
3902,2023-10-13,3,16,90,4000,4
4421,2023-11-01,11,18,90,9900,4
4960,2023-11-19,3,6,90,1500,5
5574,2023-12-09,11,13,90,7150,5
6804,2024-01-22,1,18,90,6300,5
7107,2024-02-02,2,13,90,11700,4
7494,2024-02-15,2,11,90,9900,4
8022,2024-03-02,4,11,90,6600,5
1545,2023-05-21,10,12,90,21600,4
2823,2023-09-08,21,16,90,10400,5
4930,2023-11-18,7,19,90,28500,4
8417,2024-03-16,3,17,90,4250,5
8579,2024-03-22,1,19,90,6650,5
9223,2024-05-09,4,16,90,9600,5
3065,2023-09-16,21,15,90,9750,4
2589,2023-08-30,24,9,90,4500,4
5732,2023-12-16,4,13,90,7800,4
5975,2023-12-23,14,19,90,6080,4
91,2023-01-11,6,20,91,24000,4
208,2023-01-23,16,19,91,9500,4
498,2023-02-17,20,13,91,10400,5
3099,2023-09-17,22,6,91,2400,5
3699,2023-10-06,2,5,91,4500,4
4799,2023-11-14,1,7,91,2450,5
4955,2023-11-19,2,10,91,9000,5
6178,2023-12-31,14,13,91,4160,4
7596,2024-02-18,4,6,91,3600,5
8364,2024-03-14,3,5,91,1250,5
9188,2024-05-06,4,19,91,11400,5
10366,2024-09-29,4,10,91,6000,4
1024,2023-04-04,24,10,91,5000,5
1621,2023-05-28,13,16,91,7200,4
1975,2023-07-02,24,20,91,10000,5
2711,2023-09-04,24,10,91,5000,5
3357,2023-09-25,21,8,91,5200,5
4381,2023-10-31,6,8,91,9600,5
4413,2023-11-01,9,10,91,7000,4
5039,2023-11-22,2,16,91,14400,4
5245,2023-11-29,9,14,91,9800,4
6251,2024-01-02,14,9,91,2880,4
6744,2024-01-20,1,19,91,6650,4
6752,2024-01-20,1,20,91,7000,5
7269,2024-02-08,2,12,91,10800,5
7659,2024-02-21,2,15,91,13500,5
7776,2024-02-25,2,19,91,17100,5
9612,2024-06-26,1,5,91,1750,4
822,2023-03-16,8,20,91,15000,5
1949,2023-07-01,10,17,91,30600,5
2745,2023-09-05,24,8,91,4000,5
9068,2024-04-24,3,17,91,4250,4
10273,2024-09-19,2,5,91,4500,5
10319,2024-09-24,4,8,91,4800,5
695,2023-03-05,9,20,91,14000,5
6248,2024-01-02,14,14,91,4480,4
8576,2024-03-22,1,8,91,2800,4
5009,2023-11-20,11,19,91,10450,5
5590,2023-12-10,6,18,91,21600,4
571,2023-02-24,7,13,91,19500,4
4376,2023-10-31,4,16,91,9600,4
10104,2024-08-28,1,6,91,2100,5
1923,2023-06-28,22,14,92,5600,5
3180,2023-09-19,23,8,92,2000,4
3651,2023-10-04,6,12,92,14400,4
4782,2023-11-13,6,16,92,19200,4
5213,2023-11-28,9,18,92,12600,5
6152,2023-12-29,14,17,92,5440,5
6173,2023-12-30,14,14,92,4480,5
6671,2024-01-17,1,6,92,2100,5
6715,2024-01-18,4,6,92,3600,5
8245,2024-03-10,2,18,92,16200,4
8608,2024-03-23,1,16,92,5600,5
8666,2024-03-24,4,17,92,10200,5
9326,2024-05-20,2,20,92,18000,4
9659,2024-07-01,4,6,92,3600,4
10087,2024-08-26,1,7,92,2450,5
274,2023-01-28,12,18,92,5400,5
390,2023-02-08,12,5,92,1500,4
2012,2023-07-06,9,6,92,4200,4
3943,2023-10-14,7,16,92,24000,4
4161,2023-10-23,2,13,92,11700,4
4255,2023-10-26,7,11,92,16500,5
4474,2023-11-03,5,5,92,2250,4
4830,2023-11-14,10,7,92,12600,5
7017,2024-01-29,3,11,92,2750,4
7086,2024-02-01,2,8,92,7200,5
7737,2024-02-24,1,16,92,5600,5
9183,2024-05-06,1,15,92,5250,5
10049,2024-08-21,2,20,92,18000,4
10168,2024-09-05,4,15,92,9000,4
2018,2023-07-07,10,8,92,14400,5
2811,2023-09-07,24,18,92,9000,5
3460,2023-09-28,23,12,92,3000,5
6409,2024-01-07,14,10,92,3200,5
6772,2024-01-20,4,8,92,4800,4
4278,2023-10-27,6,12,92,14400,5
7627,2024-02-19,4,6,92,3600,4
10016,2024-08-16,2,9,92,8100,5
2760,2023-09-06,24,11,92,5500,4
3869,2023-10-12,3,9,92,2250,4
4527,2023-11-05,1,13,92,4550,4
7852,2024-02-27,4,20,92,12000,4
96,2023-01-11,22,8,93,3200,4
159,2023-01-18,7,7,93,10500,4
985,2023-04-01,18,20,93,9000,5
1935,2023-06-29,15,6,93,2100,4
2621,2023-09-01,24,9,93,4500,4
3746,2023-10-07,5,19,93,8550,5
5123,2023-11-25,7,14,93,21000,5
5783,2023-12-18,2,18,93,16200,5
6347,2024-01-05,14,19,93,6080,4
8623,2024-03-23,2,16,93,14400,4
8991,2024-04-16,3,14,93,3500,5
380,2023-02-06,25,17,93,10200,4
502,2023-02-17,28,10,93,3000,4
508,2023-02-19,2,11,93,9900,4
1888,2023-06-23,14,6,93,1920,5
2094,2023-07-14,11,12,93,6600,5
2482,2023-08-19,24,18,93,9000,4
3457,2023-09-28,23,12,93,3000,4
4411,2023-11-01,9,13,93,9100,4
8239,2024-03-10,1,20,93,7000,4
9563,2024-06-20,3,13,93,3250,5
2229,2023-07-25,21,16,93,10400,4
3298,2023-09-23,21,10,93,6500,4
3713,2023-10-06,7,19,93,28500,5
4098,2023-10-20,10,8,93,14400,5
4944,2023-11-18,11,6,93,3300,4
4609,2023-11-07,10,13,93,23400,4
8188,2024-03-08,2,17,93,15300,5
2316,2023-08-02,24,5,93,2500,5
3785,2023-10-09,2,11,93,9900,5
7945,2024-03-01,3,5,93,1250,4
481,2023-02-16,1,10,93,3500,4
7486,2024-02-14,4,12,93,7200,5
9717,2024-07-09,4,14,93,8400,4
1936,2023-06-29,19,19,93,5700,5
3628,2023-10-03,10,5,93,9000,4
5020,2023-11-21,6,5,93,6000,4
396,2023-02-08,24,12,94,6000,5
452,2023-02-13,28,10,94,3000,5
784,2023-03-12,23,8,94,2000,5
1513,2023-05-17,26,16,94,14400,4
2131,2023-07-17,25,8,94,4800,4
3513,2023-09-30,22,17,94,6800,5
3730,2023-10-07,2,5,94,4500,4
5794,2023-12-18,5,9,94,4050,4
5901,2023-12-21,14,13,94,4160,4
6022,2023-12-25,14,20,94,6400,4
7007,2024-01-29,2,14,94,12600,5
7300,2024-02-09,2,9,94,8100,5
9246,2024-05-11,4,9,94,5400,4
356,2023-02-03,16,20,94,10000,5
1114,2023-04-12,9,12,94,8400,5
2134,2023-07-18,4,6,94,3600,5
2595,2023-08-31,24,16,94,8000,4
4229,2023-10-25,6,10,94,12000,5
4783,2023-11-13,6,20,94,24000,4
5778,2023-12-18,1,9,94,3150,4
6292,2024-01-03,14,9,94,2880,4
6981,2024-01-28,3,6,94,1500,5
7466,2024-02-13,4,20,94,12000,5
1878,2023-06-22,17,5,94,3000,5
3548,2023-10-01,22,8,94,3200,5
7129,2024-02-03,3,8,94,2000,5
10352,2024-09-28,1,5,94,1750,4
1008,2023-04-02,28,7,94,2100,4
4214,2023-10-24,10,19,94,34200,5
5172,2023-11-27,4,14,94,8400,5
9684,2024-07-05,1,14,94,4900,4
4288,2023-10-27,8,14,94,10500,4
6496,2024-01-10,14,12,94,3840,5
10134,2024-09-02,2,11,94,9900,5
4002,2023-10-16,10,17,94,30600,4
89,2023-01-11,1,19,95,6650,4
969,2023-03-31,11,19,95,10450,4
1333,2023-05-02,1,19,95,6650,4
2872,2023-09-09,23,15,95,3750,4
3157,2023-09-18,24,19,95,9500,4
3201,2023-09-20,21,19,95,12350,5
3265,2023-09-22,22,5,95,2000,5
3695,2023-10-05,11,15,95,8250,5
4100,2023-10-20,11,14,95,7700,5
5095,2023-11-24,4,11,95,6600,5
7154,2024-02-04,2,5,95,4500,4
9162,2024-05-04,1,12,95,4200,5
10286,2024-09-20,2,6,95,5400,5
421,2023-02-10,19,9,95,2700,4
1026,2023-04-04,27,7,95,1400,4
1749,2023-06-07,23,19,95,4750,4
3308,2023-09-23,23,13,95,3250,4
4522,2023-11-04,11,10,95,5500,4
7352,2024-02-10,4,13,95,7800,4
8000,2024-03-02,3,6,95,1500,5
8395,2024-03-15,4,7,95,4200,4
9373,2024-05-25,4,11,95,6600,4
10313,2024-09-23,4,6,95,3600,5
1384,2023-05-06,17,19,95,11400,4
2184,2023-07-22,1,9,95,3150,5
3376,2023-09-25,24,12,95,6000,4
3440,2023-09-28,21,12,95,7800,4
4153,2023-10-22,11,19,95,10450,4
4156,2023-10-22,11,5,95,2750,5
4720,2023-11-11,6,11,95,13200,4
7215,2024-02-06,3,11,95,2750,4
9359,2024-05-24,4,8,95,4800,4
939,2023-03-29,12,14,96,4200,5
1960,2023-07-01,24,10,96,5000,4
3339,2023-09-24,23,19,96,4750,4
6618,2024-01-15,2,13,96,11700,5
6690,2024-01-18,1,17,96,5950,4
6881,2024-01-24,4,9,96,5400,5
7461,2024-02-13,4,9,96,5400,5
7797,2024-02-26,1,11,96,3850,4
9003,2024-04-17,3,19,96,4750,4
9033,2024-04-20,3,6,96,1500,4
1961,2023-07-01,25,17,96,10200,5
5582,2023-12-10,3,6,96,1500,5
6362,2024-01-06,14,20,96,6400,4
7136,2024-02-03,4,9,96,5400,5
7437,2024-02-13,1,6,96,2100,4
8189,2024-03-08,2,11,96,9900,4
2513,2023-08-23,24,15,96,7500,5
3560,2023-10-01,23,16,96,4000,4
5940,2023-12-22,14,9,96,2880,5
6197,2023-12-31,14,19,96,6080,5
6346,2024-01-05,14,12,96,3840,4
6770,2024-01-20,4,14,96,8400,4
7939,2024-03-01,2,8,96,7200,5
1304,2023-04-30,21,9,96,5850,4
4056,2023-10-19,1,16,96,5600,5
6026,2023-12-25,14,18,96,5760,4
6456,2024-01-09,14,9,96,2880,4
7823,2024-02-27,1,13,96,4550,4
9266,2024-05-14,1,16,96,5600,4
631,2023-03-01,10,14,96,25200,4
5443,2023-12-05,4,8,96,4800,4
5668,2023-12-13,8,12,96,9000,4
9285,2024-05-16,1,5,96,1750,4
9617,2024-06-27,1,16,96,5600,4
1356,2023-05-04,6,10,96,12000,4
5493,2023-12-07,7,10,96,15000,4
8896,2024-04-04,2,8,96,7200,5
63,2023-01-07,18,13,97,5850,5
595,2023-02-26,8,9,97,6750,5
866,2023-03-21,5,18,97,8100,5
1358,2023-05-04,9,14,97,9800,5
1424,2023-05-09,26,5,97,4500,5
1482,2023-05-15,5,9,97,4050,5
1628,2023-05-29,2,15,97,13500,4
2225,2023-07-25,11,12,97,6600,4
3903,2023-10-13,3,6,97,1500,5
4254,2023-10-26,6,19,97,22800,4
4346,2023-10-29,8,6,97,4500,5
4601,2023-11-07,8,15,97,11250,4
9227,2024-05-09,4,7,97,4200,5
9286,2024-05-16,1,11,97,3850,4
9566,2024-06-20,3,16,97,4000,5
25,2023-01-03,14,11,97,3520,4
296,2023-01-30,13,19,97,8550,4
2081,2023-07-12,24,20,97,10000,4
2096,2023-07-14,15,10,97,3500,4
3665,2023-10-05,1,11,97,3850,4
3941,2023-10-14,6,14,97,16800,4
5577,2023-12-10,1,14,97,4900,4
6492,2024-01-10,14,15,97,4800,4
8714,2024-03-26,3,12,97,3000,4
9399,2024-05-28,2,15,97,13500,5
2195,2023-07-22,21,18,97,11700,4
4610,2023-11-07,11,11,97,6050,5
4947,2023-11-18,11,10,97,5500,4
8940,2024-04-10,3,11,97,2750,4
3874,2023-10-12,4,12,97,7200,5
6796,2024-01-21,3,18,97,4500,5
8052,2024-03-03,4,16,97,9600,4
8087,2024-03-05,1,17,97,5950,5
9529,2024-06-15,4,9,97,5400,5
100,2023-01-12,14,18,98,5760,4
210,2023-01-23,16,9,98,4500,4
3525,2023-09-30,24,9,98,4500,5
3620,2023-10-03,6,6,98,7200,4
3996,2023-10-16,8,14,98,10500,5
4219,2023-10-25,1,8,98,2800,5
4704,2023-11-10,11,18,98,9900,5
5405,2023-12-04,1,12,98,4200,4
5592,2023-12-10,6,16,98,19200,4
5743,2023-12-16,8,7,98,5250,4
5921,2023-12-22,14,11,98,3520,5
6078,2023-12-27,14,13,98,4160,5
6290,2024-01-03,14,8,98,2560,5
6692,2024-01-18,1,11,98,3850,5
6825,2024-01-22,3,20,98,5000,4
8272,2024-03-11,2,16,98,14400,4
8693,2024-03-25,4,6,98,3600,5
8761,2024-03-28,3,17,98,4250,4
9708,2024-07-08,4,20,98,12000,4
315,2023-01-31,22,5,98,2000,4
593,2023-02-26,2,13,98,11700,4
1993,2023-07-04,18,15,98,6750,5
2435,2023-08-15,24,5,98,2500,5
2558,2023-08-27,24,19,98,9500,4
2586,2023-08-29,24,15,98,7500,4
3239,2023-09-21,22,20,98,8000,5
3652,2023-10-04,7,16,98,24000,5
3672,2023-10-05,5,17,98,7650,5
6946,2024-01-27,1,9,98,3150,4
8504,2024-03-19,1,13,98,4550,5
9946,2024-08-08,4,14,98,8400,5
670,2023-03-03,22,17,98,6800,5
1767,2023-06-10,2,14,98,12600,5
2566,2023-08-28,24,7,98,3500,5
5703,2023-12-15,1,11,98,3850,5
672,2023-03-03,25,9,98,5400,4
8614,2024-03-23,1,18,98,6300,4
2421,2023-08-13,24,19,98,9500,4
9039,2024-04-21,1,9,98,3150,5
10216,2024-09-12,3,12,98,3000,5
6724,2024-01-19,1,19,98,6650,4
6797,2024-01-21,3,19,98,4750,4
7885,2024-02-29,1,10,98,3500,5
834,2023-03-17,8,15,99,11250,4
1547,2023-05-21,19,10,99,3000,4
1562,2023-05-22,24,9,99,4500,4
2759,2023-09-06,24,14,99,7000,5
4865,2023-11-16,1,7,99,2450,5
5086,2023-11-23,10,16,99,28800,4
6210,2024-01-01,14,12,99,3840,5
6609,2024-01-14,4,8,99,4800,4
6857,2024-01-23,4,16,99,9600,4
7260,2024-02-08,1,8,99,2800,5
7979,2024-03-02,2,10,99,9000,4
8903,2024-04-05,1,10,99,3500,5
8927,2024-04-08,3,17,99,4250,5
2408,2023-08-12,24,14,99,7000,5
2686,2023-09-03,24,20,99,10000,4
2824,2023-09-08,21,14,99,9100,5
3128,2023-09-18,22,17,99,6800,5
3218,2023-09-20,24,6,99,3000,4
3311,2023-09-23,23,12,99,3000,4
4666,2023-11-09,8,16,99,12000,5
5402,2023-12-04,1,16,99,5600,5
6144,2023-12-29,14,8,99,2560,5
6216,2024-01-01,14,19,99,6080,4
6608,2024-01-14,4,16,99,9600,5
8862,2024-03-31,4,18,99,10800,5
8955,2024-04-12,4,18,99,10800,4
10100,2024-08-27,3,5,99,1250,5
690,2023-03-05,4,15,99,9000,5
3859,2023-10-11,11,18,99,9900,4
3957,2023-10-15,1,7,99,2450,4
4991,2023-11-20,4,9,99,5400,4
4806,2023-11-14,4,14,99,8400,4
8670,2024-03-24,4,18,99,10800,4
548,2023-02-22,16,8,99,4000,4
2857,2023-09-09,22,7,99,2800,5
4049,2023-10-18,10,6,99,10800,5
4983,2023-11-20,1,20,99,7000,4
3940,2023-10-14,6,19,99,22800,4
6927,2024-01-26,3,8,99,2000,5
7632,2024-02-20,1,8,99,2800,5
9536,2024-06-16,2,20,99,18000,5
4973,2023-11-19,7,11,99,16500,4
6136,2023-12-29,14,15,99,4800,4
7745,2024-02-24,2,6,99,5400,4
10229,2024-09-13,2,6,99,5400,5
940,2023-03-29,13,11,100,4950,4
964,2023-03-31,3,18,100,4500,4
2083,2023-07-13,13,9,100,4050,5
2397,2023-08-11,24,15,100,7500,5
3384,2023-09-26,21,14,100,9100,5
4520,2023-11-04,10,18,100,32400,4
5177,2023-11-27,6,14,100,16800,4
5352,2023-12-02,4,5,100,3000,5
6186,2023-12-31,14,8,100,2560,5
7110,2024-02-02,3,17,100,4250,4
7521,2024-02-16,1,20,100,7000,5
9343,2024-05-23,1,11,100,3850,5
9501,2024-06-12,2,7,100,6300,5
9827,2024-07-25,1,16,100,5600,5
9945,2024-08-08,4,11,100,6600,5
406,2023-02-09,15,7,100,2450,5
2101,2023-07-15,6,20,100,24000,5
2813,2023-09-07,24,17,100,8500,4
2909,2023-09-10,22,15,100,6000,5
4289,2023-10-27,8,16,100,12000,4
4537,2023-11-05,3,9,100,2250,4
4740,2023-11-12,3,17,100,4250,5
5692,2023-12-14,7,16,100,24000,4
6379,2024-01-06,14,6,100,1920,4
6405,2024-01-07,14,19,100,6080,4
6767,2024-01-20,3,17,100,4250,4
7021,2024-01-29,4,20,100,12000,4
7707,2024-02-23,1,18,100,6300,5
8491,2024-03-18,4,10,100,6000,4
844,2023-03-18,4,14,100,8400,4
4141,2023-10-22,8,10,100,7500,4
4309,2023-10-28,4,20,100,12000,5
4836,2023-11-15,1,15,100,5250,4
6747,2024-01-20,1,12,100,4200,5
1989,2023-07-04,9,13,100,9100,4
5315,2023-12-01,7,18,100,27000,5
7709,2024-02-23,1,9,100,3150,5
3316,2023-09-23,23,7,100,1750,4
4894,2023-11-17,5,10,100,4500,4
6440,2024-01-08,14,8,100,2560,4
9593,2024-06-23,3,10,100,2500,4
9811,2024-07-23,3,13,100,3250,4
5947,2023-12-23,14,15,100,4800,5
306,2023-01-30,27,13,101,2600,4
1290,2023-04-28,22,15,101,6000,4
3123,2023-09-18,21,12,101,7800,5
3330,2023-09-24,21,12,101,7800,4
5584,2023-12-10,4,9,101,5400,5
7273,2024-02-08,2,9,101,8100,4
8153,2024-03-07,1,13,101,4550,4
8799,2024-03-29,3,8,101,2000,4
9614,2024-06-26,3,6,101,1500,5
10250,2024-09-15,4,6,101,3600,5
157,2023-01-18,3,15,101,3750,5
462,2023-02-14,25,8,101,4800,5
952,2023-03-30,9,7,101,4900,4
3447,2023-09-28,21,18,101,11700,5
3908,2023-10-13,5,11,101,4950,4
6441,2024-01-08,14,5,101,1600,4
6938,2024-01-26,4,11,101,6600,5
8244,2024-03-10,2,12,101,10800,5
9808,2024-07-23,1,16,101,5600,5
328,2023-02-01,17,15,101,9000,5
499,2023-02-17,20,16,101,12800,5
1331,2023-05-01,28,6,101,1800,5
2326,2023-08-03,24,16,101,8000,5
2489,2023-08-20,24,18,101,9000,5
2807,2023-09-07,24,8,101,4000,4
6288,2024-01-03,14,9,101,2880,5
7350,2024-02-10,4,11,101,6600,4
478,2023-02-15,26,18,101,16200,4
4444,2023-11-02,6,20,101,24000,4
7927,2024-03-01,2,15,101,13500,5
10269,2024-09-18,4,8,101,4800,4
5,2023-01-01,17,11,101,6600,4
357,2023-02-03,22,9,101,3600,4
1597,2023-05-26,9,20,101,14000,5
895,2023-03-24,1,18,102,6300,4
1546,2023-05-21,17,6,102,3600,5
2165,2023-07-20,25,10,102,6000,4
2391,2023-08-10,24,14,102,7000,5
4292,2023-10-27,10,12,102,21600,4
4893,2023-11-17,5,6,102,2700,4
5868,2023-12-20,14,13,102,4160,4
6809,2024-01-22,1,9,102,3150,5
6874,2024-01-24,3,11,102,2750,4
7428,2024-02-12,4,19,102,11400,5
8710,2024-03-26,3,5,102,1250,4
8866,2024-04-01,1,7,102,2450,5
8918,2024-04-07,1,15,102,5250,5
9013,2024-04-18,3,6,102,1500,4
9981,2024-08-12,2,7,102,6300,4
1402,2023-05-08,16,10,102,5000,4
1980,2023-07-03,2,9,102,8100,5
4626,2023-11-08,4,13,102,7800,4
4936,2023-11-18,9,9,102,6300,5
6276,2024-01-03,14,7,102,2240,4
7208,2024-02-06,2,16,102,14400,4
7916,2024-03-01,1,11,102,3850,5
8383,2024-03-15,2,8,102,7200,5
9379,2024-05-26,3,16,102,4000,4
10162,2024-09-05,2,18,102,16200,4
147,2023-01-17,7,20,102,30000,4
570,2023-02-24,5,10,102,4500,5
793,2023-03-13,20,15,102,12000,4
4069,2023-10-19,5,14,102,6300,4
8815,2024-03-30,1,13,102,4550,5
3798,2023-10-09,7,15,102,22500,4
697,2023-03-05,10,6,102,10800,4
6341,2024-01-05,14,15,102,4800,5
1205,2023-04-22,2,18,103,16200,5
2691,2023-09-03,24,11,103,5500,4
4749,2023-11-12,6,8,103,9600,5
7761,2024-02-25,1,6,103,2100,5
8591,2024-03-22,2,6,103,5400,4
8883,2024-04-02,4,20,103,12000,5
169,2023-01-19,1,12,103,4200,4
1181,2023-04-19,20,17,103,13600,4
1268,2023-04-27,8,6,103,4500,4
1487,2023-05-15,14,7,103,2240,4
1755,2023-06-08,17,10,103,6000,4
4263,2023-10-27,1,20,103,7000,5
4515,2023-11-04,10,7,103,12600,4
6306,2024-01-04,14,7,103,2240,4
6845,2024-01-23,3,6,103,1500,5
6963,2024-01-27,4,9,103,5400,4
9214,2024-05-09,1,7,103,2450,4
9908,2024-08-05,1,14,103,4900,4
10363,2024-09-29,3,16,103,4000,5
1890,2023-06-23,17,16,103,9600,5
9066,2024-04-24,3,13,103,3250,5
1299,2023-04-30,1,8,103,2800,5
2427,2023-08-14,24,8,103,4000,4
2555,2023-08-27,24,16,103,8000,5
10203,2024-09-10,3,20,103,5000,4
2137,2023-07-18,10,9,103,16200,5
4811,2023-11-14,5,20,103,9000,4
5826,2023-12-19,7,16,103,24000,4
8203,2024-03-08,3,13,103,3250,5
9059,2024-04-23,3,7,103,1750,5
9076,2024-04-25,2,16,103,14400,4
9991,2024-08-13,1,12,103,4200,4
322,2023-02-01,9,17,104,11900,4
336,2023-02-02,4,13,104,7800,4
412,2023-02-09,26,5,104,4500,4
1751,2023-06-08,3,11,104,2750,4
2763,2023-09-06,24,10,104,5000,4
3612,2023-10-03,1,19,104,6650,4
4779,2023-11-13,5,9,104,4050,4
5652,2023-12-12,11,7,104,3850,5
5872,2023-12-20,14,18,104,5760,5
5911,2023-12-22,14,13,104,4160,4
6097,2023-12-28,14,20,104,6400,5
6170,2023-12-30,14,6,104,1920,5
6888,2024-01-25,1,20,104,7000,4
7264,2024-02-08,1,5,104,1750,4
8632,2024-03-23,4,9,104,5400,5
8638,2024-03-24,1,5,104,1750,5
1031,2023-04-05,14,6,104,1920,4
2893,2023-09-10,21,10,104,6500,5
3167,2023-09-19,22,11,104,4400,5
4298,2023-10-27,11,19,104,10450,5
5098,2023-11-24,4,20,104,12000,5
6304,2024-01-04,14,17,104,5440,5
8477,2024-03-18,2,14,104,12600,4
10084,2024-08-25,4,17,104,10200,5
1387,2023-05-06,28,5,104,1500,5
1798,2023-06-12,19,17,104,5100,5
4961,2023-11-19,4,15,104,9000,4
9489,2024-06-10,1,15,104,5250,5
6092,2023-12-28,14,20,104,6400,4
6487,2024-01-10,14,5,104,1600,5
8183,2024-03-08,2,9,104,8100,5
1465,2023-05-13,22,11,104,4400,4
3904,2023-10-13,4,13,104,7800,5
5814,2023-12-18,11,11,104,6050,4
6058,2023-12-26,14,12,104,3840,5
7981,2024-03-02,2,16,104,14400,4
2292,2023-07-31,27,19,104,3800,5
7171,2024-02-04,4,7,104,4200,5
641,2023-03-01,27,17,105,3400,5
1879,2023-06-22,18,11,105,4950,5
3335,2023-09-24,22,9,105,3600,5
3476,2023-09-29,21,20,105,13000,5
4736,2023-11-12,2,6,105,5400,4
4809,2023-11-14,4,13,105,7800,4
4982,2023-11-20,1,8,105,2800,5
5780,2023-12-18,1,20,105,7000,5
6562,2024-01-13,2,16,105,14400,5
7555,2024-02-17,3,11,105,2750,5
8001,2024-03-02,3,8,105,2000,4
8598,2024-03-22,3,17,105,4250,5
9806,2024-07-22,3,12,105,3000,5
623,2023-03-01,1,12,105,4200,4
1529,2023-05-19,11,18,105,9900,4
2175,2023-07-21,12,12,105,3600,5
5434,2023-12-05,2,10,105,9000,5
5967,2023-12-23,14,7,105,2240,4
6250,2024-01-02,14,6,105,1920,4
7229,2024-02-07,1,8,105,2800,5
7502,2024-02-15,3,16,105,4000,5
8182,2024-03-08,1,11,105,3850,4
8571,2024-03-21,4,10,105,6000,4
9762,2024-07-16,2,12,105,10800,4
143,2023-01-16,22,14,105,5600,5
861,2023-03-20,16,17,105,8500,4
4114,2023-10-21,6,16,105,19200,5
4604,2023-11-07,9,16,105,11200,5
4925,2023-11-18,6,8,105,9600,4
4950,2023-11-19,1,16,105,5600,4
7056,2024-01-31,2,17,105,15300,5
8872,2024-04-01,3,17,105,4250,5
4485,2023-11-03,8,12,105,9000,4
1786,2023-06-11,11,5,105,2750,4
6308,2024-01-04,14,11,105,3520,4
6337,2024-01-05,14,12,105,3840,5
1153,2023-04-16,3,17,105,4250,4
3792,2023-10-09,5,6,105,2700,4
35,2023-01-04,15,14,106,4900,5
564,2023-02-23,19,7,106,2100,5
1769,2023-06-10,3,16,106,4000,4
2232,2023-07-26,1,13,106,4550,5
2689,2023-09-03,24,15,106,7500,4
3131,2023-09-18,22,20,106,8000,4
4597,2023-11-07,4,11,106,6600,4
4646,2023-11-08,11,17,106,9350,4
5143,2023-11-26,4,11,106,6600,5
5267,2023-11-30,6,15,106,18000,4
6893,2024-01-25,2,9,106,8100,5
7579,2024-02-18,2,18,106,16200,4
9410,2024-05-30,1,14,106,4900,4
10307,2024-09-22,3,11,106,2750,5
1954,2023-07-01,14,13,106,4160,5
2472,2023-08-19,24,5,106,2500,4
2504,2023-08-22,24,11,106,5500,4
3416,2023-09-27,22,15,106,6000,5
3842,2023-10-11,2,6,106,5400,4
4221,2023-10-25,2,6,106,5400,4
4772,2023-11-13,3,17,106,4250,5
5296,2023-12-01,5,18,106,8100,4
8646,2024-03-24,2,11,106,9900,5
8774,2024-03-28,4,15,106,9000,4
8871,2024-04-01,3,8,106,2000,4
9740,2024-07-13,1,17,106,5950,4
10082,2024-08-25,3,13,106,3250,5
539,2023-02-22,1,5,106,1750,5
1228,2023-04-23,22,20,106,8000,5
1721,2023-06-06,1,12,106,4200,5
3578,2023-10-02,1,7,106,2450,4
3677,2023-10-05,7,13,106,19500,5
4368,2023-10-30,11,19,106,10450,5
5125,2023-11-25,8,15,106,11250,4
7963,2024-03-02,1,6,106,2100,4
7383,2024-02-11,3,12,106,3000,4
7441,2024-02-13,2,17,106,15300,4
9491,2024-06-10,3,17,106,4250,4
8136,2024-03-06,2,19,106,17100,4
8839,2024-03-31,1,10,106,3500,4
558,2023-02-23,9,12,107,8400,4
648,2023-03-02,8,9,107,6750,5
1283,2023-04-28,10,17,107,30600,5
2117,2023-07-16,21,5,107,3250,4
2458,2023-08-17,24,9,107,4500,4
2769,2023-09-06,24,15,107,7500,4
3566,2023-10-01,24,19,107,9500,5
3882,2023-10-12,7,7,107,10500,4
4129,2023-10-22,2,12,107,10800,4
4702,2023-11-10,10,18,107,32400,4
5080,2023-11-23,8,6,107,4500,5
5841,2023-12-19,14,17,107,5440,4
5951,2023-12-23,14,10,107,3200,5
7127,2024-02-03,2,7,107,6300,4
8031,2024-03-03,1,16,107,5600,4
8318,2024-03-13,1,15,107,5250,5
8814,2024-03-30,1,16,107,5600,5
9146,2024-05-02,3,20,107,5000,4
9474,2024-06-08,1,19,107,6650,4
10170,2024-09-05,4,12,107,7200,5
116,2023-01-14,14,15,107,4800,5
509,2023-02-19,8,5,107,3750,5
1104,2023-04-11,8,10,107,7500,4
2067,2023-07-11,26,16,107,14400,4
2208,2023-07-23,23,11,107,2750,4
3846,2023-10-11,4,11,107,6600,5
5973,2023-12-23,14,17,107,5440,5
6450,2024-01-09,14,17,107,5440,4
6843,2024-01-23,2,6,107,5400,4
7022,2024-01-29,4,19,107,11400,4
8933,2024-04-09,2,11,107,9900,5
8953,2024-04-12,3,16,107,4000,4
1582,2023-05-24,14,19,107,6080,4
2079,2023-07-12,17,9,107,5400,4
3092,2023-09-17,21,20,107,13000,4
4781,2023-11-13,5,15,107,6750,4
4914,2023-11-18,2,18,107,16200,5
5399,2023-12-03,7,12,107,18000,4
7810,2024-02-26,3,11,107,2750,5
7856,2024-02-28,1,11,107,3850,5
1006,2023-04-02,25,18,107,10800,5
7272,2024-02-08,2,6,107,5400,4
8338,2024-03-13,4,10,107,6000,4
5633,2023-12-12,2,12,107,10800,4
7991,2024-03-02,2,16,107,14400,4
9951,2024-08-09,2,18,107,16200,4
6172,2023-12-30,14,8,107,2560,5
8013,2024-03-02,4,8,107,4800,5
8414,2024-03-16,2,12,107,10800,4
1486,2023-05-15,14,8,108,2560,4
1713,2023-06-05,10,12,108,21600,5
2956,2023-09-11,24,12,108,6000,4
3895,2023-10-12,11,20,108,11000,4
5698,2023-12-14,9,5,108,3500,5
7622,2024-02-19,4,16,108,9600,5
9334,2024-05-22,1,10,108,3500,4
9779,2024-07-19,1,11,108,3850,4
9964,2024-08-10,3,12,108,3000,5
1157,2023-04-16,23,12,108,3000,4
1842,2023-06-17,12,5,108,1500,5
6718,2024-01-19,1,19,108,6650,4
7462,2024-02-13,4,17,108,10200,4
7506,2024-02-15,3,19,108,4750,4
8009,2024-03-02,3,17,108,4250,5
9707,2024-07-08,3,15,108,3750,4
9966,2024-08-10,4,18,108,10800,4
10089,2024-08-26,2,13,108,11700,5
10126,2024-09-01,1,19,108,6650,5
815,2023-03-15,24,11,108,5500,4
1301,2023-04-30,8,15,108,11250,5
1469,2023-05-14,3,8,108,2000,4
3231,2023-09-21,21,8,108,5200,4
3618,2023-10-03,6,19,108,22800,5
4952,2023-11-19,2,14,108,12600,4
7900,2024-02-29,3,6,108,1500,5
8680,2024-03-25,2,10,108,9000,5
4262,2023-10-26,11,6,108,3300,5
7955,2024-03-01,4,9,108,5400,5
8283,2024-03-11,4,15,108,9000,4
10388,2024-10-01,4,15,109,9000,4
359,2023-02-03,25,11,109,6600,5
704,2023-03-05,25,10,109,6000,4
1078,2023-04-09,11,17,109,9350,4
1634,2023-05-29,22,6,109,2400,5
3529,2023-09-30,24,8,109,4000,5
3709,2023-10-06,7,10,109,15000,4
5685,2023-12-14,5,18,109,8100,4
6047,2023-12-26,14,8,109,2560,4
6805,2024-01-22,1,7,109,2450,5
8840,2024-03-31,1,11,109,3850,5
9369,2024-05-25,3,13,109,3250,5
10067,2024-08-23,1,13,109,4550,4
2076,2023-07-12,15,14,109,4900,4
2456,2023-08-17,24,9,109,4500,4
3048,2023-09-15,23,13,109,3250,4
4031,2023-10-18,2,7,109,6300,5
4833,2023-11-15,1,5,109,1750,4
5704,2023-12-15,2,7,109,6300,4
6458,2024-01-09,14,14,109,4480,5
6812,2024-01-22,2,20,109,18000,4
6982,2024-01-28,3,15,109,3750,4
7083,2024-02-01,2,14,109,12600,4
7256,2024-02-08,1,17,109,5950,5
8796,2024-03-29,3,14,109,3500,4
10317,2024-09-24,3,18,109,4500,4
111,2023-01-13,22,9,109,3600,5
1895,2023-06-24,11,8,109,4400,5
2153,2023-07-19,25,6,109,3600,4
2964,2023-09-12,22,12,109,4800,4
3244,2023-09-21,23,6,109,1500,4
3491,2023-09-29,22,15,109,6000,5
3741,2023-10-07,5,7,109,3150,5
4103,2023-10-20,11,19,109,10450,4
6318,2024-01-04,14,18,109,5760,5
9,2023-01-02,3,11,109,2750,4
5016,2023-11-21,5,13,109,5850,4
1383,2023-05-06,17,7,109,4200,5
1676,2023-06-02,15,18,109,6300,4
891,2023-03-23,16,5,109,2500,4
7343,2024-02-10,3,18,109,4500,5
460,2023-02-14,19,16,110,4800,4
1686,2023-06-03,11,9,110,4950,5
2908,2023-09-10,22,6,110,2400,4
3951,2023-10-14,9,13,110,9100,4
4352,2023-10-29,10,17,110,30600,5
4486,2023-11-03,8,6,110,4500,5
5150,2023-11-26,5,11,110,4950,4
5181,2023-11-27,7,14,110,21000,4
6056,2023-12-26,14,17,110,5440,5
7289,2024-02-08,4,19,110,11400,5
7749,2024-02-24,3,10,110,2500,5
9189,2024-05-06,4,9,110,5400,4
9234,2024-05-10,4,6,110,3600,5
9933,2024-08-07,1,11,110,3850,5
10204,2024-09-10,3,17,110,4250,4
12,2023-01-02,21,9,110,5850,4
2948,2023-09-11,23,15,110,3750,5
3843,2023-10-11,3,18,110,4500,5
4996,2023-11-20,6,8,110,9600,5
5111,2023-11-25,1,6,110,2100,4
6234,2024-01-01,14,5,110,1600,5
7434,2024-02-12,4,6,110,3600,4
7855,2024-02-27,4,16,110,9600,4
7925,2024-03-01,2,14,110,12600,4
7931,2024-03-01,2,18,110,16200,5
8316,2024-03-12,4,6,110,3600,4
8394,2024-03-15,3,14,110,3500,4
9176,2024-05-05,3,13,110,3250,4
9353,2024-05-24,1,19,110,6650,4
528,2023-02-21,8,11,110,8250,5
828,2023-03-16,27,20,110,4000,4
2147,2023-07-19,9,16,110,11200,4
2256,2023-07-28,13,18,110,8100,4
2766,2023-09-06,24,17,110,8500,5
2821,2023-09-08,21,15,110,9750,4
3002,2023-09-14,21,8,110,5200,4
3662,2023-10-04,11,19,110,10450,5
4384,2023-10-31,8,9,110,6750,4
6123,2023-12-28,14,5,110,1600,5
7581,2024-02-18,2,6,110,5400,4
62,2023-01-07,14,11,110,3520,5
1044,2023-04-06,18,20,110,9000,5
3374,2023-09-25,23,6,110,1500,5
4552,2023-11-05,8,15,110,11250,5
8733,2024-03-27,2,16,110,14400,5
5081,2023-11-23,9,14,110,9800,5
7984,2024-03-02,2,5,110,4500,4
3739,2023-10-07,4,13,110,7800,4
5006,2023-11-20,11,10,110,5500,4
6102,2023-12-28,14,15,110,4800,4
1232,2023-04-23,28,17,111,5100,4
1328,2023-05-01,24,14,111,7000,4
3005,2023-09-14,21,18,111,11700,4
3575,2023-10-01,24,6,111,3000,4
4863,2023-11-15,11,17,111,9350,4
8010,2024-03-02,3,5,111,1250,5
8793,2024-03-29,2,13,111,11700,4
9085,2024-04-26,3,9,111,2250,4
9686,2024-07-05,1,19,111,6650,5
10276,2024-09-19,3,13,111,3250,4
10287,2024-09-20,2,17,111,15300,5
1693,2023-06-03,27,15,111,3000,4
1875,2023-06-22,1,16,111,5600,4
3769,2023-10-08,6,18,111,21600,4
4277,2023-10-27,6,9,111,10800,5
5051,2023-11-22,7,19,111,28500,5
3028,2023-09-14,24,13,111,6500,5
6137,2023-12-29,14,15,111,4800,5
9116,2024-05-01,1,11,111,3850,4
5191,2023-11-27,10,6,111,10800,5
10348,2024-09-27,3,13,111,3250,5
3422,2023-09-27,23,20,111,5000,4
2547,2023-08-26,24,16,111,8000,4
4026,2023-10-17,10,19,111,34200,5
6257,2024-01-02,14,16,111,5120,5
6898,2024-01-25,3,10,111,2500,5
3022,2023-09-14,24,16,112,8000,5
3035,2023-09-15,21,18,112,11700,5
5140,2023-11-26,2,8,112,7200,4
5283,2023-12-01,2,18,112,16200,5
5907,2023-12-21,14,13,112,4160,4
6166,2023-12-30,14,9,112,2880,4
6228,2024-01-01,14,14,112,4480,5
7173,2024-02-04,4,16,112,9600,4
325,2023-02-01,10,9,112,16200,4
813,2023-03-15,17,8,112,4800,5
947,2023-03-30,5,15,112,6750,4
3296,2023-09-23,21,19,112,12350,5
3776,2023-10-08,11,13,112,7150,5
6094,2023-12-28,14,6,112,1920,4
7296,2024-02-09,1,16,112,5600,5
7387,2024-02-11,4,20,112,12000,5
8168,2024-03-07,3,9,112,2250,4
8292,2024-03-12,1,20,112,7000,5
9251,2024-05-12,3,9,112,2250,4
9438,2024-06-02,3,5,112,1250,5
9658,2024-07-01,4,5,112,3000,4
77,2023-01-10,3,10,112,2500,5
922,2023-03-27,7,13,112,19500,5
1569,2023-05-23,5,19,112,8550,5
2289,2023-07-31,11,19,112,10450,5
3698,2023-10-06,2,18,112,16200,4
4482,2023-11-03,6,16,112,19200,5
6597,2024-01-14,2,9,112,8100,4
9877,2024-08-02,1,5,112,1750,5
999,2023-04-02,16,20,112,10000,5
6693,2024-01-18,1,12,112,4200,4
9520,2024-06-15,1,13,112,4550,5
652,2023-03-02,19,14,112,4200,5
6083,2023-12-27,14,14,112,4480,4
3115,2023-09-17,24,6,112,3000,4
7571,2024-02-18,1,8,112,2800,4
9613,2024-06-26,3,11,112,2750,4
757,2023-03-10,24,14,113,7000,4
4408,2023-11-01,8,16,113,12000,5
4622,2023-11-08,2,16,113,14400,5
6163,2023-12-30,14,19,113,6080,5
6281,2024-01-03,14,11,113,3520,4
6903,2024-01-25,3,16,113,4000,5
7962,2024-03-01,4,20,113,12000,4
8226,2024-03-09,2,5,113,4500,4
8409,2024-03-16,1,10,113,3500,4
9341,2024-05-23,1,5,113,1750,5
9854,2024-07-29,3,10,113,2500,5
747,2023-03-10,2,5,113,4500,4
1593,2023-05-25,20,8,113,6400,5
2221,2023-07-24,25,7,113,4200,4
4060,2023-10-19,3,9,113,2250,5
7010,2024-01-29,2,5,113,4500,4
7446,2024-02-13,3,12,113,3000,4
8076,2024-03-04,4,8,113,4800,5
1483,2023-05-15,6,10,113,12000,4
2109,2023-07-16,5,5,113,2250,5
2247,2023-07-27,5,17,113,7650,4
2581,2023-08-28,24,5,113,2500,5
4228,2023-10-25,5,10,113,4500,5
4818,2023-11-14,7,20,113,30000,5
4942,2023-11-18,10,17,113,30600,5
9786,2024-07-19,4,10,113,6000,5
4624,2023-11-08,4,20,113,12000,4
3958,2023-10-15,2,14,113,12600,5
4732,2023-11-11,11,11,113,6050,4
10059,2024-08-22,2,19,113,17100,5
2913,2023-09-10,22,18,113,7200,4
2968,2023-09-12,22,20,113,8000,5
6275,2024-01-03,14,5,113,1600,5
731,2023-03-08,24,13,114,6500,4
2858,2023-09-09,22,17,114,6800,4
3245,2023-09-21,23,20,114,5000,5
3684,2023-10-05,8,16,114,12000,4
3912,2023-10-13,7,11,114,16500,5
4024,2023-10-17,10,10,114,18000,5
5232,2023-11-29,6,5,114,6000,4
7014,2024-01-29,3,17,114,4250,5
7190,2024-02-05,3,11,114,2750,5
7544,2024-02-17,2,14,114,12600,4
8619,2024-03-23,2,20,114,18000,5
9567,2024-06-21,1,5,114,1750,4
9691,2024-07-05,3,11,114,2750,4
9777,2024-07-18,4,19,114,11400,4
10346,2024-09-27,2,8,114,7200,5
355,2023-02-03,12,12,114,3600,4
801,2023-03-14,13,14,114,6300,4
923,2023-03-27,10,19,114,34200,5
1378,2023-05-06,2,12,114,10800,4
2990,2023-09-13,22,10,114,4000,5
3161,2023-09-19,21,18,114,11700,5
6702,2024-01-18,2,13,114,11700,5
7560,2024-02-17,3,20,114,5000,4
7905,2024-02-29,4,6,114,3600,5
8264,2024-03-11,1,17,114,5950,4
8678,2024-03-25,2,10,114,9000,4
377,2023-02-06,18,7,114,3150,5
949,2023-03-30,6,19,114,22800,4
1032,2023-04-05,25,8,114,4800,5
2578,2023-08-28,24,10,114,5000,4
3968,2023-10-15,5,13,114,5850,5
4822,2023-11-14,8,19,114,14250,4
6807,2024-01-22,1,19,114,6650,5
8682,2024-03-25,2,15,114,13500,4
1,2023-01-01,2,12,114,10800,4
113,2023-01-13,25,6,114,3600,4
333,2023-02-01,25,9,114,5400,4
5987,2023-12-24,14,7,114,2240,4
8253,2024-03-10,3,17,114,4250,4
5155,2023-11-26,9,19,114,13300,5
2764,2023-09-06,24,5,114,2500,4
5689,2023-12-14,6,18,114,21600,5
6369,2024-01-06,14,18,114,5760,4
142,2023-01-16,19,5,115,1500,4
323,2023-02-01,9,19,115,13300,5
507,2023-02-18,25,10,115,6000,4
958,2023-03-30,25,8,115,4800,5
1393,2023-05-07,11,15,115,8250,5
2732,2023-09-05,24,13,115,6500,4
3141,2023-09-18,23,11,115,2750,5
3809,2023-10-09,11,16,115,8800,5
4565,2023-11-06,2,12,115,10800,4
4757,2023-11-12,8,20,115,15000,4
6725,2024-01-19,2,9,115,8100,5
7780,2024-02-25,3,8,115,2000,4
156,2023-01-18,3,18,115,4500,5
2735,2023-09-05,24,10,115,5000,5
7992,2024-03-02,2,8,115,7200,4
8625,2024-03-23,3,10,115,2500,4
9259,2024-05-13,1,12,115,4200,5
9348,2024-05-23,4,15,115,9000,4
9829,2024-07-25,2,6,115,5400,4
226,2023-01-24,11,9,115,4950,4
583,2023-02-25,8,15,115,11250,5
1344,2023-05-03,4,12,115,7200,5
2636,2023-09-01,24,18,115,9000,5
3060,2023-09-15,24,16,115,8000,5
3134,2023-09-18,22,8,115,3200,4
4065,2023-10-19,4,19,115,11400,5
8854,2024-03-31,3,11,115,2750,5
8235,2024-03-09,4,19,115,11400,4
10312,2024-09-23,4,12,115,7200,5
6656,2024-01-16,3,20,115,5000,5
9357,2024-05-24,2,5,115,4500,4
1018,2023-04-03,26,8,115,7200,5
1396,2023-05-07,26,15,115,13500,4
4800,2023-11-14,1,9,115,3150,5
5334,2023-12-01,10,20,115,36000,4
6105,2023-12-28,14,17,115,5440,4
8881,2024-04-02,3,7,115,1750,5
1618,2023-05-28,3,15,116,3750,4
4025,2023-10-17,10,7,116,12600,4
4379,2023-10-31,6,20,116,24000,4
4778,2023-11-13,5,7,116,3150,5
4804,2023-11-14,4,14,116,8400,5
5632,2023-12-12,1,11,116,3850,5
6192,2023-12-31,14,12,116,3840,4
6896,2024-01-25,3,5,116,1250,5
9174,2024-05-05,3,14,116,3500,4
9272,2024-05-14,3,15,116,3750,4
9763,2024-07-16,3,17,116,4250,5
10176,2024-09-06,4,16,116,9600,5
273,2023-01-28,12,7,116,2100,4
1296,2023-04-29,10,9,116,16200,5
1548,2023-05-21,19,7,116,2100,4
3893,2023-10-12,9,7,116,4900,4
4013,2023-10-17,5,6,116,2700,4
5532,2023-12-08,8,19,116,14250,5
5818,2023-12-19,1,16,116,5600,4
6508,2024-01-11,3,13,116,3250,4
6540,2024-01-12,3,6,116,1500,5
8295,2024-03-12,1,6,116,2100,5
8416,2024-03-16,3,5,116,1250,4
8802,2024-03-29,3,15,116,3750,5
9006,2024-04-18,1,7,116,2450,5
9209,2024-05-08,2,12,116,10800,4
9225,2024-05-09,4,5,116,3000,4
9663,2024-07-02,1,7,116,2450,4
9734,2024-07-12,2,5,116,4500,4
3366,2023-09-25,23,11,116,2750,5
3907,2023-10-13,5,15,116,6750,4
4613,2023-11-08,1,17,116,5950,5
10256,2024-09-17,2,5,116,4500,5
10298,2024-09-21,2,16,116,14400,5
8583,2024-03-22,1,11,116,3850,4
4883,2023-11-16,9,6,116,4200,5
8900,2024-04-04,4,18,116,10800,4
2582,2023-08-29,24,5,116,2500,4
7099,2024-02-01,4,6,116,3600,4
7427,2024-02-12,4,6,116,3600,5
9386,2024-05-27,1,10,116,3500,5
22,2023-01-03,9,19,117,13300,5
910,2023-03-25,16,17,117,8500,5
1099,2023-04-10,19,16,117,4800,5
1523,2023-05-18,21,15,117,9750,5
3409,2023-09-27,21,9,117,5850,4
4968,2023-11-19,6,20,117,24000,5
5063,2023-11-22,11,19,117,10450,4
6455,2024-01-09,14,8,117,2560,5
6814,2024-01-22,2,11,117,9900,4
7122,2024-02-03,1,11,117,3850,5
7971,2024-03-02,1,5,117,1750,4
8310,2024-03-12,3,9,117,2250,4
8703,2024-03-26,2,7,117,6300,4
9405,2024-05-28,4,8,117,4800,4
110,2023-01-13,22,6,117,2400,4
808,2023-03-15,2,6,117,5400,4
849,2023-03-18,17,8,117,4800,4
1433,2023-05-10,12,19,117,5700,5
1681,2023-06-03,2,16,117,14400,4
2477,2023-08-19,24,6,117,3000,5
3667,2023-10-05,2,7,117,6300,5
4536,2023-11-05,2,8,117,7200,4
4615,2023-11-08,1,8,117,2800,4
5343,2023-12-02,1,10,117,3500,4
5699,2023-12-14,10,7,117,12600,4
5700,2023-12-14,10,12,117,21600,4
6498,2024-01-11,1,20,117,7000,5
7338,2024-02-10,2,5,117,4500,4
7777,2024-02-25,2,19,117,17100,5
7848,2024-02-27,3,12,117,3000,5
7936,2024-03-01,2,20,117,18000,5
8324,2024-03-13,2,20,117,18000,5
903,2023-03-25,2,11,117,9900,5
2755,2023-09-06,24,16,117,8000,5
3031,2023-09-15,21,15,117,9750,4
3945,2023-10-14,7,6,117,9000,5
4310,2023-10-28,5,9,117,4050,5
7685,2024-02-22,1,13,117,4550,4
8661,2024-03-24,4,8,117,4800,5
10019,2024-08-16,4,19,117,11400,4
7240,2024-02-07,2,8,117,7200,4
8700,2024-03-26,1,8,117,2800,4
1856,2023-06-19,18,7,117,3150,4
4356,2023-10-30,1,19,117,6650,5
4948,2023-11-19,1,16,117,5600,5
6518,2024-01-11,14,19,117,6080,4
8444,2024-03-17,1,18,117,6300,4
5861,2023-12-20,14,7,117,2240,5
8557,2024-03-21,2,8,117,7200,4
9086,2024-04-26,3,15,117,3750,5
47,2023-01-06,5,12,118,5400,5
153,2023-01-17,24,13,118,6500,4
3110,2023-09-17,24,8,118,4000,5
4236,2023-10-25,11,11,118,6050,5
4920,2023-11-18,4,18,118,10800,5
5277,2023-12-01,1,13,118,4550,5
8064,2024-03-04,2,12,118,10800,5
9140,2024-05-01,4,8,118,4800,4
9871,2024-08-01,1,18,118,6300,5
9881,2024-08-02,2,16,118,14400,4
64,2023-01-08,13,5,118,2250,4
643,2023-03-02,4,9,118,5400,5
661,2023-03-03,4,20,118,12000,5
1007,2023-04-02,25,20,118,12000,4
1427,2023-05-10,6,20,118,24000,4
3080,2023-09-16,23,18,118,4500,5
3461,2023-09-28,24,11,118,5500,5
3506,2023-09-30,21,14,118,9100,5
5189,2023-11-27,9,12,118,8400,4
5254,2023-11-30,1,10,118,3500,4
5375,2023-12-02,11,11,118,6050,4
5798,2023-12-18,6,7,118,8400,4
6332,2024-01-05,14,14,118,4480,4
7429,2024-02-12,4,9,118,5400,5
7470,2024-02-14,1,15,118,5250,4
9107,2024-04-29,2,13,118,11700,4
9290,2024-05-16,2,17,118,15300,4
10358,2024-09-28,4,18,118,10800,4
86,2023-01-10,28,14,118,4200,4
3203,2023-09-20,21,17,118,11050,4
4058,2023-10-19,1,18,118,6300,5
6373,2024-01-06,14,9,118,2880,4
497,2023-02-17,16,5,118,2500,5
759,2023-03-10,26,13,118,11700,4
1259,2023-04-26,17,6,118,3600,5
4956,2023-11-19,2,13,118,11700,5
5676,2023-12-14,1,9,118,3150,5
8354,2024-03-14,2,14,118,12600,5
9623,2024-06-27,4,12,118,7200,4
920,2023-03-26,26,11,118,9900,5
7323,2024-02-10,1,8,118,2800,4
9770,2024-07-18,1,5,118,1750,5
721,2023-03-07,23,7,119,1750,5
2186,2023-07-22,3,20,119,5000,4
2268,2023-07-29,11,11,119,6050,4
5138,2023-11-26,2,8,119,7200,5
5447,2023-12-05,6,15,119,18000,5
7876,2024-02-28,4,6,119,3600,4
8110,2024-03-05,3,13,119,3250,4
9242,2024-05-11,3,15,119,3750,4
1841,2023-06-17,7,20,119,30000,5
3481,2023-09-29,22,5,119,2000,4
3784,2023-10-09,2,8,119,7200,4
4389,2023-11-01,1,14,119,4900,5
4437,2023-11-02,4,6,119,3600,5
4640,2023-11-08,10,13,119,23400,4
5300,2023-12-01,5,9,119,4050,4
5485,2023-12-07,5,15,119,6750,5
6242,2024-01-02,14,10,119,3200,4
6336,2024-01-05,14,20,119,6400,5
8167,2024-03-07,3,16,119,4000,5
8243,2024-03-10,2,15,119,13500,5
8561,2024-03-21,3,20,119,5000,5
880,2023-03-22,12,16,119,4800,5
1544,2023-05-21,6,11,119,13200,5
1965,2023-07-02,3,20,119,5000,5
4340,2023-10-29,4,16,119,9600,5
4645,2023-11-08,11,16,119,8800,4
4639,2023-11-08,9,16,119,11200,5
6939,2024-01-26,4,11,119,6600,5
9153,2024-05-03,2,12,119,10800,5
5827,2023-12-19,8,10,119,7500,4
7416,2024-02-12,3,13,119,3250,5
8213,2024-03-09,1,13,119,4550,5
8075,2024-03-04,4,10,119,6000,4
1468,2023-05-13,27,9,119,1800,5
8724,2024-03-27,1,17,119,5950,5
10027,2024-08-18,3,10,119,2500,4
376,2023-02-06,18,15,120,6750,5
633,2023-03-01,15,10,120,3500,5
5105,2023-11-24,9,9,120,6300,4
5752,2023-12-17,1,16,120,5600,5
6539,2024-01-12,3,12,120,3000,5
6775,2024-01-20,4,19,120,11400,5
7849,2024-02-27,3,13,120,3250,4
7943,2024-03-01,3,8,120,2000,4
8637,2024-03-23,4,14,120,8400,4
155,2023-01-17,28,8,120,2400,4
1927,2023-06-29,1,20,120,7000,5
3531,2023-10-01,21,8,120,5200,5
3916,2023-10-13,9,6,120,4200,4
4011,2023-10-17,2,13,120,11700,5
5310,2023-12-01,7,14,120,21000,4
5717,2023-12-15,9,10,120,7000,4
6156,2023-12-29,14,18,120,5760,5
6502,2024-01-11,2,14,120,12600,4
9035,2024-04-20,3,6,120,1500,5
432,2023-02-11,22,8,120,3200,4
1184,2023-04-20,3,5,120,1250,5
1918,2023-06-28,2,9,120,8100,4
2984,2023-09-13,21,13,120,8450,5
3058,2023-09-15,24,19,120,9500,5
3537,2023-10-01,21,16,120,10400,5
3559,2023-10-01,23,14,120,3500,4
4136,2023-10-22,4,18,120,10800,4
4201,2023-10-24,5,9,120,4050,5
6965,2024-01-28,1,13,120,4550,5
7491,2024-02-15,2,16,120,14400,4
7603,2024-02-19,1,10,120,3500,5
7999,2024-03-02,2,7,120,6300,4
8363,2024-03-14,3,16,120,4000,4
8424,2024-03-16,4,12,120,7200,4
8586,2024-03-22,2,16,120,14400,4
8643,2024-03-24,1,11,120,3850,5
9319,2024-05-20,1,9,120,3150,4
61,2023-01-07,13,9,120,4050,5
1533,2023-05-19,17,6,120,3600,4
7519,2024-02-16,1,10,120,3500,5
8489,2024-03-18,4,9,120,5400,4
136,2023-01-16,7,5,120,7500,5
1247,2023-04-25,16,5,120,2500,4
3249,2023-09-21,24,10,120,5000,4
3073,2023-09-16,22,8,120,3200,4
3507,2023-09-30,21,16,120,10400,5
7827,2024-02-27,2,16,120,14400,5
10051,2024-08-22,1,14,120,4900,5
926,2023-03-27,17,7,121,4200,5
1391,2023-05-07,9,11,121,7700,5
2614,2023-09-01,24,10,121,5000,4
5558,2023-12-09,6,12,121,14400,5
7594,2024-02-18,4,12,121,7200,5
8577,2024-03-22,1,6,121,2100,5
8800,2024-03-29,3,20,121,5000,4
9495,2024-06-11,3,7,121,1750,4
1770,2023-06-10,12,16,121,4800,4
2431,2023-08-14,24,5,121,2500,4
2882,2023-09-09,24,14,121,7000,5
4747,2023-11-12,5,9,121,4050,4
6685,2024-01-17,4,13,121,7800,4
7131,2024-02-03,3,12,121,3000,5
3791,2023-10-09,5,7,121,3150,5
4374,2023-10-31,4,14,121,8400,4
4479,2023-11-03,6,5,121,6000,5
5103,2023-11-24,8,12,121,9000,4
6478,2024-01-10,14,5,121,1600,4
7043,2024-01-30,4,9,121,5400,4
7512,2024-02-15,4,18,121,10800,5
8890,2024-04-03,4,10,121,6000,5
9171,2024-05-05,1,5,121,1750,4
201,2023-01-22,20,10,121,8000,5
494,2023-02-17,3,18,121,4500,5
1253,2023-04-25,27,8,121,1600,4
1285,2023-04-28,10,10,121,18000,5
3657,2023-10-04,8,17,121,12750,5
7768,2024-02-25,2,17,121,15300,4
10028,2024-08-18,4,18,121,10800,5
10050,2024-08-21,3,14,121,3500,4
772,2023-03-11,27,5,121,1000,4
5200,2023-11-28,2,6,121,5400,5
9027,2024-04-19,4,13,121,7800,5
4434,2023-11-02,3,13,121,3250,4
6342,2024-01-05,14,15,121,4800,5
8405,2024-03-16,1,5,121,1750,5
9118,2024-05-01,1,12,121,4200,4
2709,2023-09-04,24,12,121,6000,5
3627,2023-10-03,9,18,121,12600,4
5573,2023-12-09,11,5,121,2750,5
6007,2023-12-24,14,14,121,4480,5
6255,2024-01-02,14,14,121,4480,5
6325,2024-01-05,14,19,121,6080,4
7314,2024-02-09,4,5,121,3000,4
974,2023-03-31,19,17,122,5100,5
2563,2023-08-27,24,15,122,7500,4
2706,2023-09-04,24,19,122,9500,4
4455,2023-11-02,9,12,122,8400,5
5050,2023-11-22,6,6,122,7200,5
5215,2023-11-28,10,7,122,12600,5
6112,2023-12-28,14,18,122,5760,5
7794,2024-02-25,4,13,122,7800,4
8737,2024-03-27,3,16,122,4000,5
9347,2024-05-23,3,11,122,2750,5
1025,2023-04-04,24,18,122,9000,4
2754,2023-09-06,24,20,122,10000,5
5237,2023-11-29,7,8,122,12000,5
5876,2023-12-20,14,18,122,5760,4
7049,2024-01-31,1,14,122,4900,4
8738,2024-03-27,3,15,122,3750,5
9276,2024-05-14,4,11,122,6600,4
9747,2024-07-14,1,7,122,2450,4
9960,2024-08-10,2,5,122,4500,4
1507,2023-05-17,16,11,122,5500,5
3072,2023-09-16,22,7,122,2800,4
4027,2023-10-17,10,17,122,30600,4
4269,2023-10-27,3,20,122,5000,4
4370,2023-10-31,2,12,122,10800,5
4591,2023-11-07,1,7,122,2450,4
6749,2024-01-20,1,17,122,5950,5
6785,2024-01-21,2,13,122,11700,4
7554,2024-02-17,2,16,122,14400,4
8546,2024-03-20,4,6,122,3600,4
9403,2024-05-28,4,11,122,6600,4
9573,2024-06-22,1,6,122,2100,4
850,2023-03-18,19,17,122,5100,4
2163,2023-07-20,19,15,122,4500,4
2695,2023-09-03,24,18,122,9000,5
3452,2023-09-28,22,15,122,6000,5
3819,2023-10-10,5,14,122,6300,4
4160,2023-10-23,2,9,122,8100,5
4396,2023-11-01,5,11,122,4950,4
6016,2023-12-25,14,9,122,2880,5
6823,2024-01-22,3,8,122,2000,5
931,2023-03-28,16,20,122,10000,4
8540,2024-03-20,3,11,122,2750,5
671,2023-03-03,22,13,122,5200,5
4985,2023-11-20,1,17,122,5950,4
5455,2023-12-05,11,13,122,7150,5
960,2023-03-30,25,16,123,9600,4
2196,2023-07-22,21,13,123,8450,5
2618,2023-09-01,24,9,123,4500,5
3397,2023-09-26,23,13,123,3250,5
3849,2023-10-11,6,17,123,20400,4
4918,2023-11-18,3,11,123,2750,4
6627,2024-01-15,3,9,123,2250,5
7490,2024-02-15,1,12,123,4200,5
8350,2024-03-14,2,12,123,10800,4
8891,2024-04-03,4,5,123,3000,4
384,2023-02-07,8,13,123,9750,5
455,2023-02-14,2,11,123,9900,4
3159,2023-09-18,24,5,123,2500,5
3935,2023-10-14,4,18,123,10800,4
5094,2023-11-24,3,10,123,2500,4
6196,2023-12-31,14,14,123,4480,5
7679,2024-02-22,1,13,123,4550,5
8749,2024-03-28,1,11,123,3850,5
9080,2024-04-25,3,11,123,2750,4
9797,2024-07-21,1,10,123,3500,5
309,2023-01-31,9,20,123,14000,4
536,2023-02-21,23,10,123,2500,5
796,2023-03-13,23,6,123,1500,5
2647,2023-09-02,24,8,123,4000,4
2928,2023-09-10,24,10,123,5000,4
3007,2023-09-14,21,15,123,9750,4
6081,2023-12-27,14,14,123,4480,5
6127,2023-12-29,14,20,123,6400,4
6646,2024-01-16,2,10,123,9000,4
8422,2024-03-16,4,10,123,6000,5
283,2023-01-29,21,9,123,5850,5
1093,2023-04-10,4,9,123,5400,5
1988,2023-07-04,5,8,123,3600,4
7369,2024-02-11,2,12,123,10800,4
9311,2024-05-18,4,11,123,6600,5
10149,2024-09-03,4,11,123,6600,5
682,2023-03-04,16,5,123,2500,5
3666,2023-10-05,2,15,123,13500,5
4599,2023-11-07,7,18,123,27000,5
4180,2023-10-23,7,15,123,22500,4
4500,2023-11-04,3,6,123,1500,5
6510,2024-01-11,3,19,123,4750,4
2973,2023-09-12,23,5,123,1250,4
7482,2024-02-14,3,14,123,3500,5
9378,2024-05-26,3,7,123,1750,4
198,2023-01-22,8,10,124,7500,5
986,2023-04-01,19,15,124,4500,5
1501,2023-05-17,2,10,124,9000,4
1743,2023-06-07,10,12,124,21600,4
2725,2023-09-05,24,19,124,9500,5
4355,2023-10-29,11,14,124,7700,4
5511,2023-12-08,2,7,124,6300,4
6265,2024-01-03,14,17,124,5440,4
9089,2024-04-26,4,18,124,10800,4
9660,2024-07-01,4,15,124,9000,4
9997,2024-08-13,4,19,124,11400,4
10129,2024-09-01,3,13,124,3250,4
10173,2024-09-06,3,13,124,3250,4
3266,2023-09-22,22,6,124,2400,5
3377,2023-09-25,24,16,124,8000,5
5147,2023-11-26,4,13,124,7800,4
6612,2024-01-15,1,15,124,5250,5
6731,2024-01-19,2,7,124,6300,5
6918,2024-01-26,1,11,124,3850,5
9062,2024-04-24,1,13,124,4550,4
9070,2024-04-24,4,13,124,7800,5
9211,2024-05-08,3,7,124,1750,5
9817,2024-07-23,4,11,124,6600,4
10061,2024-08-22,2,8,124,7200,4
735,2023-03-08,27,18,124,3600,5
2007,2023-07-06,1,20,124,7000,4
2173,2023-07-21,10,7,124,12600,5
4415,2023-11-01,9,8,124,5600,5
4905,2023-11-17,10,16,124,28800,5
4976,2023-11-19,8,20,124,15000,5
5011,2023-11-21,1,20,124,7000,4
5049,2023-11-22,6,15,124,18000,4
9967,2024-08-10,4,20,124,12000,4
823,2023-03-16,15,15,124,5250,4
2747,2023-09-05,24,18,124,9000,4
2756,2023-09-06,24,12,124,6000,4
2770,2023-09-06,24,5,124,2500,4
4673,2023-11-09,11,6,124,3300,4
1617,2023-05-28,1,5,124,1750,4
8690,2024-03-25,3,14,124,3500,4
10042,2024-08-20,4,15,124,9000,5
19,2023-01-03,8,8,124,6000,4
435,2023-02-12,1,5,124,1750,5
5287,2023-12-01,2,6,124,5400,4
6777,2024-01-20,4,6,124,3600,4
573,2023-02-24,11,18,125,9900,4
2939,2023-09-11,21,20,125,13000,4
3150,2023-09-18,24,15,125,7500,4
5626,2023-12-11,8,8,125,6000,5
6500,2024-01-11,1,9,125,3150,4
7879,2024-02-28,4,11,125,6600,5
9317,2024-05-19,4,15,125,9000,5
9336,2024-05-22,2,17,125,15300,5
9862,2024-07-30,2,16,125,14400,5
794,2023-03-13,22,20,125,8000,4
3509,2023-09-30,21,5,125,3250,5
4550,2023-11-05,8,15,125,11250,5
4979,2023-11-19,10,8,125,14400,4
5903,2023-12-21,14,12,125,3840,4
8210,2024-03-08,4,5,125,3000,4
54,2023-01-06,21,18,125,11700,5
3438,2023-09-28,21,20,125,13000,4
4051,2023-10-18,10,16,125,28800,5
4088,2023-10-20,4,20,125,12000,5
5784,2023-12-18,2,5,125,4500,4
6424,2024-01-08,14,15,125,4800,4
7569,2024-02-18,1,5,125,1750,5
9588,2024-06-23,2,14,125,12600,4
118,2023-01-14,15,6,125,2100,5
321,2023-02-01,9,18,125,12600,5
1847,2023-06-18,6,16,125,19200,4
1917,2023-06-27,27,16,125,3200,4
2311,2023-08-02,24,8,125,4000,5
3831,2023-10-10,8,10,125,7500,4
5043,2023-11-22,3,20,125,5000,5
349,2023-02-03,5,18,125,8100,5
2127,2023-07-17,15,19,125,6650,5
5678,2023-12-14,1,12,125,4200,5
5952,2023-12-23,14,11,125,3520,4
2570,2023-08-28,24,12,125,6000,5
2714,2023-09-04,24,12,125,6000,4
3594,2023-10-02,11,9,125,4950,5
7546,2024-02-17,2,6,125,5400,5
8402,2024-03-16,1,5,125,1750,5
1799,2023-06-13,7,10,125,16000,5
4140,2023-10-22,8,11,125,8250,5
5439,2023-12-05,3,19,125,4750,5
6776,2024-01-20,4,11,125,6600,5
399,2023-02-09,2,8,126,7200,5
1106,2023-04-11,24,17,126,8500,4
2534,2023-08-25,24,9,126,4500,4
2953,2023-09-11,24,8,126,4000,5
4467,2023-11-03,2,13,126,11700,5
4502,2023-11-04,3,20,126,5000,4
5118,2023-11-25,3,20,126,5000,4
5665,2023-12-13,7,19,126,28500,5
5753,2023-12-17,2,17,126,15300,4
6464,2024-01-09,14,8,126,2560,5
7664,2024-02-21,3,10,126,2500,4
8379,2024-03-15,1,8,126,2800,5
8898,2024-04-04,3,19,126,4750,5
10065,2024-08-22,3,17,126,4250,4
1806,2023-06-14,4,18,126,10800,4
4193,2023-10-24,2,14,126,12600,4
5602,2023-12-10,10,18,126,32400,5
6295,2024-01-04,14,20,126,6400,5
6554,2024-01-12,4,13,126,7800,5
6852,2024-01-23,4,5,126,3000,5
6905,2024-01-25,4,9,126,5400,5
8971,2024-04-14,2,20,126,18000,4
9108,2024-04-29,3,18,126,4500,4
9664,2024-07-02,1,9,126,3150,5
370,2023-02-05,19,15,126,4500,5
1060,2023-04-08,3,17,126,4250,4
5938,2023-12-22,14,15,126,4800,4
6844,2024-01-23,3,6,126,1500,4
7291,2024-02-08,4,19,126,11400,5
8274,2024-03-11,3,16,126,4000,5
9483,2024-06-09,1,8,126,2800,4
9644,2024-06-30,3,14,126,3500,4
10334,2024-09-25,4,7,126,4200,4
618,2023-02-28,16,17,126,8500,5
751,2023-03-10,12,19,126,5700,4
1844,2023-06-17,25,6,126,3600,4
2340,2023-08-05,24,7,126,3500,5
5856,2023-12-20,14,15,126,4800,5
2642,2023-09-02,24,18,126,9000,5
5634,2023-12-12,2,18,126,16200,5
3432,2023-09-27,24,19,126,9500,5
3915,2023-10-13,8,10,126,7500,5
7159,2024-02-04,2,7,126,6300,5
7617,2024-02-19,3,20,126,5000,4
2950,2023-09-11,23,15,126,3750,5
5648,2023-12-12,8,12,126,9000,5
436,2023-02-12,2,14,127,12600,5
3538,2023-10-01,21,10,127,6500,4
3712,2023-10-06,7,15,127,22500,5
4935,2023-11-18,9,5,127,3500,5
6128,2023-12-29,14,12,127,3840,4
6402,2024-01-07,14,16,127,5120,5
8654,2024-03-24,3,10,127,2500,5
9867,2024-07-31,3,18,127,4500,5
10258,2024-09-17,4,17,127,10200,5
1646,2023-05-31,5,16,127,7200,4
4045,2023-10-18,8,10,127,7500,4
4305,2023-10-28,3,5,127,1250,4
4491,2023-11-03,11,20,127,11000,4
4651,2023-11-09,2,11,127,9900,5
5666,2023-12-13,7,13,127,19500,5
6043,2023-12-26,14,9,127,2880,4
7619,2024-02-19,3,6,127,1500,4
7713,2024-02-23,2,16,127,14400,4
7818,2024-02-26,4,14,127,8400,4
9457,2024-06-05,2,6,127,5400,5
9516,2024-06-14,3,10,127,2500,5
799,2023-03-14,7,16,127,24000,5
2241,2023-07-26,18,7,127,3150,5
3458,2023-09-28,23,19,127,4750,5
3614,2023-10-03,1,18,127,6300,4
4465,2023-11-02,11,7,127,3850,4
4656,2023-11-09,5,18,127,8100,5
4699,2023-11-10,10,5,127,9000,4
7592,2024-02-18,4,9,127,5400,5
8112,2024-03-05,3,6,127,1500,4
8208,2024-03-08,4,10,127,6000,5
9590,2024-06-23,2,14,127,12600,5
9863,2024-07-30,3,9,127,2250,4
10080,2024-08-25,2,11,127,9900,5
10364,2024-09-29,3,9,127,2250,5
1251,2023-04-25,25,6,127,3600,5
2220,2023-07-24,25,6,127,3600,4
2319,2023-08-03,24,18,127,9000,4
3158,2023-09-18,24,12,127,6000,5
5543,2023-12-09,1,20,127,7000,5
8221,2024-03-09,2,6,127,5400,4
1655,2023-06-01,5,15,127,6750,4
1742,2023-06-07,3,20,127,5000,5
4762,2023-11-12,11,13,127,7150,4
806,2023-03-14,27,10,127,2000,5
4282,2023-10-27,6,6,127,7200,4
2446,2023-08-16,24,20,127,10000,4
4158,2023-10-22,11,18,127,9900,5
5915,2023-12-22,14,8,127,2560,4
6042,2023-12-26,14,14,127,4480,4
6087,2023-12-27,14,16,127,5120,5
6446,2024-01-09,14,16,127,5120,5
10105,2024-08-28,2,20,127,18000,4
112,2023-01-13,23,12,128,3000,4
272,2023-01-27,24,12,128,6000,5
1295,2023-04-29,2,8,128,7200,5
1931,2023-06-29,7,8,128,12000,5
4010,2023-10-17,1,10,128,3500,5
5136,2023-11-26,1,20,128,7000,4
6519,2024-01-12,1,9,128,3150,5
9028,2024-04-20,1,9,128,3150,5
9325,2024-05-20,2,6,128,5400,5
1178,2023-04-19,11,20,128,11000,5
1766,2023-06-09,24,5,128,2500,5
2267,2023-07-29,10,7,128,12600,5
2449,2023-08-16,24,13,128,6500,5
3173,2023-09-19,22,5,128,2000,4
3241,2023-09-21,22,16,128,6400,5
3346,2023-09-24,23,19,128,4750,4
7529,2024-02-16,2,10,128,9000,4
8804,2024-03-29,4,18,128,10800,5
9196,2024-05-07,4,20,128,12000,5
934,2023-03-29,3,19,128,4750,4
1985,2023-07-03,22,6,128,2400,5
2535,2023-08-25,24,20,128,10000,4
3120,2023-09-18,21,13,128,8450,4
8146,2024-03-06,3,8,128,2000,4
8694,2024-03-25,4,13,128,7800,4
8947,2024-04-11,2,13,128,11700,5
14,2023-01-02,23,8,128,2000,4
1052,2023-04-07,8,18,128,13500,4
1536,2023-05-19,26,13,128,11700,5
1758,2023-06-08,26,5,128,4500,5
2144,2023-07-18,26,12,128,10800,5
2205,2023-07-23,19,8,128,2400,4
2341,2023-08-05,24,10,128,5000,5
8305,2024-03-12,2,10,128,9000,4
2843,2023-09-08,24,17,128,8500,5
4073,2023-10-19,7,18,128,27000,5
5838,2023-12-19,14,18,128,5760,5
6663,2024-01-16,4,11,128,6600,4
8149,2024-03-06,4,6,128,3600,4
10377,2024-09-30,4,16,128,9600,5
599,2023-02-26,14,15,128,4800,5
1423,2023-05-09,26,8,128,7200,4
2121,2023-07-17,2,10,128,9000,4
2499,2023-08-21,24,8,128,4000,4
3543,2023-10-01,22,20,128,8000,4
6838,2024-01-23,2,11,128,9900,4
9337,2024-05-22,4,14,128,8400,4
9338,2024-05-23,1,6,128,2100,5
3477,2023-09-29,21,8,128,5200,5
4621,2023-11-08,2,7,128,6300,4
5055,2023-11-22,7,9,128,13500,5
1115,2023-04-12,12,14,129,4200,5
1723,2023-06-06,5,20,129,9000,4
3032,2023-09-15,21,15,129,9750,5
3795,2023-10-09,7,9,129,13500,5
4143,2023-10-22,9,18,129,12600,5
5842,2023-12-19,14,17,129,5440,5
6728,2024-01-19,2,6,129,5400,5
7774,2024-02-25,2,5,129,4500,5
7998,2024-03-02,2,5,129,4500,4
8596,2024-03-22,3,17,129,4250,4
8742,2024-03-27,3,12,129,3000,4
10004,2024-08-14,3,5,129,1250,4
1051,2023-04-07,5,8,129,3600,4
1246,2023-04-25,11,6,129,3300,4
1904,2023-06-25,26,13,129,11700,5
2629,2023-09-01,24,13,129,6500,4
3459,2023-09-28,23,20,129,5000,5
4359,2023-10-30,2,7,129,6300,4
4911,2023-11-18,1,5,129,1750,4
5038,2023-11-22,2,9,129,8100,4
6165,2023-12-30,14,11,129,3520,5
6225,2024-01-01,14,6,129,1920,5
7778,2024-02-25,2,6,129,5400,4
9250,2024-05-12,1,5,129,1750,4
9685,2024-07-05,1,11,129,3850,5
9864,2024-07-30,4,10,129,6000,4
10252,2024-09-16,4,9,129,5400,4
860,2023-03-20,6,12,129,14400,5
2853,2023-09-09,21,10,129,6500,5
5293,2023-12-01,4,7,129,4200,5
5351,2023-12-02,4,13,129,7800,4
5825,2023-12-19,6,9,129,10800,4
6025,2023-12-25,14,15,129,4800,4
6377,2024-01-06,14,6,129,1920,4
8468,2024-03-18,1,12,129,4200,4
8812,2024-03-30,1,19,129,6650,4
9653,2024-07-01,3,8,129,2000,4
1215,2023-04-22,26,12,129,10800,4
1911,2023-06-27,5,16,129,7200,5
3136,2023-09-18,22,14,129,5600,5
3759,2023-10-07,10,9,129,16200,4
4548,2023-11-05,7,9,129,13500,4
8415,2024-03-16,2,14,129,12600,4
8600,2024-03-22,3,16,129,4000,4
3372,2023-09-25,23,5,129,1250,4
9389,2024-05-27,1,13,129,4550,4
2484,2023-08-19,24,20,129,10000,4
3815,2023-10-10,3,15,129,3750,5
5983,2023-12-24,14,8,129,2560,4
9652,2024-07-01,3,7,129,1750,4
2891,2023-09-10,21,7,129,4550,4
6473,2024-01-10,14,13,129,4160,4
979,2023-03-31,28,20,130,6000,5
1005,2023-04-02,23,5,130,1250,4
1237,2023-04-24,15,5,130,1750,5
1941,2023-06-30,21,20,130,13000,5
1977,2023-07-02,28,15,130,4500,4
2814,2023-09-07,24,16,130,8000,4
3540,2023-10-01,21,17,130,11050,4
4422,2023-11-01,11,19,130,10450,5
4533,2023-11-05,2,8,130,7200,4
4584,2023-11-06,8,18,130,13500,4
5718,2023-12-15,9,9,130,6300,4
5869,2023-12-20,14,11,130,3520,4
6636,2024-01-16,1,13,130,4550,5
8824,2024-03-30,4,7,130,4200,5
9001,2024-04-17,3,9,130,2250,4
9263,2024-05-14,1,8,130,2800,4
361,2023-02-04,10,7,130,12600,5
529,2023-02-21,11,6,130,3300,5
811,2023-03-15,6,16,130,19200,4
1297,2023-04-29,15,9,130,3150,4
2696,2023-09-03,24,14,130,7000,5
3589,2023-10-02,8,18,130,13500,5
5595,2023-12-10,8,5,130,3750,5
6988,2024-01-28,4,12,130,7200,4
7058,2024-01-31,2,15,130,13500,5
8093,2024-03-05,2,5,130,4500,4
9279,2024-05-15,1,20,130,7000,4
9841,2024-07-27,2,10,130,9000,4
10309,2024-09-22,4,10,130,6000,5
76,2023-01-09,27,14,130,2800,4
433,2023-02-11,23,16,130,4000,4
3897,2023-10-13,1,6,130,2100,5
4030,2023-10-18,1,6,130,2100,4
4460,2023-11-02,10,8,130,14400,5
4691,2023-11-10,8,5,130,3750,4
9934,2024-08-07,2,20,130,18000,5
10350,2024-09-27,4,17,130,10200,5
10386,2024-10-01,3,13,130,3250,5
1418,2023-05-09,13,15,130,6750,4
2275,2023-07-30,1,8,130,2800,5
2856,2023-09-09,21,6,130,3900,5
3946,2023-10-14,7,14,130,21000,5
4291,2023-10-27,9,6,130,4200,4
5461,2023-12-06,5,12,130,5400,4
6395,2024-01-07,14,13,130,4160,5
683,2023-03-04,20,9,130,7200,4
1575,2023-05-23,19,6,130,1800,4
6070,2023-12-27,14,10,130,3200,5
7539,2024-02-17,1,20,130,7000,5
4327,2023-10-28,10,14,130,25200,5
5214,2023-11-28,10,11,130,19800,5
9255,2024-05-12,4,9,130,5400,4
49,2023-01-06,8,9,131,6750,5
297,2023-01-30,14,16,131,5120,4
1394,2023-05-07,12,18,131,5400,4
1476,2023-05-14,19,14,131,4200,5
2610,2023-09-01,24,9,131,4500,5
4953,2023-11-19,2,5,131,4500,5
5255,2023-11-30,1,9,131,3150,5
7540,2024-02-17,1,6,131,2100,4
8262,2024-03-11,1,15,131,5250,4
8526,2024-03-19,4,9,131,5400,5
8671,2024-03-25,1,14,131,4900,4
8764,2024-03-28,3,13,131,3250,4
9122,2024-05-01,2,11,131,9900,5
1303,2023-04-30,19,20,131,6000,4
2086,2023-07-13,20,18,131,14400,5
3109,2023-09-17,24,15,131,7500,5
3726,2023-10-07,1,10,131,3500,4
5025,2023-11-21,7,10,131,15000,4
6028,2023-12-25,14,20,131,6400,5
6133,2023-12-29,14,7,131,2240,5
6549,2024-01-12,4,9,131,5400,5
7216,2024-02-06,3,6,131,1500,4
7454,2024-02-13,3,14,131,3500,5
7670,2024-02-21,4,10,131,6000,5
7940,2024-03-01,3,15,131,3750,4
9112,2024-04-30,2,10,131,9000,4
9125,2024-05-01,2,15,131,13500,5
9131,2024-05-01,3,10,131,2500,5
9217,2024-05-09,2,15,131,13500,4
10093,2024-08-26,4,12,131,7200,5
579,2023-02-24,23,10,131,2500,4
1172,2023-04-18,27,19,131,3800,5
2227,2023-07-25,17,9,131,5400,4
3766,2023-10-08,2,8,131,7200,5
4657,2023-11-09,5,17,131,7650,5
5957,2023-12-23,14,5,131,1600,4
7628,2024-02-20,1,16,131,5600,5
7994,2024-03-02,2,15,131,13500,5
264,2023-01-27,15,14,131,4900,5
760,2023-03-10,26,7,131,6300,5
4121,2023-10-21,10,7,131,12600,5
4603,2023-11-07,9,18,131,12600,5
5145,2023-11-26,4,11,131,6600,4
5796,2023-12-18,6,18,131,21600,4
5852,2023-12-20,14,17,131,5440,5
9385,2024-05-26,4,9,131,5400,5
1735,2023-06-06,21,11,131,7150,5
6551,2024-01-12,4,16,131,9600,5
9519,2024-06-15,1,19,131,6650,4
9662,2024-07-02,1,13,131,4550,5
1043,2023-04-06,16,10,132,5000,5
1252,2023-04-25,25,10,132,6000,5
2179,2023-07-21,16,13,132,6500,5
3013,2023-09-14,22,8,132,3200,5
3504,2023-09-29,24,16,132,8000,5
4566,2023-11-06,2,8,132,7200,5
5282,2023-12-01,2,7,132,6300,4
5760,2023-12-17,4,10,132,6000,4
7117,2024-02-02,4,18,132,10800,4
7170,2024-02-04,4,10,132,6000,5
7187,2024-02-05,2,16,132,14400,5
7641,2024-02-20,2,16,132,14400,5
7812,2024-02-26,3,7,132,1750,5
9480,2024-06-08,4,10,132,6000,5
9943,2024-08-08,3,12,132,3000,5
505,2023-02-18,15,9,132,3150,4
1419,2023-05-09,14,19,132,6080,4
1962,2023-07-01,25,12,132,7200,4
2264,2023-07-29,6,12,132,14400,4
2280,2023-07-30,12,6,132,1800,5
2468,2023-08-18,24,19,132,9500,4
3001,2023-09-13,24,6,132,3000,5
4144,2023-10-22,9,20,132,14000,4
4274,2023-10-27,5,12,132,5400,4
4826,2023-11-14,10,14,132,25200,4
5360,2023-12-02,7,8,132,12000,5
6106,2023-12-28,14,13,132,4160,5
6514,2024-01-11,4,9,132,5400,5
7669,2024-02-21,3,18,132,4500,4
8105,2024-03-05,3,12,132,3000,5
9335,2024-05-22,2,14,132,12600,5
10283,2024-09-20,2,15,132,13500,4
267,2023-01-27,19,7,132,2100,5
634,2023-03-01,18,19,132,8550,5
1590,2023-05-24,27,20,132,4000,5
2006,2023-07-06,1,8,132,2800,5
2183,2023-07-21,27,10,132,2000,4
2306,2023-08-01,28,13,132,3900,4
3345,2023-09-24,23,10,132,2500,5
3963,2023-10-15,3,18,132,4500,5
4619,2023-11-08,1,14,132,4900,4
4819,2023-11-14,8,17,132,12750,4
5749,2023-12-16,11,13,132,7150,5
6548,2024-01-12,4,5,132,3000,4
6707,2024-01-18,3,12,132,3000,4
6794,2024-01-21,2,19,132,17100,5
7125,2024-02-03,1,20,132,7000,5
10186,2024-09-07,4,13,132,7800,5
517,2023-02-20,6,19,132,22800,5
2626,2023-09-01,24,10,132,5000,4
3297,2023-09-23,21,18,132,11700,5
3860,2023-10-11,11,15,132,8250,5
5238,2023-11-29,7,13,132,19500,5
5588,2023-12-10,4,13,132,7800,5
1177,2023-04-19,11,17,132,9350,4
2126,2023-07-17,14,5,132,1600,4
4849,2023-11-15,7,7,132,10500,4
5344,2023-12-02,2,14,132,12600,4
9900,2024-08-04,3,16,132,4000,5
3083,2023-09-16,24,8,132,4000,5
3981,2023-10-16,1,10,132,3500,4
2392,2023-08-11,24,12,132,6000,5
3586,2023-10-02,6,5,132,6000,5
7152,2024-02-04,1,10,132,3500,4
46,2023-01-06,1,8,133,2800,5
278,2023-01-29,10,9,133,16200,5
797,2023-03-13,25,9,133,5400,4
2236,2023-07-26,12,15,133,4500,4
3285,2023-09-22,24,9,133,4500,4
4091,2023-10-20,4,7,133,4200,5
4672,2023-11-09,10,12,133,21600,5
4857,2023-11-15,9,7,133,4900,5
5264,2023-11-30,4,18,133,10800,5
7135,2024-02-03,3,16,133,4000,5
7520,2024-02-16,1,16,133,5600,5
8094,2024-03-05,2,5,133,4500,5
9292,2024-05-16,3,12,133,3000,4
10278,2024-09-19,3,17,133,4250,4
938,2023-03-29,8,17,133,12750,4
2120,2023-07-17,1,17,133,5950,4
3250,2023-09-21,24,20,133,10000,5
3362,2023-09-25,22,15,133,6000,4
4470,2023-11-03,4,18,133,10800,4
5087,2023-11-23,10,15,133,27000,4
5281,2023-12-01,1,17,133,5950,3
5412,2023-12-04,5,11,133,4950,5
5473,2023-12-06,11,15,133,8250,5
5986,2023-12-24,14,18,133,5760,5
7069,2024-01-31,3,6,133,1500,3
7124,2024-02-03,1,15,133,5250,4
7587,2024-02-18,3,18,133,4500,3
7821,2024-02-27,1,10,133,3500,3
8037,2024-03-03,2,19,133,17100,3
9016,2024-04-18,4,18,133,10800,2
9158,2024-05-03,3,16,133,4000,2
9712,2024-07-09,1,20,133,7000,2
10152,2024-09-04,1,20,133,7000,2
1495,2023-05-16,18,20,133,9000,5
3828,2023-10-10,7,14,133,21000,5
3930,2023-10-14,2,18,133,16200,3
5529,2023-12-08,8,13,133,9750,4
6587,2024-01-13,4,10,133,6000,2
8181,2024-03-08,1,14,133,4900,4
8523,2024-03-19,3,15,133,3750,3
9907,2024-08-05,1,13,133,4550,3
9993,2024-08-13,2,19,133,17100,4
10338,2024-09-26,2,10,133,9000,4
878,2023-03-22,6,19,133,22800,4
2673,2023-09-03,24,8,133,4000,2
8376,2024-03-15,1,12,133,4200,2
220,2023-01-24,5,10,133,4500,4
2966,2023-09-12,22,6,133,2400,3
9468,2024-06-06,4,12,133,7200,5
1100,2023-04-10,22,18,133,7200,4
2066,2023-07-11,20,6,133,4800,3
5459,2023-12-06,4,16,133,9600,2
5757,2023-12-17,2,7,133,6300,2
2957,2023-09-12,21,11,134,7150,4
4163,2023-10-23,3,19,134,4750,2
5148,2023-11-26,5,20,134,9000,5
5631,2023-12-12,1,19,134,6650,5
7048,2024-01-31,1,19,134,6650,4
2245,2023-07-26,23,20,134,5000,5
2318,2023-08-02,26,8,134,7200,4
2826,2023-09-08,21,14,134,9100,2
3283,2023-09-22,24,14,134,7000,2
5472,2023-12-06,11,14,134,7700,2
7263,2024-02-08,1,11,134,3850,2
8060,2024-03-04,1,10,134,3500,5
2384,2023-08-10,24,11,134,5500,5
2587,2023-08-30,24,9,134,4500,4
4347,2023-10-29,8,15,134,11250,5
4683,2023-11-10,5,12,134,5400,2
9835,2024-07-26,3,7,134,1750,2
10190,2024-09-08,4,18,134,10800,3
10301,2024-09-21,4,11,134,6600,2
235,2023-01-25,1,17,134,5950,5
771,2023-03-11,26,10,134,9000,4
837,2023-03-17,18,18,134,8100,2
1049,2023-04-06,26,20,134,18000,3
1765,2023-06-09,12,17,134,5100,4
2056,2023-07-10,16,11,134,5500,5
2065,2023-07-11,19,11,134,3300,2
4487,2023-11-03,9,19,134,13300,3
4949,2023-11-19,1,9,134,3150,2
1725,2023-06-06,10,7,134,12600,4
1854,2023-06-19,11,14,134,7700,5
3413,2023-09-27,21,13,134,8450,4
7600,2024-02-18,4,20,134,12000,5
1138,2023-04-14,14,12,134,3840,4
1964,2023-07-01,28,19,134,5700,4
4629,2023-11-08,5,7,134,3150,2
5205,2023-11-28,4,13,134,7800,5
7662,2024-02-21,3,12,134,3000,5
10306,2024-09-22,2,13,134,11700,5
423,2023-02-10,21,14,135,9100,5
477,2023-02-15,25,7,135,4200,4
1778,2023-06-10,26,15,135,13500,4
2883,2023-09-09,24,9,135,4500,2
9514,2024-06-13,4,13,135,7800,4
10365,2024-09-29,4,14,135,8400,4
1760,2023-06-09,1,15,135,5250,4
2070,2023-07-12,2,15,135,13500,3
2166,2023-07-20,26,15,135,13500,5
4261,2023-10-26,10,11,135,19800,2
7370,2024-02-11,2,18,135,16200,3
8040,2024-03-03,2,9,135,8100,3
8601,2024-03-22,3,9,135,2250,3
9751,2024-07-14,2,15,135,13500,2
10055,2024-08-22,1,20,135,7000,5
83,2023-01-10,18,11,135,4950,3
1096,2023-04-10,11,19,135,10450,2
1362,2023-05-04,16,14,135,7000,5
1438,2023-05-10,25,7,135,4200,3
1673,2023-06-02,12,12,135,3600,5
2970,2023-09-12,22,10,135,4000,4
3985,2023-10-16,2,19,135,17100,5
4407,2023-11-01,8,8,135,6000,5
7409,2024-02-12,2,19,135,17100,3
9773,2024-07-18,3,11,135,2750,4
538,2023-02-21,25,20,135,12000,3
935,2023-03-29,4,14,135,8400,2
2360,2023-08-08,24,13,135,6500,5
4104,2023-10-21,1,8,135,2800,4
4777,2023-11-13,4,11,135,6600,2
8850,2024-03-31,2,18,135,16200,3
3315,2023-09-23,23,16,135,4000,3
4784,2023-11-13,7,13,135,19500,5
5513,2023-12-08,2,12,136,10800,3
5756,2023-12-17,2,15,136,13500,5
7402,2024-02-12,1,15,136,5250,3
8775,2024-03-28,4,8,136,4800,2
9475,2024-06-08,1,18,136,6300,2
718,2023-03-07,15,8,136,2800,2
2310,2023-08-02,24,20,136,10000,2
3527,2023-09-30,24,12,136,6000,2
3725,2023-10-07,1,5,136,1750,5
3728,2023-10-07,1,20,136,7000,3
3983,2023-10-16,2,7,136,6300,5
5229,2023-11-29,5,7,136,3150,5
7630,2024-02-20,1,17,136,5950,5
8426,2024-03-16,4,13,136,7800,4
1097,2023-04-10,11,13,136,7150,4
5795,2023-12-18,5,8,136,3600,5
7714,2024-02-23,2,20,136,18000,2
8371,2024-03-14,4,18,136,10800,5
10032,2024-08-19,1,12,136,4200,2
5073,2023-11-23,6,12,136,14400,5
9696,2024-07-07,1,15,136,5250,3
171,2023-01-19,5,11,136,4950,4
173,2023-01-19,11,14,136,7700,4
2293,2023-07-31,28,17,136,5100,5
6996,2024-01-29,1,5,136,1750,5
5004,2023-11-20,9,15,137,10500,4
6338,2024-01-05,14,13,137,4160,2
6472,2024-01-10,14,10,137,3200,3
6941,2024-01-26,4,12,137,7200,2
2837,2023-09-08,22,6,137,2400,5
3542,2023-10-01,22,8,137,3200,3
5137,2023-11-26,2,11,137,9900,4
1740,2023-06-07,3,9,137,2250,3
4870,2023-11-16,3,8,137,2000,3
6117,2023-12-28,14,6,137,1920,5
5510,2023-12-08,2,20,137,18000,3
6301,2024-01-04,14,15,138,4800,4
7068,2024-01-31,3,16,138,4000,5
487,2023-02-16,8,20,138,15000,4
679,2023-03-04,14,7,138,2240,5
2191,2023-07-22,19,9,138,2700,4
3437,2023-09-28,21,15,138,9750,2
4551,2023-11-05,8,18,138,13500,4
8124,2024-03-06,1,10,138,3500,3
8521,2024-03-19,3,9,138,2250,3
2659,2023-09-02,24,16,138,8000,2
3117,2023-09-18,21,8,138,5200,3
7523,2024-02-16,1,5,138,1750,2
8734,2024-03-27,3,20,138,5000,5
1401,2023-05-08,13,18,138,8100,4
3003,2023-09-14,21,15,138,9750,2
5243,2023-11-29,9,11,138,7700,5
7026,2024-01-29,4,11,138,6600,4
7839,2024-02-27,3,18,138,4500,4
7988,2024-03-02,2,17,138,15300,5
9726,2024-07-10,3,6,138,1500,5
3877,2023-10-12,5,9,138,4050,2
6476,2024-01-10,14,18,138,5760,3
8397,2024-03-15,4,16,138,9600,4
6475,2024-01-10,14,5,139,1600,5
6849,2024-01-23,3,17,139,4250,5
7303,2024-02-09,2,8,139,7200,3
10011,2024-08-15,2,13,139,11700,3
10241,2024-09-14,2,16,139,14400,5
1159,2023-04-17,8,10,139,7500,4
1338,2023-05-02,12,15,139,4500,2
1498,2023-05-16,22,7,139,2800,5
2312,2023-08-02,24,14,139,7000,3
3925,2023-10-14,2,10,139,9000,2
4000,2023-10-16,9,17,139,11900,3
7538,2024-02-17,1,10,139,3500,2
10195,2024-09-09,2,9,139,8100,2
10266,2024-09-18,3,20,139,5000,3
371,2023-02-05,20,12,139,9600,4
2486,2023-08-19,24,10,139,5000,4
1849,2023-06-18,8,18,139,13500,5
1880,2023-06-22,20,10,139,8000,5
5994,2023-12-24,14,6,139,1920,2
6049,2023-12-26,14,7,139,2240,2
5880,2023-12-20,14,15,139,4800,5
6878,2024-01-24,4,10,139,6000,4
7155,2024-02-04,2,9,139,8100,2
8554,2024-03-21,1,13,139,4550,4
8895,2024-04-04,2,6,139,5400,4
10369,2024-09-30,1,13,139,4550,3
7951,2024-03-01,4,10,140,6000,4
604,2023-02-26,26,12,140,10800,3
1201,2023-04-21,18,12,140,5400,2
4934,2023-11-18,8,17,140,12750,4
2273,2023-07-30,1,13,140,4550,5
3135,2023-09-18,22,6,140,2400,3
10175,2024-09-06,3,9,140,2250,3
763,2023-03-11,4,9,140,5400,5
2515,2023-08-23,24,16,140,8000,3
9795,2024-07-20,4,16,140,9600,2
6626,2024-01-15,3,15,141,3750,3
6873,2024-01-24,2,7,141,6300,2
7074,2024-01-31,4,15,141,9000,2
8717,2024-03-26,4,12,141,7200,5
9572,2024-06-21,4,12,141,7200,5
9999,2024-08-14,1,19,141,6650,2
2551,2023-08-26,24,18,141,9000,5
5619,2023-12-11,5,19,141,8550,5
9024,2024-04-19,2,16,141,14400,5
4311,2023-10-28,5,13,141,5850,5
4433,2023-11-02,3,12,141,3000,3
9173,2024-05-05,2,6,141,5400,5
6313,2024-01-04,14,19,141,6080,4
6629,2024-01-15,4,11,141,6600,3
7997,2024-03-02,2,6,141,5400,2
6579,2024-01-13,3,15,142,3750,3
8655,2024-03-24,3,20,142,5000,3
555,2023-02-23,2,5,142,4500,2
1086,2023-04-09,23,12,142,3000,2
1972,2023-07-02,23,11,142,2750,2
3284,2023-09-22,24,20,142,10000,2
4524,2023-11-05,1,18,142,6300,4
5762,2023-12-17,4,10,142,6000,2
7084,2024-02-01,2,18,142,16200,5
10156,2024-09-04,3,10,142,2500,3
2439,2023-08-15,24,17,142,8500,4
5819,2023-12-19,3,19,142,4750,4
3771,2023-10-08,8,16,142,12000,2
7451,2024-02-13,3,17,142,4250,5
3613,2023-10-03,1,18,142,6300,3
5980,2023-12-24,14,17,142,5440,5
6029,2023-12-25,14,11,143,3520,3
6309,2024-01-04,14,16,143,5120,4
34,2023-01-04,5,10,143,4500,5
2604,2023-08-31,24,13,143,6500,2
3253,2023-09-21,24,11,143,5500,2
3313,2023-09-23,23,12,143,3000,3
4243,2023-10-26,3,13,143,3250,5
5268,2023-11-30,7,11,143,16500,5
7213,2024-02-06,3,18,143,4500,5
7407,2024-02-12,2,5,143,4500,2
8869,2024-04-01,2,13,143,11700,4
10302,2024-09-22,1,15,143,5250,4
1330,2023-05-01,26,9,143,8100,2
1889,2023-06-23,15,16,143,5600,5
2779,2023-09-06,24,12,143,6000,3
4119,2023-10-21,9,20,143,14000,2
5291,2023-12-01,3,15,144,3750,5
5734,2023-12-16,5,13,144,5850,3
6145,2023-12-29,14,15,144,4800,4
7616,2024-02-19,3,10,144,2500,4
8160,2024-03-07,1,12,144,4200,3
8689,2024-03-25,3,19,144,4750,4
9606,2024-06-25,2,19,144,17100,3
10106,2024-08-29,1,15,144,5250,5
10244,2024-09-14,4,15,144,9000,5
277,2023-01-28,26,9,144,8100,4
490,2023-02-16,13,17,144,7650,5
1776,2023-06-10,22,16,144,6400,5
4256,2023-10-26,8,20,144,15000,3
4308,2023-10-28,4,10,144,6000,3
4424,2023-11-01,11,11,144,6050,3
2808,2023-09-07,24,16,144,8000,4
3275,2023-09-22,23,9,144,2250,5
3953,2023-10-14,11,20,144,11000,2
7380,2024-02-11,3,8,144,2000,3
826,2023-03-16,16,19,144,9500,5
7530,2024-02-16,3,14,144,3500,5
4998,2023-11-20,6,5,145,6000,2
5426,2023-12-04,10,12,145,21600,4
6565,2024-01-13,2,11,145,9900,2
6572,2024-01-13,3,13,145,3250,2
7386,2024-02-11,4,20,145,12000,3
9302,2024-05-17,2,17,145,15300,5
9796,2024-07-21,1,7,145,2450,4
2836,2023-09-08,22,9,145,3600,4
3619,2023-10-03,6,7,145,8400,2
6044,2023-12-26,14,9,145,2880,2
8847,2024-03-31,2,14,145,12600,3
1473,2023-05-14,17,7,145,4200,2
2212,2023-07-24,10,13,145,23400,2
3260,2023-09-22,21,18,145,11700,5
5329,2023-12-01,10,6,145,10800,2
5522,2023-12-08,4,5,145,3000,3
5629,2023-12-11,10,5,145,9000,4
9221,2024-05-09,3,9,145,2250,2
3813,2023-10-10,3,12,145,3000,4
9704,2024-07-08,2,8,145,7200,4
2061,2023-07-11,7,18,145,27000,3
3512,2023-09-30,22,17,145,6800,2
6912,2024-01-26,1,6,145,2100,4
8780,2024-03-29,1,15,145,5250,4
9065,2024-04-24,2,9,145,8100,2
7772,2024-02-25,2,16,146,14400,3
8563,2024-03-21,3,13,146,3250,4
9346,2024-05-23,3,19,146,4750,2
9792,2024-07-20,3,14,146,3500,3
10316,2024-09-24,2,8,146,7200,2
737,2023-03-09,6,6,146,7200,2
1869,2023-06-21,6,20,146,24000,3
2003,2023-07-05,23,8,146,2000,4
4062,2023-10-19,4,12,146,7200,2
4177,2023-10-23,6,14,146,16800,5
1132,2023-04-14,10,16,146,28800,3
1846,2023-06-18,4,8,146,4800,4
1970,2023-07-02,18,18,146,8100,5
8355,2024-03-14,2,11,146,9900,2
6460,2024-01-09,14,13,146,4160,3
7952,2024-03-01,4,8,146,4800,5
9450,2024-06-04,3,14,146,3500,5
10045,2024-08-20,4,8,146,4800,2
9729,2024-07-11,3,5,146,1250,3
8636,2024-03-23,4,9,147,5400,3
8946,2024-04-11,2,8,147,7200,2
1269,2023-04-27,12,8,147,2400,3
1450,2023-05-12,10,5,147,9000,3
2169,2023-07-21,7,10,147,15000,2
3862,2023-10-11,11,17,147,9350,5
4004,2023-10-16,10,8,147,14400,3
58,2023-01-07,1,9,147,3150,3
1135,2023-04-14,13,14,147,6300,2
3263,2023-09-22,22,6,147,2400,5
7556,2024-02-17,3,8,147,2000,2
8878,2024-04-02,2,18,147,16200,3
691,2023-03-05,4,11,147,6600,3
3200,2023-09-20,21,9,147,5850,3
3320,2023-09-23,24,14,147,7000,4
8620,2024-03-23,2,18,147,16200,2
3423,2023-09-27,23,14,147,3500,5
6755,2024-01-20,2,14,147,12600,3
7828,2024-02-27,2,11,147,9900,2
9073,2024-04-25,1,10,147,3500,4
5427,2023-12-04,10,17,148,30600,4
8185,2024-03-08,2,19,148,17100,2
8520,2024-03-19,3,19,148,4750,3
8740,2024-03-27,3,17,148,4250,4
9178,2024-05-05,4,14,148,8400,5
981,2023-04-01,4,11,148,6600,3
1691,2023-06-03,23,12,148,3000,2
1838,2023-06-16,20,13,148,10400,3
4174,2023-10-23,5,6,148,2700,2
4252,2023-10-26,5,7,148,3150,2
72,2023-01-09,11,8,148,4400,2
1900,2023-06-25,5,12,148,5400,3
8797,2024-03-29,3,12,148,3000,3
8938,2024-04-10,2,16,148,14400,3
9151,2024-05-03,1,5,148,1750,2
3638,2023-10-04,2,7,148,6300,3
5211,2023-11-28,8,17,148,12750,4
5693,2023-12-14,8,14,148,10500,4
2519,2023-08-23,24,12,148,6000,2
4654,2023-11-09,4,17,148,10200,3
6118,2023-12-28,14,17,148,5440,2
6611,2024-01-15,1,14,148,4900,4
8593,2024-03-22,2,10,148,9000,3
9787,2024-07-20,1,6,148,2100,4
5740,2023-12-16,6,16,149,19200,2
6489,2024-01-10,14,18,149,5760,4
7439,2024-02-13,1,9,149,3150,5
8751,2024-03-28,2,14,149,12600,3
9022,2024-04-19,2,13,149,11700,3
10354,2024-09-28,2,8,149,7200,4
90,2023-01-11,4,10,149,6000,5
2026,2023-07-07,25,17,149,10200,2
5601,2023-12-10,10,10,149,18000,2
8357,2024-03-14,3,16,149,4000,3
3582,2023-10-02,4,19,149,11400,3
6135,2023-12-29,14,19,149,6080,4
7102,2024-02-02,1,20,149,7000,5
9694,2024-07-06,3,12,149,3000,4
9745,2024-07-13,3,10,149,2500,3
1255,2023-04-26,7,9,149,13500,2
4110,2023-10-21,4,11,149,6600,4
9036,2024-04-20,3,18,149,4500,4
5739,2023-12-16,6,16,150,19200,5
8348,2024-03-14,1,14,150,4900,4
8499,2024-03-19,1,10,150,3500,2
8748,2024-03-28,1,18,150,6300,2
9672,2024-07-03,4,14,150,8400,5
9861,2024-07-30,2,5,150,4500,3
48,2023-01-06,7,9,150,13500,3
1645,2023-05-30,27,7,150,1400,2
2111,2023-07-16,12,7,150,2100,4
3247,2023-09-21,23,20,150,5000,3
3254,2023-09-21,24,18,150,9000,3
4554,2023-11-05,8,10,150,7500,4
6872,2024-01-24,2,18,150,16200,5
8051,2024-03-03,4,20,150,12000,4
8760,2024-03-28,3,20,150,5000,5
8485,2024-03-18,4,15,150,9000,5
8610,2024-03-23,1,11,150,3850,5
4358,2023-10-30,2,20,150,18000,2
5220,2023-11-29,2,8,150,7200,3
7750,2024-02-24,3,7,150,1750,4
3436,2023-09-27,24,20,150,10000,5
8562,2024-03-21,3,11,150,2750,3
5028,2023-11-21,8,5,151,3750,2
5269,2023-11-30,7,17,151,25500,4
6045,2023-12-26,14,6,151,1920,2
1313,2023-05-01,2,19,151,17100,2
1957,2023-07-01,19,12,151,3600,4
4018,2023-10-17,8,18,151,13500,3
1121,2023-04-13,13,11,151,4950,2
4855,2023-11-15,8,16,151,12000,4
7367,2024-02-11,2,18,151,16200,5
8377,2024-03-15,1,9,151,3150,3
5991,2023-12-24,14,12,151,3840,2
5610,2023-12-11,2,10,152,9000,3
5686,2023-12-14,5,8,152,3600,5
5741,2023-12-16,7,12,152,18000,2
841,2023-03-17,27,6,152,1200,2
2276,2023-07-30,3,17,152,4250,4
3470,2023-09-29,21,16,152,10400,5
3505,2023-09-30,21,5,152,3250,2
4636,2023-11-08,9,9,152,6300,2
7214,2024-02-06,3,8,152,2000,3
9079,2024-04-25,3,8,152,2000,3
319,2023-01-31,27,5,152,1000,2
2045,2023-07-09,12,11,152,3300,2
2639,2023-09-02,24,13,152,6500,3
3125,2023-09-18,21,10,152,6500,5
3797,2023-10-09,7,12,152,18000,5
6208,2024-01-01,14,12,152,3840,5
8595,2024-03-22,2,15,152,13500,3
9944,2024-08-08,4,9,152,5400,2
2266,2023-07-29,10,6,152,10800,5
6606,2024-01-14,4,6,152,3600,3
7773,2024-02-25,2,20,152,18000,4
9902,2024-08-04,3,17,152,4250,3
5859,2023-12-20,14,20,153,6400,2
6004,2023-12-24,14,16,153,5120,3
6190,2023-12-31,14,14,153,4480,3
7339,2024-02-10,2,10,153,9000,5
7889,2024-02-29,2,10,153,9000,5
8032,2024-03-03,1,15,153,5250,3
9364,2024-05-25,2,16,153,14400,2
450,2023-02-13,25,18,153,10800,2
606,2023-02-27,5,14,153,6300,2
1670,2023-06-02,11,20,153,11000,3
3334,2023-09-24,22,15,153,6000,3
303,2023-01-30,24,8,153,4000,5
533,2023-02-21,17,20,153,12000,2
4506,2023-11-04,6,19,153,22800,3
6808,2024-01-22,1,7,153,2450,4
8450,2024-03-17,2,5,153,4500,5
10095,2024-08-27,1,10,153,3500,2
3872,2023-10-12,4,19,153,11400,5
6998,2024-01-29,1,10,154,3500,2
9135,2024-05-01,3,14,154,3500,5
9264,2024-05-14,1,14,154,4900,2
292,2023-01-30,6,10,154,12000,2
2272,2023-07-29,25,19,154,11400,5
2277,2023-07-30,4,18,154,10800,5
2361,2023-08-08,24,9,154,4500,4
3534,2023-10-01,21,10,154,6500,5
4570,2023-11-06,3,8,154,2000,2
5658,2023-12-13,2,10,154,9000,3
8616,2024-03-23,2,20,154,18000,4
1185,2023-04-20,5,15,154,6750,2
214,2023-01-23,27,13,154,2600,3
582,2023-02-25,3,7,154,1750,2
4117,2023-10-21,8,14,154,10500,2
4344,2023-10-29,7,7,154,10500,4
4495,2023-11-04,1,6,154,2100,5
3036,2023-09-15,21,9,154,5850,4
3833,2023-10-10,8,12,154,9000,4
4623,2023-11-08,3,7,154,1750,5
9198,2024-05-07,4,10,155,6000,5
9506,2024-06-12,3,18,155,4500,4
1280,2023-04-28,8,20,155,15000,3
1577,2023-05-23,24,5,155,2500,3
5391,2023-12-03,4,13,155,7800,5
736,2023-03-09,5,16,155,7200,3
2160,2023-07-20,14,17,155,5440,2
7064,2024-01-31,3,14,155,3500,2
2864,2023-09-09,22,20,155,8000,2
5895,2023-12-21,14,15,155,4800,5
6443,2024-01-08,14,8,155,2560,5
6813,2024-01-22,2,13,155,11700,5
8223,2024-03-09,2,8,155,7200,3
9939,2024-08-07,4,8,155,4800,2
343,2023-02-02,18,10,155,4500,4
3642,2023-10-04,4,19,155,11400,4
6987,2024-01-28,4,17,155,10200,4
5275,2023-11-30,11,9,156,4950,2
9233,2024-05-10,4,16,156,9600,5
10262,2024-09-18,2,14,156,12600,4
2297,2023-08-01,2,10,156,9000,2
4542,2023-11-05,5,10,156,4500,4
4556,2023-11-05,9,6,156,4200,4
7844,2024-02-27,3,10,156,2500,2
1607,2023-05-26,26,7,156,6300,5
5745,2023-12-16,8,12,157,9000,2
7297,2024-02-09,1,11,157,3850,4
8205,2024-03-08,4,5,157,3000,4
8686,2024-03-25,3,5,157,1250,5
9571,2024-06-21,4,9,157,5400,4
9610,2024-06-26,1,5,157,1750,2
1165,2023-04-17,25,16,157,9600,5
2162,2023-07-20,19,18,157,5400,4
2600,2023-08-31,24,7,157,3500,4
3019,2023-09-14,23,19,157,4750,4
4094,2023-10-20,8,10,157,7500,4
3467,2023-09-28,24,14,157,7000,4
1028,2023-04-05,8,10,157,7500,3
1179,2023-04-19,17,10,157,6000,3
5565,2023-12-09,9,9,157,6300,5
6093,2023-12-28,14,6,157,1920,3
8916,2024-04-06,3,20,157,5000,4
6277,2024-01-03,14,18,157,5760,4
7087,2024-02-01,3,17,157,4250,4
6901,2024-01-25,3,18,158,4500,3
8091,2024-03-05,1,17,158,5950,2
765,2023-03-11,8,12,158,9000,5
804,2023-03-14,17,14,158,8400,3
2954,2023-09-11,24,18,158,9000,4
4315,2023-10-28,6,6,158,7200,2
6294,2024-01-03,14,13,158,4160,5
9368,2024-05-25,3,8,158,2000,2
3393,2023-09-26,22,14,158,5600,4
3441,2023-09-28,21,13,158,8450,5
8590,2024-03-22,2,10,158,9000,2
10336,2024-09-26,1,11,158,3850,4
1359,2023-05-04,12,15,158,4500,4
3327,2023-09-24,21,8,158,5200,5
4674,2023-11-09,11,13,158,7150,5
5116,2023-11-25,3,18,158,4500,5
9546,2024-06-17,4,19,158,11400,2
5115,2023-11-25,3,12,159,3000,2
5514,2023-12-08,2,8,159,7200,5
6262,2024-01-03,14,6,159,1920,2
6567,2024-01-13,2,11,159,9900,2
7271,2024-02-08,2,20,159,18000,2
9585,2024-06-23,1,6,159,2100,2
527,2023-02-21,1,16,159,5600,4
984,2023-04-01,11,17,159,9350,3
1231,2023-04-23,26,13,159,11700,4
4300,2023-10-28,1,11,159,3850,5
3358,2023-09-25,22,7,159,2800,5
8845,2024-03-31,2,19,159,17100,2
4035,2023-10-18,4,17,159,10200,4
5802,2023-12-18,7,5,159,7500,4
6588,2024-01-13,4,5,159,3000,2
8314,2024-03-12,4,19,159,11400,5
9152,2024-05-03,2,19,159,17100,4
4737,2023-11-12,2,16,159,14400,2
5528,2023-12-08,7,14,159,21000,5
8323,2024-03-13,2,14,159,12600,5
10064,2024-08-22,3,9,159,2250,5
6659,2024-01-16,4,8,160,4800,4
7450,2024-02-13,3,14,160,3500,3
7969,2024-03-02,1,18,160,6300,4
8627,2024-03-23,3,14,160,3500,3
9543,2024-06-17,3,13,160,3250,4
9852,2024-07-28,4,12,160,7200,5
368,2023-02-05,18,18,160,8100,5
887,2023-03-23,4,17,160,10200,3
1294,2023-04-29,2,8,160,7200,2
2584,2023-08-29,24,15,160,7500,3
2986,2023-09-13,22,14,160,5600,2
4365,2023-10-30,9,13,160,9100,3
6060,2023-12-26,14,16,160,5120,5
8458,2024-03-17,3,9,160,2250,5
1190,2023-04-20,19,18,160,5400,4
8432,2024-03-16,4,20,160,12000,3
496,2023-02-17,7,10,160,15000,2
3972,2023-10-15,7,11,160,16500,5
6101,2023-12-28,14,12,160,3840,3
6541,2024-01-12,3,14,160,3500,2
9042,2024-04-21,4,18,160,10800,5
5442,2023-12-05,4,12,161,7200,3
5502,2023-12-07,10,8,161,14400,5
5800,2023-12-18,7,12,161,18000,5
6143,2023-12-29,14,18,161,5760,5
7648,2024-02-20,4,19,161,11400,3
7798,2024-02-26,1,11,161,3850,3
8467,2024-03-18,1,5,161,1750,3
9320,2024-05-20,1,19,161,6650,3
9955,2024-08-09,3,14,161,3500,3
10202,2024-09-10,3,6,161,1500,3
1001,2023-04-02,17,12,161,7200,4
4429,2023-11-02,2,11,161,9900,4
3000,2023-09-13,24,15,161,7500,4
7638,2024-02-20,2,16,161,14400,2
1909,2023-06-26,28,12,161,3600,4
4402,2023-11-01,6,19,161,22800,4
6521,2024-01-12,1,7,161,2450,4
7053,2024-01-31,1,5,161,1750,2
10188,2024-09-08,2,17,161,15300,5
2980,2023-09-13,21,14,161,9100,3
3016,2023-09-14,22,18,161,7200,4
5299,2023-12-01,5,15,161,6750,2
5799,2023-12-18,7,20,161,30000,2
6971,2024-01-28,1,20,162,7000,5
7734,2024-02-24,1,19,162,6650,5
2119,2023-07-16,25,10,162,6000,3
8723,2024-03-27,1,14,162,4900,2
5134,2023-11-25,11,10,162,5500,3
6245,2024-01-02,14,11,162,3520,4
7070,2024-01-31,3,20,162,5000,3
7299,2024-02-09,2,8,162,7200,4
8894,2024-04-04,2,9,162,8100,5
1238,2023-04-24,17,5,162,3000,4
6035,2023-12-26,14,18,162,5760,4
7791,2024-02-25,4,5,162,3000,5
8290,2024-03-12,1,13,162,4550,3
212,2023-01-23,21,9,162,5850,5
5828,2023-12-19,8,19,162,14250,3
5902,2023-12-21,14,17,162,5440,4
6005,2023-12-24,14,15,162,4800,2
7308,2024-02-09,3,13,162,3250,5
5970,2023-12-23,14,17,163,5440,3
6202,2023-12-31,14,14,163,4480,3
7090,2024-02-01,3,9,163,2250,2
9446,2024-06-04,2,20,163,18000,4
1502,2023-05-17,8,20,163,15000,5
1924,2023-06-28,24,7,163,3500,5
3232,2023-09-21,21,6,163,3900,4
4388,2023-10-31,11,16,163,8800,2
10293,2024-09-21,1,14,163,4900,4
2004,2023-07-05,24,16,163,8000,3
2722,2023-09-04,24,10,163,5000,4
4259,2023-10-26,9,15,163,10500,4
1224,2023-04-23,14,19,163,6080,4
4764,2023-11-12,11,13,163,7150,3
4872,2023-11-16,4,8,163,4800,4
9177,2024-05-05,4,20,163,12000,5
9532,2024-06-16,1,10,163,3500,3
293,2023-01-30,8,7,163,5250,5
2887,2023-09-09,24,9,163,4500,5
3071,2023-09-16,22,5,163,2000,2
4614,2023-11-08,1,7,163,2450,4
4931,2023-11-18,8,20,163,15000,5
5359,2023-12-02,6,20,163,24000,5
5695,2023-12-14,8,10,163,7500,4
7248,2024-02-07,3,14,163,3500,5
8291,2024-03-12,1,11,163,3850,5
8993,2024-04-16,3,13,163,3250,3
10259,2024-09-17,4,15,163,9000,4
5097,2023-11-24,4,5,164,3000,4
6376,2024-01-06,14,12,164,3840,2
8544,2024-03-20,4,12,164,7200,4
9397,2024-05-28,1,11,164,3850,5
9778,2024-07-18,4,15,164,9000,5
1380,2023-05-06,4,11,164,6600,2
1588,2023-05-24,22,15,164,6000,2
2138,2023-07-18,12,6,164,1800,2
2151,2023-07-19,23,5,164,1250,3
3264,2023-09-22,22,14,164,5600,5
3803,2023-10-09,8,18,164,13500,3
997,2023-04-02,14,5,164,1600,4
3127,2023-09-18,22,8,164,3200,3
6140,2023-12-29,14,20,164,6400,3
6334,2024-01-05,14,9,164,2880,2
8784,2024-03-29,1,18,164,6300,2
9094,2024-04-27,4,13,164,7800,3
420,2023-02-10,9,15,164,10500,3
7816,2024-02-26,4,9,164,5400,5
8482,2024-03-18,3,18,164,4500,5
10344,2024-09-27,1,9,164,3150,5
3804,2023-10-09,8,15,164,11250,2
4972,2023-11-19,7,12,164,18000,3
9031,2024-04-20,2,6,164,5400,3
5363,2023-12-02,8,14,165,10500,4
5638,2023-12-12,5,16,165,7200,5
6735,2024-01-19,3,17,165,4250,3
7329,2024-02-10,1,16,165,5600,3
7430,2024-02-12,4,8,165,4800,5
8875,2024-04-02,1,19,165,6650,3
9820,2024-07-24,2,18,165,16200,3
685,2023-03-04,20,6,165,4800,3
946,2023-03-29,28,13,165,3900,5
1714,2023-06-05,10,13,165,23400,3
3805,2023-10-09,8,18,165,13500,2
6617,2024-01-15,2,20,165,18000,3
3922,2023-10-13,11,6,165,3300,2
5018,2023-11-21,5,15,165,6750,3
2993,2023-09-13,23,12,165,3000,2
4801,2023-11-14,2,18,165,16200,4
6300,2024-01-04,14,9,165,2880,2
8934,2024-04-09,3,10,165,2500,5
6900,2024-01-25,3,7,165,1750,3
6870,2024-01-24,2,5,166,4500,2
7500,2024-02-15,3,13,166,3250,5
7620,2024-02-19,4,19,166,11400,3
8054,2024-03-04,1,18,166,6300,5
8175,2024-03-07,4,10,166,6000,2
10091,2024-08-26,3,7,166,1750,4
5234,2023-11-29,6,13,166,15600,5
6416,2024-01-08,14,9,166,2880,2
7257,2024-02-08,1,11,166,3850,5
7424,2024-02-12,3,8,166,2000,3
2794,2023-09-07,23,9,166,2250,5
4986,2023-11-20,2,6,166,5400,3
5557,2023-12-09,5,15,166,6750,5
7886,2024-02-29,2,13,166,11700,5
1195,2023-04-21,12,15,166,4500,2
1812,2023-06-14,18,10,166,4500,2
3939,2023-10-14,6,19,166,22800,2
5362,2023-12-02,8,15,166,11250,3
8088,2024-03-05,1,7,166,2450,2
5674,2023-12-13,11,6,167,3300,4
9021,2024-04-19,2,14,167,12600,3
9481,2024-06-08,4,8,167,4800,4
928,2023-03-27,25,10,167,6000,5
1305,2023-04-30,21,16,167,10400,2
1750,2023-06-08,1,16,167,5600,3
2068,2023-07-11,26,11,167,9900,3
7052,2024-01-31,1,6,167,2100,2
1576,2023-05-23,20,20,167,16000,3
6077,2023-12-27,14,16,167,5120,3
9636,2024-06-29,4,8,167,4800,3
894,2023-03-23,23,13,167,3250,2
1336,2023-05-02,11,10,167,5500,5
10385,2024-10-01,2,18,167,16200,4
194,2023-01-21,24,12,167,6000,2
3242,2023-09-21,22,9,167,3600,4
5495,2023-12-07,8,5,167,3750,3
8944,2024-04-11,1,5,167,1750,2
9092,2024-04-27,1,7,167,2450,5
5725,2023-12-16,1,13,168,4550,3
8789,2024-03-29,2,11,168,9900,5
9019,2024-04-19,1,12,168,4200,3
9382,2024-05-26,4,17,168,10200,3
3742,2023-10-07,5,13,168,5850,3
8572,2024-03-21,4,17,168,10200,3
8252,2024-03-10,3,9,168,2250,4
3,2023-01-01,8,7,168,5250,3
1631,2023-05-29,14,12,168,3840,4
2690,2023-09-03,24,15,168,7500,2
3905,2023-10-13,4,16,168,9600,4
1771,2023-06-10,12,12,168,3600,3
2926,2023-09-10,24,5,168,2500,2
3623,2023-10-03,7,10,168,15000,5
5612,2023-12-11,2,20,168,18000,2
6954,2024-01-27,3,16,168,4000,4
8449,2024-03-17,2,18,168,16200,4
5392,2023-12-03,5,15,169,6750,2
5860,2023-12-20,14,19,169,6080,5
6926,2024-01-26,3,13,169,3250,3
7095,2024-02-01,4,7,169,4200,4
7721,2024-02-23,3,6,169,1500,5
7881,2024-02-28,4,20,169,12000,3
8319,2024-03-13,1,5,169,1750,3
8986,2024-04-16,1,17,169,5950,3
9600,2024-06-24,4,9,169,5400,5
9695,2024-07-06,4,15,169,9000,4
10223,2024-09-13,1,10,169,3500,5
178,2023-01-20,1,6,169,2100,3
342,2023-02-02,11,6,169,3300,3
3735,2023-10-07,3,12,169,3000,2
5729,2023-12-16,3,8,169,2000,2
6732,2024-01-19,2,16,169,14400,2
6931,2024-01-26,3,18,169,4500,2
8508,2024-03-19,1,17,169,5950,5
10009,2024-08-15,2,13,169,11700,2
6909,2024-01-26,1,10,169,3500,5
8741,2024-03-27,3,16,169,4000,4
9737,2024-07-13,1,14,169,4900,3
10240,2024-09-14,2,7,169,6300,4
6657,2024-01-16,4,5,169,3000,5
1915,2023-06-27,14,11,169,3520,4
5775,2023-12-17,10,5,170,9000,4
6465,2024-01-09,14,6,170,1920,5
638,2023-03-01,23,18,170,4500,2
8889,2024-04-03,4,18,170,10800,5
9123,2024-05-01,2,12,170,10800,3
9648,2024-07-01,1,14,170,4900,2
2314,2023-08-02,24,8,170,4000,3
950,2023-03-30,7,20,170,30000,2
2611,2023-09-01,24,19,170,9500,3
1500,2023-05-17,1,16,170,5600,2
4510,2023-11-04,8,6,170,4500,4
5276,2023-12-01,1,11,170,3850,5
9622,2024-06-27,4,15,170,9000,3
5201,2023-11-28,2,13,171,11700,3
5483,2023-12-07,4,19,171,11400,3
5774,2023-12-17,10,6,171,10800,4
5823,2023-12-19,5,14,171,6300,3
6818,2024-01-22,2,9,171,8100,2
7188,2024-02-05,3,19,171,4750,5
9465,2024-06-06,2,12,171,10800,4
93,2023-01-11,16,15,171,7500,2
694,2023-03-05,8,9,171,6750,2
847,2023-03-18,10,20,171,36000,4
1074,2023-04-09,3,7,171,1750,3
1639,2023-05-30,20,19,171,15200,4
1998,2023-07-04,27,14,171,2800,5
3030,2023-09-14,24,17,171,8500,3
3314,2023-09-23,23,16,171,4000,4
7281,2024-02-08,3,10,171,2500,3
8019,2024-03-02,4,16,171,9600,5
6110,2023-12-28,14,16,171,5120,2
10036,2024-08-20,2,16,171,14400,5
2628,2023-09-01,24,9,171,4500,3
6599,2024-01-14,3,12,171,3000,5
10218,2024-09-12,4,17,171,10200,3
2692,2023-09-03,24,10,171,5000,4
6652,2024-01-16,3,6,171,1500,3
7201,2024-02-06,1,13,171,4550,3
7683,2024-02-22,1,16,171,5600,4
7765,2024-02-25,1,9,172,3150,5
7766,2024-02-25,2,6,172,5400,4
8358,2024-03-14,3,16,172,4000,4
8475,2024-03-18,2,20,172,18000,2
1202,2023-04-21,23,7,172,1750,4
1361,2023-05-04,13,12,172,5400,2
2493,2023-08-21,24,17,172,8500,4
2902,2023-09-10,22,6,172,2400,5
8989,2024-04-16,2,18,172,16200,5
9897,2024-08-04,2,11,172,9900,5
3487,2023-09-29,22,10,172,4000,5
2683,2023-09-03,24,10,172,5000,4
5723,2023-12-16,1,17,172,5950,3
5037,2023-11-22,1,9,173,3150,4
5129,2023-11-25,10,11,173,19800,3
5489,2023-12-07,5,17,173,7650,5
6538,2024-01-12,3,6,173,1500,2
10314,2024-09-23,4,19,173,11400,5
480,2023-02-15,28,16,173,4800,4
725,2023-03-08,1,6,173,2100,5
1510,2023-05-17,21,12,173,7800,5
4866,2023-11-16,2,17,173,15300,3
7347,2024-02-10,3,5,173,1250,3
9724,2024-07-10,3,6,173,1500,4
10326,2024-09-25,2,5,173,4500,3
3417,2023-09-27,22,20,173,8000,3
3547,2023-10-01,22,12,173,4800,3
4041,2023-10-18,6,16,173,19200,5
4648,2023-11-09,1,8,173,2800,5
7499,2024-02-15,3,20,173,5000,2
7655,2024-02-21,2,18,173,16200,5
8962,2024-04-13,1,20,173,7000,5
5722,2023-12-15,11,5,173,2750,5
5598,2023-12-10,8,6,174,4500,5
5886,2023-12-21,14,19,174,6080,4
5959,2023-12-23,14,7,174,2240,2
6195,2023-12-31,14,17,174,5440,2
6534,2024-01-12,3,13,174,3250,3
6862,2024-01-24,1,9,174,3150,4
7072,2024-01-31,3,6,174,1500,4
7399,2024-02-12,1,7,174,2450,4
8696,2024-03-25,4,16,174,9600,2
10376,2024-09-30,4,20,174,12000,4
607,2023-02-27,10,8,174,14400,2
3748,2023-10-07,5,7,174,3150,4
4009,2023-10-17,1,11,174,3850,4
6050,2023-12-26,14,14,174,4480,4
6188,2023-12-31,14,20,174,6400,4
1077,2023-04-09,7,19,174,28500,4
1492,2023-05-16,10,12,174,21600,3
4878,2023-11-16,5,10,174,4500,5
5335,2023-12-01,11,6,174,3300,3
7923,2024-03-01,1,16,174,5600,4
9706,2024-07-08,3,10,174,2500,2
3382,2023-09-25,24,8,174,4000,5
8809,2024-03-29,4,11,174,6600,5
5184,2023-11-27,8,7,175,5250,3
5874,2023-12-20,14,12,175,3840,3
7067,2024-01-31,3,11,175,2750,4
8267,2024-03-11,1,14,175,4900,4
290,2023-01-30,3,7,175,1750,4
1109,2023-04-11,28,7,175,2100,4
1528,2023-05-19,10,20,175,36000,5
2784,2023-09-06,24,20,175,10000,2
2865,2023-09-09,22,19,175,7600,3
2944,2023-09-11,22,17,175,6800,3
4101,2023-10-20,11,20,175,11000,3
8255,2024-03-10,3,5,175,1250,5
145,2023-01-16,26,14,175,12600,5
7165,2024-02-04,4,12,175,7200,4
7786,2024-02-25,4,8,175,4800,4
2022,2023-07-07,17,9,175,5400,2
170,2023-01-19,5,19,175,8550,5
795,2023-03-13,22,19,175,7600,2
5788,2023-12-18,3,11,175,2750,3
8251,2024-03-10,3,10,175,2500,5
5121,2023-11-25,6,14,176,16800,3
5731,2023-12-16,4,12,176,7200,2
7532,2024-02-16,4,11,176,6600,2
9738,2024-07-13,1,8,176,2800,3
9892,2024-08-03,4,13,176,7800,5
630,2023-03-01,9,10,176,7000,2
4182,2023-10-23,8,11,176,8250,4
9316,2024-05-19,4,17,176,10200,2
4958,2023-11-19,3,16,176,4000,4
8834,2024-03-30,4,19,176,11400,4
10220,2024-09-13,1,9,176,3150,3
125,2023-01-15,8,14,176,10500,2
7909,2024-02-29,4,6,176,3600,3
8952,2024-04-12,1,16,176,5600,4
10210,2024-09-11,4,17,177,10200,3
32,2023-01-04,2,10,177,9000,2
186,2023-01-20,24,20,177,10000,5
1442,2023-05-11,11,19,177,10450,2
5979,2023-12-24,14,7,177,2240,4
7802,2024-02-26,2,7,177,6300,4
5074,2023-11-23,7,16,177,24000,3
817,2023-03-15,25,16,177,9600,3
2700,2023-09-04,24,14,177,7000,4
6635,2024-01-15,4,20,177,12000,5
2749,2023-09-05,24,13,177,6500,4
3414,2023-09-27,22,14,177,5600,3
4823,2023-11-14,8,12,177,9000,3
5865,2023-12-20,14,13,177,4160,4
10113,2024-08-29,3,5,177,1250,5
5556,2023-12-09,4,13,178,7800,4
7615,2024-02-19,2,11,178,9900,3
7946,2024-03-01,3,17,178,4250,2
8852,2024-03-31,3,19,178,4750,5
9274,2024-05-14,4,7,178,4200,5
261,2023-01-27,2,13,178,11700,5
2959,2023-09-12,21,10,178,6500,2
8806,2024-03-29,4,9,178,5400,4
9677,2024-07-04,1,11,178,3850,5
651,2023-03-02,18,17,178,7650,5
802,2023-03-14,13,7,178,3150,5
4064,2023-10-19,4,20,178,12000,2
4194,2023-10-24,3,6,178,1500,4
6750,2024-01-20,1,11,178,3850,5
7413,2024-02-12,2,6,178,5400,2
7495,2024-02-15,2,8,178,7200,2
8603,2024-03-22,4,18,178,10800,5
1850,2023-06-18,16,13,178,6500,2
10023,2024-08-17,3,19,178,4750,2
2180,2023-07-21,21,18,178,11700,3
2528,2023-08-24,24,5,178,2500,4
8816,2024-03-30,1,6,178,2100,3
8848,2024-03-31,2,10,178,9000,3
9138,2024-05-01,4,9,178,5400,5
5520,2023-12-08,4,20,179,12000,5
6059,2023-12-26,14,12,179,3840,4
6126,2023-12-29,14,11,179,3520,4
6871,2024-01-24,2,9,179,8100,5
7288,2024-02-08,4,13,179,7800,4
7433,2024-02-12,4,7,179,4200,5
9530,2024-06-15,4,5,179,3000,4
535,2023-02-21,21,5,179,3250,2
4083,2023-10-20,1,7,179,2450,2
8791,2024-03-29,2,17,179,15300,4
1123,2023-04-13,21,8,179,5200,5
3708,2023-10-06,6,16,179,19200,4
6158,2023-12-30,14,20,179,6400,3
7278,2024-02-08,3,12,179,3000,4
7445,2024-02-13,2,10,179,9000,4
2052,2023-07-10,13,9,179,4050,5
3729,2023-10-07,2,8,179,7200,5
4383,2023-10-31,7,16,179,24000,2
9534,2024-06-16,1,14,179,4900,4
5936,2023-12-22,14,14,180,4480,5
5971,2023-12-23,14,6,180,1920,5
6694,2024-01-18,1,15,180,5250,3
7292,2024-02-08,4,13,180,7800,4
8212,2024-03-09,1,12,180,4200,5
9442,2024-06-03,2,11,180,9900,2
10098,2024-08-27,1,10,180,3500,4
364,2023-02-04,20,14,180,11200,2
1449,2023-05-12,10,16,180,28800,3
1793,2023-06-11,25,14,180,8400,5
1973,2023-07-02,23,17,180,4250,2
4097,2023-10-20,10,20,180,36000,4
6090,2023-12-28,14,16,180,5120,5
6282,2024-01-03,14,8,180,2560,5
8538,2024-03-20,2,15,180,13500,5
798,2023-03-14,2,17,180,15300,2
3085,2023-09-16,24,8,180,4000,2
4714,2023-11-11,3,10,180,2500,3
6869,2024-01-24,2,13,180,11700,3
7221,2024-02-06,4,6,180,3600,3
1632,2023-05-29,18,14,180,6300,4
2676,2023-09-03,24,8,180,4000,4
8147,2024-03-06,4,6,180,3600,5
9155,2024-05-03,2,9,180,8100,3
4797,2023-11-13,11,13,180,7150,2
5609,2023-12-11,2,15,180,13500,5
7103,2024-02-02,1,6,180,2100,5
9058,2024-04-23,1,8,180,2800,2
5013,2023-11-21,3,11,181,2750,5
7875,2024-02-28,4,19,181,11400,2
9608,2024-06-25,3,16,181,4000,4
830,2023-03-17,1,11,181,3850,5
1171,2023-04-18,23,7,181,1750,3
2881,2023-09-09,24,14,181,7000,3
9595,2024-06-23,3,9,181,2250,5
9965,2024-08-10,4,10,181,6000,4
10123,2024-08-31,3,15,181,3750,4
9363,2024-05-25,1,7,181,2450,3
200,2023-01-22,20,8,181,6400,2
2650,2023-09-02,24,8,181,4000,4
4907,2023-11-17,10,11,181,19800,3
5162,2023-11-26,11,17,181,9350,4
8074,2024-03-04,4,20,181,12000,4
3909,2023-10-13,6,15,181,18000,2
8469,2024-03-18,1,15,182,5250,4
8658,2024-03-24,3,7,182,1750,3
130,2023-01-15,26,13,182,11700,5
1169,2023-04-18,17,5,182,3000,3
1371,2023-05-05,15,20,182,7000,4
1504,2023-05-17,9,7,182,4900,4
2009,2023-07-06,3,8,182,2000,4
3318,2023-09-23,24,14,182,7000,5
3380,2023-09-25,24,11,182,5500,4
3427,2023-09-27,23,9,182,2250,2
4401,2023-11-01,6,8,182,9600,5
5249,2023-11-29,10,8,182,14400,5
8702,2024-03-26,2,9,182,8100,5
10231,2024-09-13,4,8,182,4800,5
553,2023-02-22,27,20,182,4000,2
744,2023-03-09,16,15,182,7500,5
5180,2023-11-27,7,13,182,19500,3
9564,2024-06-20,3,6,182,1500,5
7763,2024-02-25,1,13,182,4550,3
5122,2023-11-25,6,14,182,16800,2
7293,2024-02-09,1,20,183,7000,4
8111,2024-03-05,3,12,183,3000,3
8473,2024-03-18,2,10,183,9000,4
9078,2024-04-25,3,12,183,3000,4
493,2023-02-16,23,13,183,3250,2
1137,2023-04-14,14,7,183,2240,3
1581,2023-05-24,7,11,183,16500,2
3733,2023-10-07,2,12,183,10800,3
4519,2023-11-04,10,8,183,14400,2
6354,2024-01-05,14,5,183,1600,4
6697,2024-01-18,1,9,183,3150,4
7534,2024-02-16,4,19,183,11400,2
2271,2023-07-29,24,16,183,8000,3
3323,2023-09-23,24,7,183,3500,5
5499,2023-12-07,10,12,183,21600,5
8735,2024-03-27,3,16,183,4000,4
3387,2023-09-26,21,7,183,4550,4
10119,2024-08-30,4,6,183,3600,2
10345,2024-09-27,2,15,183,13500,2
5144,2023-11-26,4,11,184,6600,2
7837,2024-02-27,3,6,184,1500,2
8336,2024-03-13,4,8,184,4800,5
9767,2024-07-17,3,6,184,1500,5
742,2023-03-09,11,9,184,4950,5
942,2023-03-29,19,12,184,3600,3
2016,2023-07-06,28,7,184,2100,2
2133,2023-07-18,2,15,184,13500,4
3394,2023-09-26,22,18,184,7200,3
6383,2024-01-06,14,15,184,4800,3
451,2023-02-13,27,16,184,3200,2
978,2023-03-31,23,6,184,1500,3
2812,2023-09-07,24,12,184,6000,5
4454,2023-11-02,9,6,184,4200,3
6495,2024-01-10,14,10,184,3200,5
9710,2024-07-08,4,7,184,4200,3
295,2023-01-30,11,6,184,3300,3
2537,2023-08-25,24,12,184,6000,2
2878,2023-09-09,23,9,184,2250,5
1111,2023-04-12,2,20,184,18000,3
1264,2023-04-27,2,8,184,7200,5
4337,2023-10-29,2,8,184,7200,5
6819,2024-01-22,2,10,184,9000,3
9454,2024-06-05,1,18,184,6300,2
16,2023-01-02,26,11,185,9900,5
608,2023-02-27,11,13,185,7150,2
696,2023-03-05,9,6,185,4200,4
1524,2023-05-18,25,16,185,9600,2
2798,2023-09-07,23,12,185,3000,3
1426,2023-05-10,2,20,185,18000,5
2597,2023-08-31,24,20,185,10000,5
5012,2023-11-21,2,6,185,5400,3
7831,2024-02-27,2,6,185,5400,5
229,2023-01-24,17,7,185,4200,4
780,2023-03-12,13,19,185,8550,3
1282,2023-04-28,10,5,185,9000,5
2645,2023-09-02,24,16,185,8000,2
3140,2023-09-18,23,7,185,1750,3
4620,2023-11-08,2,10,185,9000,2
5356,2023-12-02,5,5,186,2250,2
5617,2023-12-11,5,8,186,3600,4
6625,2024-01-15,3,15,186,3750,3
7388,2024-02-11,4,13,186,7800,3
7825,2024-02-27,1,7,186,2450,4
9074,2024-04-25,1,10,186,3500,2
245,2023-01-26,5,13,186,5850,3
3011,2023-09-14,22,18,186,7200,4
3879,2023-10-12,6,18,186,21600,2
182,2023-01-20,9,6,186,4200,5
6285,2024-01-03,14,20,186,6400,2
761,2023-03-10,26,10,186,9000,4
1410,2023-05-09,2,20,186,18000,5
3913,2023-10-13,7,10,186,15000,2
8448,2024-03-17,2,9,186,8100,4
5591,2023-12-10,6,5,187,6000,5
5836,2023-12-19,14,12,187,3840,4
5908,2023-12-21,14,20,187,6400,2
7484,2024-02-14,4,16,187,9600,4
7607,2024-02-19,1,6,187,2100,3
9800,2024-07-21,3,12,187,3000,3
9887,2024-08-03,2,11,187,9900,4
1323,2023-05-01,20,6,187,4800,3
1745,2023-06-07,12,8,187,2400,3
3892,2023-10-12,9,13,187,9100,2
7878,2024-02-28,4,19,187,11400,5
7974,2024-03-02,1,20,187,7000,3
1564,2023-05-22,27,15,187,3000,4
1942,2023-06-30,26,17,187,15300,3
2487,2023-08-20,24,19,187,9500,3
8631,2024-03-23,4,14,187,8400,5
4685,2023-11-10,5,8,187,3600,3
6751,2024-01-20,1,17,187,5950,5
6760,2024-01-20,3,19,187,4750,5
472,2023-02-15,17,20,187,12000,3
9220,2024-05-09,3,5,187,1250,2
5482,2023-12-07,4,16,188,9600,4
5889,2023-12-21,14,14,188,4480,4
5999,2023-12-24,14,10,188,3200,4
9102,2024-04-28,4,10,188,6000,4
42,2023-01-05,11,14,188,7700,5
807,2023-03-15,1,12,188,4200,5
827,2023-03-16,27,20,188,4000,2
1281,2023-04-28,9,9,188,6300,5
3319,2023-09-23,24,7,188,3500,4
5288,2023-12-01,3,16,188,4000,4
5425,2023-12-04,9,10,188,7000,5
6051,2023-12-26,14,7,188,2240,4
5758,2023-12-17,2,6,188,5400,2
9769,2024-07-17,4,18,188,10800,5
4938,2023-11-18,9,13,188,9100,2
9443,2024-06-03,4,7,188,4200,3
1811,2023-06-14,18,11,188,4950,4
4196,2023-10-24,4,9,188,5400,2
6471,2024-01-10,14,12,188,3840,4
5354,2023-12-02,5,11,189,4950,4
6426,2024-01-08,14,12,189,3840,2
8451,2024-03-17,3,18,189,4500,5
10380,2024-09-30,4,20,189,12000,5
713,2023-03-07,5,12,189,5400,4
2450,2023-08-16,24,20,189,10000,2
3292,2023-09-23,21,10,189,6500,3
8516,2024-03-19,2,7,189,6300,2
8757,2024-03-28,2,15,189,13500,5
9978,2024-08-11,4,6,189,3600,2
9639,2024-06-29,4,12,189,7200,2
2382,2023-08-10,24,12,189,6000,2
4549,2023-11-05,7,10,189,15000,4
8197,2024-03-08,3,15,189,3750,2
5173,2023-11-27,5,10,190,4500,2
6305,2024-01-04,14,18,190,5760,2
6584,2024-01-13,4,12,190,7200,2
7222,2024-02-06,4,6,190,3600,5
7487,2024-02-14,4,13,190,7800,2
7814,2024-02-26,4,9,190,5400,5
8543,2024-03-20,4,8,190,4800,3
8622,2024-03-23,2,17,190,15300,2
716,2023-03-07,11,15,190,8250,3
7141,2024-02-03,4,7,190,4200,2
8551,2024-03-21,1,5,190,1750,4
1659,2023-06-01,12,19,190,5700,3
3471,2023-09-29,21,6,190,3900,3
9895,2024-08-03,4,7,190,4200,5
5313,2023-12-01,7,16,190,24000,2
9007,2024-04-18,1,16,190,5600,4
10357,2024-09-28,4,16,190,9600,4
5853,2023-12-20,14,11,191,3520,4
6204,2023-12-31,14,11,191,3520,3
6479,2024-01-10,14,17,191,5440,4
8454,2024-03-17,3,6,191,1500,2
715,2023-03-07,7,7,191,10500,4
3391,2023-09-26,22,17,191,6800,4
6527,2024-01-12,2,7,191,6300,4
81,2023-01-10,13,17,191,7650,4
3716,2023-10-06,10,15,191,27000,5
8196,2024-03-08,2,14,191,12600,4
9090,2024-04-26,4,8,191,4800,5
3896,2023-10-13,1,8,191,2800,3
7564,2024-02-17,4,16,191,9600,2
8276,2024-03-11,3,15,191,3750,2
2401,2023-08-11,24,7,191,3500,2
7028,2024-01-30,1,12,191,4200,5
5017,2023-11-21,5,14,192,6300,3
6858,2024-01-23,4,7,192,4200,5
7854,2024-02-27,4,11,192,6600,3
9133,2024-05-01,3,12,192,3000,4
9855,2024-07-29,3,8,192,2000,3
10294,2024-09-21,1,14,192,4900,3
1040,2023-04-06,14,17,192,5440,2
3778,2023-10-09,1,20,192,7000,4
4055,2023-10-18,11,9,192,4950,4
4226,2023-10-25,3,11,192,2750,3
4395,2023-11-01,4,19,192,11400,2
1605,2023-05-26,21,6,192,3900,5
1744,2023-06-07,11,6,192,3300,5
5681,2023-12-14,2,11,192,9900,3
7522,2024-02-16,1,13,192,4550,4
7727,2024-02-23,4,20,192,12000,5
8555,2024-03-21,2,16,192,14400,3
1272,2023-04-27,19,10,192,3000,5
5207,2023-11-28,5,17,192,7650,4
2731,2023-09-05,24,12,192,6000,4
3276,2023-09-22,23,20,192,5000,5
3381,2023-09-25,24,16,192,8000,3
6037,2023-12-26,14,15,193,4800,5
6198,2023-12-31,14,18,193,5760,5
6613,2024-01-15,1,11,193,3850,2
6841,2024-01-23,2,6,193,5400,4
7743,2024-02-24,2,18,193,16200,3
8418,2024-03-16,3,12,193,3000,3
9687,2024-07-05,2,20,193,18000,4
537,2023-02-21,25,6,193,3600,2
904,2023-03-25,3,20,193,5000,2
2393,2023-08-11,24,15,193,7500,2
2452,2023-08-16,24,10,193,5000,4
4003,2023-10-16,10,6,193,10800,3
5192,2023-11-27,10,10,193,18000,4
5735,2023-12-16,5,11,193,4950,4
7167,2024-02-04,4,12,193,7200,5
8808,2024-03-29,4,19,193,11400,3
980,2023-04-01,3,12,193,3000,4
2443,2023-08-16,24,11,193,5500,5
6249,2024-01-02,14,20,193,6400,5
6293,2024-01-03,14,7,193,2240,5
8755,2024-03-28,2,16,193,14400,3
204,2023-01-22,27,17,193,3400,2
2190,2023-07-22,18,15,193,6750,5
2800,2023-09-07,24,19,193,9500,3
2828,2023-09-08,21,10,193,6500,2
8486,2024-03-18,4,12,193,7200,2
1556,2023-05-22,2,18,193,16200,4
8649,2024-03-24,2,8,193,7200,5
9328,2024-05-20,4,20,193,12000,2
5462,2023-12-06,5,14,194,6300,5
7321,2024-02-09,4,20,194,12000,3
7580,2024-02-18,2,6,194,5400,4
9416,2024-05-30,3,17,194,4250,5
9493,2024-06-10,4,10,194,6000,3
1987,2023-07-04,2,16,194,14400,3
2243,2023-07-26,20,10,194,8000,2
3794,2023-10-09,7,10,194,15000,5
8062,2024-03-04,2,19,194,17100,5
9352,2024-05-23,4,11,194,6600,2
2737,2023-09-05,24,20,194,10000,3
5444,2023-12-05,5,16,194,7200,4
6001,2023-12-24,14,6,194,1920,2
9549,2024-06-18,1,20,194,7000,2
9912,2024-08-05,2,18,194,16200,3
411,2023-02-09,26,8,194,7200,3
1406,2023-05-08,22,8,194,3200,3
1481,2023-05-15,4,5,194,3000,2
6581,2024-01-13,4,14,194,8400,4
8628,2024-03-23,3,20,194,5000,3
6169,2023-12-30,14,17,195,5440,2
9828,2024-07-25,2,13,195,11700,4
285,2023-01-29,24,13,195,6500,3
1560,2023-05-22,21,8,195,5200,3
3312,2023-09-23,23,12,195,3000,5
5954,2023-12-23,14,12,195,3840,3
7205,2024-02-06,1,20,195,7000,5
628,2023-03-01,6,8,195,9600,4
1307,2023-04-30,27,6,195,1200,4
6220,2024-01-01,14,17,195,5440,2
8922,2024-04-07,2,17,195,15300,4
1736,2023-06-06,22,18,195,7200,3
5471,2023-12-06,11,12,195,6600,4
5840,2023-12-19,14,14,195,4480,2
9784,2024-07-19,4,12,195,7200,2
7237,2024-02-07,2,19,195,17100,3
10372,2024-09-30,3,6,195,1500,4
5464,2023-12-06,7,18,196,27000,2
6323,2024-01-04,14,10,196,3200,5
6469,2024-01-10,14,13,196,4160,5
8781,2024-03-29,1,15,196,5250,4
9185,2024-05-06,2,13,196,11700,3
9312,2024-05-19,1,11,196,3850,2
9550,2024-06-18,2,7,196,6300,2
9833,2024-07-26,1,14,196,4900,2
10288,2024-09-20,2,20,196,18000,4
1335,2023-05-02,10,11,196,19800,4
5992,2023-12-24,14,19,196,6080,4
8928,2024-04-08,4,8,196,4800,3
5492,2023-12-07,7,20,196,30000,2
6792,2024-01-21,2,5,196,4500,4
6575,2024-01-13,3,13,196,3250,4
5101,2023-11-24,6,10,197,12000,5
7941,2024-03-01,3,14,197,3500,2
8306,2024-03-12,3,17,197,4250,3
10039,2024-08-20,2,16,197,14400,3
727,2023-03-08,4,18,197,10800,4
955,2023-03-30,17,19,197,11400,5
1840,2023-06-17,4,17,197,10200,4
2593,2023-08-30,24,9,197,4500,4
2906,2023-09-10,22,14,197,5600,4
2987,2023-09-13,22,14,197,5600,5
4317,2023-10-28,7,9,197,13500,3
5295,2023-12-01,4,7,197,4200,5
6846,2024-01-23,3,7,197,1750,4
9578,2024-06-22,2,19,197,17100,4
9860,2024-07-30,1,5,197,1750,3
10353,2024-09-28,2,14,197,12600,2
3626,2023-10-03,8,6,197,4500,5
7372,2024-02-11,3,5,197,1250,4
7736,2024-02-24,1,11,197,3850,5
300,2023-01-30,21,18,197,11700,3
4294,2023-10-27,10,10,197,18000,5
4962,2023-11-19,4,7,197,4200,2
5535,2023-12-08,9,20,197,14000,3
5691,2023-12-14,7,9,197,13500,4
1068,2023-04-08,21,19,197,12350,2
5077,2023-11-23,8,18,197,13500,5
5451,2023-12-05,9,11,198,7700,3
7225,2024-02-06,4,8,198,4800,4
8779,2024-03-29,1,14,198,4900,2
9226,2024-05-09,4,12,198,7200,4
581,2023-02-24,27,19,198,3800,5
600,2023-02-26,16,7,198,3500,2
1084,2023-04-09,18,5,198,2250,2
3664,2023-10-04,11,9,198,4950,5
3736,2023-10-07,3,13,198,3250,2
395,2023-02-08,20,9,198,7200,2
1553,2023-05-21,28,7,198,2100,4
2172,2023-07-21,10,6,198,10800,3
5929,2023-12-22,14,10,198,3200,3
7149,2024-02-04,1,16,198,5600,2
9846,2024-07-28,1,9,198,3150,4
610,2023-02-27,12,17,198,5100,4
1352,2023-05-03,22,11,198,4400,3
2532,2023-08-25,24,5,198,2500,3
5628,2023-12-11,9,17,198,11900,5
7894,2024-02-29,3,14,199,3500,5
8293,2024-03-12,1,10,199,3500,4
8560,2024-03-21,3,14,199,3500,4
9628,2024-06-28,2,8,199,7200,4
246,2023-01-26,9,12,199,8400,2
598,2023-02-26,14,6,199,1920,5
2889,2023-09-09,24,5,199,2500,4
4295,2023-10-27,10,13,199,23400,3
9203,2024-05-08,1,12,199,4200,3
249,2023-01-26,12,7,199,2100,5
3403,2023-09-26,23,16,199,4000,3
4611,2023-11-07,11,13,199,7150,2
5092,2023-11-24,2,11,199,9900,2
8983,2024-04-15,3,8,199,2000,3
1147,2023-04-15,12,18,199,5400,5
1221,2023-04-23,5,16,199,7200,3
3478,2023-09-29,21,15,199,9750,4
4319,2023-10-28,8,11,199,8250,2
8320,2024-03-13,1,15,199,5250,4
8406,2024-03-16,1,20,200,7000,5
8999,2024-04-17,2,10,200,9000,4
149,2023-01-17,10,11,200,19800,2
265,2023-01-27,15,8,200,2800,4
351,2023-02-03,8,17,200,12750,4
590,2023-02-25,25,19,200,11400,5
1063,2023-04-08,6,18,200,21600,2
1638,2023-05-30,15,18,200,6300,3
1738,2023-06-07,1,12,200,4200,2
2246,2023-07-26,23,14,200,3500,5
2412,2023-08-12,24,8,200,4000,2
2624,2023-09-01,24,17,200,8500,4
3472,2023-09-29,21,5,200,3250,2
4461,2023-11-02,11,12,200,6600,4
5922,2023-12-22,14,15,200,4800,2
6131,2023-12-29,14,8,200,2560,5
2470,2023-08-19,24,18,200,9000,2
4477,2023-11-03,6,7,200,8400,3
9244,2024-05-11,3,13,200,3250,4
1101,2023-04-11,1,11,200,3850,3
9487,2024-06-10,1,11,200,3850,3
5607,2023-12-11,1,9,201,3150,3
6159,2023-12-30,14,18,201,5760,5
6218,2024-01-01,14,19,201,6080,4
6542,2024-01-12,3,7,201,1750,2
6847,2024-01-23,3,10,201,2500,2
8677,2024-03-25,2,5,201,4500,3
1351,2023-05-03,22,13,201,5200,5
1643,2023-05-30,22,20,201,8000,4
3214,2023-09-20,24,13,201,6500,5
4207,2023-10-24,7,8,201,12000,2
4426,2023-11-02,1,15,201,5250,2
5106,2023-11-24,10,11,201,19800,4
10191,2024-09-08,4,14,201,8400,5
2210,2023-07-23,26,8,201,7200,4
5772,2023-12-17,9,13,201,9100,4
10090,2024-08-26,3,18,201,4500,2
1515,2023-05-18,7,5,201,7500,3
3355,2023-09-25,21,19,201,12350,4
3503,2023-09-29,24,7,201,3500,2
4059,2023-10-19,2,8,201,7200,5
5297,2023-12-01,5,18,201,8100,5
5927,2023-12-22,14,11,201,3520,2
6359,2024-01-06,14,8,201,2560,4
8296,2024-03-12,1,10,201,3500,3
9067,2024-04-24,3,10,201,2500,4
1036,2023-04-06,5,15,201,6750,3
1662,2023-06-01,18,14,201,6300,4
7307,2024-02-09,3,14,201,3500,5
8929,2024-04-09,1,13,201,4550,3
9304,2024-05-17,3,6,201,1500,5
5078,2023-11-23,8,15,202,11250,5
5583,2023-12-10,3,13,202,3250,2
8170,2024-03-07,3,19,202,4750,2
317,2023-01-31,24,20,202,10000,3
2789,2023-09-07,21,14,202,9100,4
3046,2023-09-15,23,18,202,4500,5
3546,2023-10-01,22,16,202,6400,5
7914,2024-03-01,1,9,202,3150,2
4124,2023-10-21,11,14,202,7700,2
5146,2023-11-26,4,7,202,4200,2
8438,2024-03-17,1,8,202,2800,5
8459,2024-03-17,3,17,202,4250,5
75,2023-01-09,22,16,202,6400,3
526,2023-02-20,25,9,202,5400,5
6019,2023-12-25,14,9,202,2880,2
9046,2024-04-22,1,11,202,3850,3
9212,2024-05-08,4,12,202,7200,2
6066,2023-12-26,14,13,202,4160,3
7246,2024-02-07,3,11,202,2750,3
9932,2024-08-07,1,16,202,5600,2
7467,2024-02-14,1,7,203,2450,4
7967,2024-03-02,1,13,203,4550,2
881,2023-03-22,13,15,203,6750,5
2123,2023-07-17,10,14,203,25200,5
2738,2023-09-05,24,8,203,4000,4
2969,2023-09-12,22,19,203,7600,2
3674,2023-10-05,6,5,203,6000,2
4216,2023-10-24,11,17,203,9350,5
1573,2023-05-23,18,5,203,2250,3
1606,2023-05-26,24,16,203,8000,3
3686,2023-10-05,8,11,203,8250,5
6237,2024-01-02,14,5,203,1600,5
4939,2023-11-18,9,13,203,9100,2
6398,2024-01-07,14,6,203,1920,4
434,2023-02-11,25,20,203,12000,3
2020,2023-07-07,15,7,203,2450,5
2261,2023-07-28,26,10,203,9000,5
3023,2023-09-14,24,17,203,8500,5
9297,2024-05-16,4,5,203,3000,3
6649,2024-01-16,3,13,204,3250,3
8770,2024-03-28,4,15,204,9000,3
2300,2023-08-01,13,15,204,6750,2
8430,2024-03-16,4,15,204,9000,3
7241,2024-02-07,2,7,204,6300,3
6604,2024-01-14,3,15,204,3750,5
7565,2024-02-17,4,6,204,3600,5
3747,2023-10-07,5,7,204,3150,2
4529,2023-11-05,2,5,204,4500,4
5585,2023-12-10,4,18,204,10800,4
6124,2023-12-28,14,13,205,4160,3
6773,2024-01-20,4,15,205,9000,2
8715,2024-03-26,3,16,205,4000,3
9436,2024-06-02,1,19,205,6650,3
10109,2024-08-29,1,16,205,5600,5
889,2023-03-23,13,19,205,8550,3
1277,2023-04-27,25,18,205,10800,4
1448,2023-05-12,8,15,205,11250,4
2608,2023-09-01,24,10,205,5000,2
2936,2023-09-11,21,7,205,4550,5
3325,2023-09-24,21,13,205,8450,3
4287,2023-10-27,8,7,205,5250,3
4296,2023-10-27,11,9,205,4950,2
5219,2023-11-29,1,17,205,5950,3
5239,2023-11-29,7,14,205,21000,4
8937,2024-04-10,1,20,205,7000,5
9783,2024-07-19,3,15,205,3750,2
4071,2023-10-19,6,8,205,9600,5
6189,2023-12-31,14,19,205,6080,3
39,2023-01-04,27,16,205,3200,3
1694,2023-06-04,3,18,205,4500,2
2863,2023-09-09,22,15,205,6000,5
5671,2023-12-13,10,19,205,34200,3
8594,2024-03-22,2,6,205,5400,5
10226,2024-09-13,2,8,205,7200,2
195,2023-01-21,26,19,205,17100,4
1187,2023-04-20,9,16,205,11200,5
2631,2023-09-01,24,19,205,9500,2
6474,2024-01-10,14,9,205,2880,3
7320,2024-02-09,4,17,205,10200,5
5622,2023-12-11,7,5,206,7500,2
6085,2023-12-27,14,10,206,3200,5
7302,2024-02-09,2,15,206,13500,4
8127,2024-03-06,1,5,206,1750,3
9788,2024-07-20,1,13,206,4550,2
1914,2023-06-27,14,20,206,6400,2
3818,2023-10-10,5,18,206,8100,5
7891,2024-02-29,2,17,206,15300,4
2409,2023-08-12,24,12,206,6000,5
8574,2024-03-22,1,9,206,3150,2
9931,2024-08-07,1,7,206,2450,4
989,2023-04-01,25,18,206,10800,2
1274,2023-04-27,24,5,206,2500,4
3931,2023-10-14,3,18,206,4500,4
5857,2023-12-20,14,7,206,2240,2
8587,2024-03-22,2,19,206,17100,3
3262,2023-09-22,21,7,206,4550,5
7223,2024-02-06,4,6,206,3600,5
5185,2023-11-27,9,16,207,11200,2
6466,2024-01-09,14,10,207,3200,5
6833,2024-01-23,1,20,207,7000,5
7202,2024-02-06,1,10,207,3500,5
8949,2024-04-11,3,18,207,4500,2
9537,2024-06-16,3,6,207,1500,5
29,2023-01-03,26,19,207,17100,4
1139,2023-04-14,18,12,207,5400,5
2520,2023-08-23,24,18,207,9000,3
2806,2023-09-07,24,13,207,6500,2
2839,2023-09-08,23,8,207,2000,2
2935,2023-09-11,21,5,207,3250,3
3567,2023-10-01,24,19,207,9500,4
3994,2023-10-16,7,9,207,13500,3
4959,2023-11-19,3,18,207,4500,3
6771,2024-01-20,4,11,207,6600,2
5348,2023-12-02,3,6,207,1500,4
8403,2024-03-16,1,19,207,6650,2
2375,2023-08-09,24,11,207,5500,4
4573,2023-11-06,4,13,207,7800,2
8914,2024-04-06,2,15,207,13500,4
9038,2024-04-20,4,15,207,9000,5
5748,2023-12-16,10,9,208,16200,4
6598,2024-01-14,3,17,208,4250,3
7066,2024-01-31,3,18,208,4500,4
7176,2024-02-05,1,11,208,3850,3
8113,2024-03-05,3,12,208,3000,2
8773,2024-03-28,4,9,208,5400,3
9099,2024-04-28,1,6,208,2100,3
2023,2023-07-07,22,9,208,3600,2
2174,2023-07-21,12,5,208,1500,5
2338,2023-08-05,24,9,208,4500,4
3087,2023-09-16,24,6,208,3000,4
3111,2023-09-17,24,18,208,9000,3
4014,2023-10-17,5,11,208,4950,2
7312,2024-02-09,4,16,208,9600,5
8269,2024-03-11,2,14,208,12600,3
166,2023-01-18,17,13,208,7800,3
4162,2023-10-23,3,9,208,2250,5
8163,2024-03-07,2,8,208,7200,4
1318,2023-05-01,14,15,208,4800,3
6605,2024-01-14,4,12,209,7200,2
6880,2024-01-24,4,12,209,7200,5
7505,2024-02-15,3,20,209,5000,5
9106,2024-04-29,1,18,209,6300,3
9702,2024-07-08,1,20,209,7000,2
1699,2023-06-04,10,11,209,19800,2
3532,2023-10-01,21,18,209,11700,5
3863,2023-10-12,1,11,209,3850,3
4275,2023-10-27,5,19,209,8550,5
4438,2023-11-02,5,10,209,4500,3
4483,2023-11-03,6,14,209,16800,4
6352,2024-01-05,14,11,209,3520,2
7639,2024-02-20,2,8,209,7200,5
9029,2024-04-20,1,16,209,5600,5
603,2023-02-26,21,10,209,6500,5
1218,2023-04-23,2,10,209,9000,5
7457,2024-02-13,4,8,209,4800,3
7697,2024-02-22,3,7,209,1750,4
1460,2023-05-13,11,20,209,11000,5
4786,2023-11-13,8,5,209,3750,2
6429,2024-01-08,14,16,209,5120,3
7672,2024-02-21,4,5,209,3000,5
8807,2024-03-29,4,5,209,3000,2
5170,2023-11-27,3,11,210,2750,2
7801,2024-02-26,2,6,210,5400,5
1496,2023-05-16,21,8,210,5200,2
3379,2023-09-25,24,6,210,3000,5
312,2023-01-31,11,20,210,11000,2
5289,2023-12-01,3,11,210,2750,4
9361,2024-05-25,1,13,210,4550,3
1174,2023-04-19,1,5,210,1750,4
1320,2023-05-01,18,10,210,4500,2
3750,2023-10-07,6,6,210,7200,3
6194,2023-12-31,14,12,210,3840,4
9753,2024-07-14,3,10,210,2500,5
1684,2023-06-03,6,17,210,20400,5
3597,2023-10-02,21,7,210,4550,4
5679,2023-12-14,1,9,211,3150,3
6831,2024-01-23,1,17,211,5950,2
10031,2024-08-19,1,14,211,4900,4
1439,2023-05-11,6,16,211,19200,3
1809,2023-06-14,13,12,211,5400,5
3009,2023-09-14,22,9,211,3600,3
3411,2023-09-27,21,18,211,11700,2
3605,2023-10-02,23,15,211,3750,4
4280,2023-10-27,6,9,211,10800,3
4432,2023-11-02,2,10,211,9000,4
9683,2024-07-05,1,15,211,5250,3
2051,2023-07-10,12,9,211,2700,4
4318,2023-10-28,7,9,211,13500,4
5056,2023-11-22,9,18,211,12600,3
5809,2023-12-18,10,16,211,28800,5
6400,2024-01-07,14,11,211,3520,3
8851,2024-03-31,2,10,211,9000,5
2919,2023-09-10,23,11,211,2750,3
4446,2023-11-02,7,19,211,28500,2
5470,2023-12-06,10,20,211,36000,2
8536,2024-03-20,2,9,211,8100,2
9034,2024-04-20,3,10,211,2500,3
1022,2023-04-04,8,7,211,5250,4
2816,2023-09-07,24,16,211,8000,3
3573,2023-10-01,24,6,211,3000,4
4145,2023-10-22,9,19,211,13300,2
5394,2023-12-03,5,9,212,4050,4
6972,2024-01-28,1,9,212,3150,2
7733,2024-02-23,4,13,212,7800,3
8995,2024-04-16,4,12,212,7200,2
9953,2024-08-09,3,19,212,4750,3
1428,2023-05-10,8,17,212,12750,4
1609,2023-05-27,1,15,212,5250,4
3937,2023-10-14,4,20,212,12000,4
241,2023-01-25,14,5,212,1600,3
1907,2023-06-26,2,11,212,9900,5
9294,2024-05-16,4,6,212,3600,4
1288,2023-04-28,14,12,212,3840,4
1527,2023-05-19,4,14,212,8400,2
4230,2023-10-25,7,10,212,15000,3
8237,2024-03-10,1,11,212,3850,2
1219,2023-04-23,3,6,212,1500,5
2715,2023-09-04,24,9,212,4500,2
3856,2023-10-11,9,12,212,8400,5
7640,2024-02-20,2,12,212,10800,2
10112,2024-08-29,3,5,212,1250,3
5450,2023-12-05,9,8,213,5600,3
5771,2023-12-17,9,20,213,14000,5
6431,2024-01-08,14,19,213,6080,5
6660,2024-01-16,4,17,213,10200,3
8034,2024-03-03,1,17,213,5950,5
8443,2024-03-17,1,9,213,3150,4
8501,2024-03-19,1,16,213,5600,2
9669,2024-07-03,2,11,213,9900,2
10178,2024-09-06,4,16,213,9600,2
864,2023-03-21,1,15,213,5250,3
1711,2023-06-05,8,19,213,14250,4
4926,2023-11-18,6,9,213,10800,5
6923,2024-01-26,2,17,213,15300,3
9577,2024-06-22,2,16,213,14400,3
9924,2024-08-06,2,20,213,18000,3
10257,2024-09-17,3,10,213,2500,2
743,2023-03-09,13,15,213,6750,5
5647,2023-12-12,8,7,213,5250,4
7528,2024-02-16,2,16,213,14400,4
5806,2023-12-18,10,7,213,12600,5
6884,2024-01-25,1,8,213,2800,5
9752,2024-07-14,2,17,213,15300,3
10189,2024-09-08,3,13,213,3250,4
6223,2024-01-01,14,14,213,4480,5
7254,2024-02-07,4,13,214,7800,5
7829,2024-02-27,2,9,214,8100,2
9665,2024-07-02,1,13,214,4550,2
1053,2023-04-07,11,11,214,6050,4
1777,2023-06-10,24,19,214,9500,2
1800,2023-06-13,11,20,214,11000,3
3215,2023-09-20,24,19,214,9500,5
7114,2024-02-02,4,16,214,9600,3
8613,2024-03-23,1,16,214,5600,3
10324,2024-09-25,2,6,214,5400,3
255,2023-01-26,21,18,214,11700,3
8156,2024-03-07,1,14,214,4900,2
1884,2023-06-23,1,17,214,5950,5
6582,2024-01-13,4,14,214,8400,5
6589,2024-01-14,1,10,214,3500,4
9440,2024-06-02,4,10,214,6000,5
5414,2023-12-04,6,16,215,19200,4
6999,2024-01-29,1,18,215,6300,4
7444,2024-02-13,2,14,215,12600,3
8567,2024-03-21,4,19,215,11400,5
9057,2024-04-23,1,6,215,2100,4
9435,2024-06-01,4,17,215,10200,5
10280,2024-09-19,4,6,215,3600,5
407,2023-02-09,20,8,215,6400,4
877,2023-03-21,27,9,215,1800,3
1679,2023-06-02,19,17,215,5100,3
2254,2023-07-28,5,5,215,2250,4
2511,2023-08-22,24,11,215,5500,3
4814,2023-11-14,6,20,215,24000,4
6511,2024-01-11,3,6,215,1500,3
7899,2024-02-29,3,8,215,2000,5
1311,2023-05-01,1,13,215,4550,4
5894,2023-12-21,14,19,215,6080,3
666,2023-03-03,17,17,215,10200,5
2622,2023-09-01,24,13,215,6500,4
6247,2024-01-02,14,15,216,4800,5
7262,2024-02-08,1,19,216,6650,3
9110,2024-04-30,1,6,216,2100,3
9129,2024-05-01,3,13,216,3250,3
346,2023-02-03,1,15,216,5250,2
2809,2023-09-07,24,15,216,7500,2
2890,2023-09-09,24,13,216,6500,3
2958,2023-09-12,21,6,216,3900,4
3814,2023-10-10,3,5,216,1250,4
4734,2023-11-11,11,11,216,6050,2
8566,2024-03-21,3,5,216,1250,2
8874,2024-04-01,4,6,216,3600,3
9169,2024-05-04,4,7,216,4200,2
1160,2023-04-17,9,17,216,11900,3
2838,2023-09-08,22,20,216,8000,2
3894,2023-10-12,10,10,216,18000,2
8184,2024-03-08,2,14,216,12600,4
2669,2023-09-03,24,11,216,5500,4
3647,2023-10-04,5,9,216,4050,5
9376,2024-05-26,2,7,216,6300,4
6569,2024-01-13,3,19,217,4750,5
7094,2024-02-01,4,16,217,9600,3
9184,2024-05-06,2,17,217,15300,4
101,2023-01-12,14,12,217,3840,5
1452,2023-05-12,16,12,217,6000,4
2237,2023-07-26,12,6,217,1800,4
2925,2023-09-10,24,12,217,6000,5
4233,2023-10-25,8,20,217,15000,2
6738,2024-01-19,3,5,217,1250,3
8329,2024-03-13,2,10,217,9000,5
1225,2023-04-23,14,16,217,5120,4
2394,2023-08-11,24,6,217,3000,2
4813,2023-11-14,6,20,217,24000,3
2941,2023-09-11,22,20,217,8000,2
3433,2023-09-27,24,8,217,4000,5
4937,2023-11-18,9,8,217,5600,2
5533,2023-12-08,8,14,217,10500,4
6583,2024-01-13,4,12,217,7200,5
7408,2024-02-12,2,5,217,4500,5
9980,2024-08-11,4,10,217,6000,5
2203,2023-07-23,10,14,217,25200,4
2572,2023-08-28,24,5,217,2500,5
7447,2024-02-13,3,17,217,4250,4
10024,2024-08-17,4,16,217,9600,3
5278,2023-12-01,1,20,218,7000,4
5320,2023-12-01,8,18,218,13500,5
5448,2023-12-05,7,11,218,16500,3
6032,2023-12-25,14,18,218,5760,3
6530,2024-01-12,2,14,218,12600,4
9083,2024-04-26,1,7,218,2450,2
9430,2024-05-31,4,12,218,7200,5
871,2023-03-21,15,7,218,2450,5
2531,2023-08-25,24,7,218,3500,3
4921,2023-11-18,4,5,218,3000,5
6600,2024-01-14,3,7,218,1750,3
6746,2024-01-20,1,18,218,6300,2
7137,2024-02-03,4,11,218,6600,4
3830,2023-10-10,8,17,218,12750,2
4512,2023-11-04,8,18,218,13500,2
8495,2024-03-19,1,5,218,1750,4
886,2023-03-22,27,20,218,4000,2
2758,2023-09-06,24,13,218,6500,4
7602,2024-02-19,1,5,218,1750,2
1098,2023-04-10,16,19,218,9500,3
8206,2024-03-08,4,7,218,4200,5
9156,2024-05-03,3,20,218,5000,4
5141,2023-11-26,2,20,219,18000,5
6174,2023-12-30,14,15,219,4800,5
6543,2024-01-12,3,7,219,1750,4
6730,2024-01-19,2,5,219,4500,2
7853,2024-02-27,4,9,219,5400,3
8003,2024-03-02,3,12,219,3000,4
10071,2024-08-23,2,14,219,12600,2
706,2023-03-06,10,12,219,21600,4
4036,2023-10-18,4,17,219,10200,3
56,2023-01-06,25,9,219,5400,2
1826,2023-06-15,20,10,219,8000,4
2884,2023-09-09,24,11,219,5500,5
7950,2024-03-01,4,13,219,7800,3
7922,2024-03-01,1,15,219,5250,5
8665,2024-03-24,4,11,219,6600,3
9426,2024-05-31,2,10,219,9000,5
10200,2024-09-10,1,5,219,1750,3
2623,2023-09-01,24,8,219,4000,5
5858,2023-12-20,14,11,220,3520,2
5950,2023-12-23,14,7,220,2240,4
8873,2024-04-01,4,19,220,11400,4
9598,2024-06-24,2,12,220,10800,5
9711,2024-07-09,1,16,220,5600,5
10321,2024-09-25,1,10,220,3500,4
1278,2023-04-27,26,11,220,9900,3
3439,2023-09-28,21,11,220,7150,3
3518,2023-09-30,23,13,220,3250,4
3625,2023-10-03,8,12,220,9000,5
5478,2023-12-07,3,7,220,1750,4
313,2023-01-31,13,9,220,4050,5
4625,2023-11-08,4,7,220,4200,3
6493,2024-01-10,14,8,220,2560,3
9429,2024-05-31,3,9,220,2250,3
753,2023-03-10,18,9,220,4050,3
809,2023-03-15,4,13,220,7800,4
5061,2023-11-22,11,12,220,6600,2
6447,2024-01-09,14,6,220,1920,2
7985,2024-03-02,2,6,220,5400,2
9821,2024-07-24,3,14,220,3500,5
5888,2023-12-21,14,11,221,3520,2
6021,2023-12-25,14,9,221,2880,2
6394,2024-01-07,14,18,221,5760,4
6485,2024-01-10,14,11,221,3520,3
7374,2024-02-11,3,7,221,1750,3
8284,2024-03-11,4,8,221,4800,3
9144,2024-05-02,1,8,221,2800,4
10325,2024-09-25,2,10,221,9000,4
905,2023-03-25,5,19,221,8550,4
1211,2023-04-22,18,13,221,5850,2
3113,2023-09-17,24,12,221,6000,3
3354,2023-09-25,21,5,221,3250,2
6412,2024-01-08,14,16,221,5120,5
6480,2024-01-10,14,17,221,5440,3
2021,2023-07-07,16,16,221,8000,3
2115,2023-07-16,18,19,221,8550,4
2603,2023-08-31,24,20,221,10000,5
4232,2023-10-25,8,19,221,14250,2
6119,2023-12-28,14,14,221,4480,2
7301,2024-02-09,2,20,221,18000,3
114,2023-01-14,3,7,221,1750,5
4834,2023-11-15,1,12,221,4200,3
6254,2024-01-02,14,15,221,4800,4
7840,2024-02-27,3,19,221,4750,3
2164,2023-07-20,24,13,221,6500,2
3799,2023-10-09,7,8,221,12000,2
5161,2023-11-26,11,9,221,4950,5
6014,2023-12-25,14,10,221,3200,4
6681,2024-01-17,3,18,221,4500,2
5476,2023-12-07,1,7,222,2450,4
6116,2023-12-28,14,7,222,2240,2
7419,2024-02-12,3,15,222,3750,5
7938,2024-03-01,2,7,222,6300,5
8119,2024-03-05,4,19,222,11400,4
8288,2024-03-12,1,19,222,6650,5
9168,2024-05-04,4,11,222,6600,4
9482,2024-06-08,4,10,222,6000,3
8439,2024-03-17,1,18,222,6300,4
4367,2023-10-30,11,18,222,9900,3
8254,2024-03-10,3,17,222,4250,4
3076,2023-09-16,22,14,222,5600,2
3338,2023-09-24,23,7,222,1750,2
8169,2024-03-07,3,5,222,1250,4
231,2023-01-24,19,19,222,5700,3
5608,2023-12-11,1,9,222,3150,4
5594,2023-12-10,7,13,223,19500,3
8016,2024-03-02,4,12,223,7200,3
8919,2024-04-07,1,5,223,1750,3
9175,2024-05-05,3,16,223,4000,4
9213,2024-05-09,1,6,223,2100,2
9356,2024-05-24,2,18,223,16200,5
9557,2024-06-19,2,17,223,15300,2
9618,2024-06-27,1,11,223,3850,4
9700,2024-07-07,4,5,223,3000,3
10158,2024-09-04,3,6,223,1500,3
225,2023-01-24,11,18,223,9900,4
1075,2023-04-09,3,11,223,2750,4
4286,2023-10-27,8,10,223,7500,5
4322,2023-10-28,8,18,223,13500,3
7536,2024-02-16,4,17,223,10200,3
7781,2024-02-25,3,16,223,4000,4
8805,2024-03-29,4,12,223,7200,3
5571,2023-12-09,10,5,223,9000,3
7678,2024-02-21,4,14,223,8400,3
10140,2024-09-03,2,14,223,12600,2
825,2023-03-16,15,14,223,4900,2
3251,2023-09-21,24,12,223,6000,4
6839,2024-01-23,2,20,223,18000,4
1863,2023-06-20,22,12,223,4800,4
2491,2023-08-20,24,6,223,3000,4
3033,2023-09-15,21,19,223,12350,3
7557,2024-02-17,3,16,223,4000,3
8049,2024-03-03,4,11,223,6600,4
5435,2023-12-05,2,6,224,5400,5
5517,2023-12-08,3,19,224,4750,2
6176,2023-12-31,14,18,224,5760,4
8131,2024-03-06,1,7,224,2450,2
8744,2024-03-27,4,12,224,7200,3
8978,2024-04-15,1,19,224,6650,2
9633,2024-06-29,2,9,224,8100,4
217,2023-01-24,2,18,224,16200,4
1804,2023-06-13,27,18,224,3600,2
3406,2023-09-26,24,13,224,6500,2
5388,2023-12-03,3,17,224,4250,2
9408,2024-05-29,3,15,224,3750,2
6433,2024-01-08,14,13,224,4160,5
7377,2024-02-11,3,16,224,4000,4
7861,2024-02-28,1,10,224,3500,5
1682,2023-06-03,2,19,224,17100,5
9803,2024-07-22,2,16,224,14400,4
3867,2023-10-12,2,7,224,6300,3
4050,2023-10-18,10,8,224,14400,2
4970,2023-11-19,7,20,224,30000,2
6215,2024-01-01,14,11,225,3520,3
7284,2024-02-08,3,9,225,2250,5
2638,2023-09-01,24,7,225,3500,4
4321,2023-10-28,8,9,225,6750,2
4876,2023-11-16,5,6,225,2700,5
418,2023-02-10,7,9,225,13500,4
987,2023-04-01,21,12,225,7800,4
4181,2023-10-23,7,13,225,19500,5
5567,2023-12-09,9,16,225,11200,2
223,2023-01-24,8,18,225,13500,3
367,2023-02-05,17,7,225,4200,3
874,2023-03-21,23,14,225,3500,3
1204,2023-04-21,28,16,225,4800,3
2033,2023-07-08,10,8,225,14400,5
2366,2023-08-08,24,12,225,6000,2
2684,2023-09-03,24,6,225,3000,3
4349,2023-10-29,10,20,225,36000,5
4721,2023-11-11,8,14,225,10500,3
8831,2024-03-30,4,16,225,9600,2
9161,2024-05-04,1,17,225,5950,4
9742,2024-07-13,2,10,225,9000,2
5518,2023-12-08,3,7,226,1750,2
6023,2023-12-25,14,12,226,3840,4
6068,2023-12-26,14,9,226,2880,2
7334,2024-02-10,2,12,226,10800,2
7605,2024-02-19,1,11,226,3850,2
8915,2024-04-06,3,19,226,4750,4
1154,2023-04-16,9,7,226,4900,5
1235,2023-04-24,12,17,226,5100,3
1604,2023-05-26,20,11,226,8800,2
1717,2023-06-05,13,10,226,4500,2
1203,2023-04-21,27,8,226,1600,5
4501,2023-11-04,3,7,226,1750,5
4933,2023-11-18,8,9,226,6750,4
9254,2024-05-12,4,10,226,6000,4
650,2023-03-02,12,13,226,3900,5
1089,2023-04-09,27,16,226,3200,3
2680,2023-09-03,24,17,226,8500,3
5367,2023-12-02,9,8,227,5600,4
6185,2023-12-31,14,16,227,5120,3
6997,2024-01-29,1,19,227,6650,5
7093,2024-02-01,4,19,227,11400,2
7180,2024-02-05,1,18,227,6300,3
7948,2024-03-01,4,17,227,10200,4
7972,2024-03-02,1,18,227,6300,5
8992,2024-04-16,3,8,227,2000,2
10063,2024-08-22,3,11,227,2750,4
1857,2023-06-19,22,10,227,4000,3
3246,2023-09-21,23,6,227,1500,3
2637,2023-09-01,24,7,227,3500,2
3301,2023-09-23,22,15,227,6000,2
8885,2024-04-03,1,6,227,2100,4
9739,2024-07-13,1,7,227,2450,2
68,2023-01-08,22,5,227,2000,2
9210,2024-05-08,2,15,227,13500,5
7138,2024-02-03,4,18,228,10800,3
8505,2024-03-19,1,18,228,6300,4
9759,2024-07-16,1,17,228,5950,4
9880,2024-08-02,2,9,228,8100,3
10272,2024-09-19,1,19,228,6650,4
107,2023-01-13,1,5,228,1750,2
1230,2023-04-23,23,7,228,1750,4
1910,2023-06-27,1,19,228,6650,3
2479,2023-08-19,24,15,228,7500,4
7871,2024-02-28,3,6,228,1500,4
4903,2023-11-17,9,20,228,14000,5
5613,2023-12-11,3,12,228,3000,4
7004,2024-01-29,2,17,228,15300,4
8047,2024-03-03,4,11,228,6600,4
9240,2024-05-11,2,17,228,15300,2
10030,2024-08-18,4,13,228,7800,4
845,2023-03-18,5,7,228,3150,4
4828,2023-11-14,10,7,228,12600,3
9732,2024-07-12,1,6,228,2100,3
5515,2023-12-08,3,7,228,1750,5
8772,2024-03-28,4,15,229,9000,5
10086,2024-08-26,1,18,229,6300,5
732,2023-03-08,25,12,229,7200,5
2871,2023-09-09,23,12,229,3000,2
3887,2023-10-12,9,14,229,9800,3
8386,2024-03-15,2,11,229,9900,5
8782,2024-03-29,1,14,229,4900,5
427,2023-02-11,11,6,229,3300,2
3230,2023-09-21,21,20,229,13000,5
4564,2023-11-06,2,18,229,16200,4
3208,2023-09-20,22,13,229,5200,3
3772,2023-10-08,9,5,229,3500,3
6633,2024-01-15,4,15,230,9000,2
6830,2024-01-23,1,14,230,4900,2
7533,2024-02-16,4,9,230,5400,2
7758,2024-02-25,1,12,230,4200,3
8434,2024-03-16,4,15,230,9000,5
448,2023-02-13,13,12,230,5400,3
709,2023-03-06,23,16,230,4000,5
1284,2023-04-28,10,8,230,14400,4
2367,2023-08-08,24,14,230,7000,2
2502,2023-08-22,24,5,230,2500,2
3273,2023-09-22,23,8,230,2000,4
9063,2024-04-24,2,6,230,5400,2
9703,2024-07-08,1,19,230,6650,2
10137,2024-09-03,2,20,230,18000,5
953,2023-03-30,11,20,230,11000,3
2646,2023-09-02,24,10,230,5000,5
1054,2023-04-07,18,10,230,4500,3
6624,2024-01-15,3,12,230,3000,3
7027,2024-01-30,1,13,230,4550,2
2303,2023-08-01,21,16,230,10400,5
6723,2024-01-19,1,19,230,6650,4
7642,2024-02-20,3,11,230,2750,2
10251,2024-09-16,3,5,230,1250,5
5697,2023-12-14,9,7,231,4900,5
6109,2023-12-28,14,9,231,2880,4
8624,2024-03-23,2,14,231,12600,3
9968,2024-08-10,4,15,231,9000,4
9984,2024-08-12,3,11,231,2750,5
10308,2024-09-22,3,14,231,3500,4
236,2023-01-25,2,6,231,5400,5
4364,2023-10-30,9,18,231,12600,3
438,2023-02-12,10,18,231,32400,4
8238,2024-03-10,1,5,231,1750,3
8466,2024-03-18,1,20,231,7000,5
9414,2024-05-30,2,18,231,16200,5
3195,2023-09-20,21,13,231,8450,2
5504,2023-12-07,11,8,231,4400,5
6992,2024-01-29,1,9,231,3150,3
10277,2024-09-19,3,19,231,4750,4
6932,2024-01-26,3,20,231,5000,3
7824,2024-02-27,1,13,232,4550,4
8865,2024-03-31,4,20,232,12000,5
9172,2024-05-05,1,15,232,5250,5
10005,2024-08-14,3,9,232,2250,2
10330,2024-09-25,3,17,232,4250,3
728,2023-03-08,5,16,232,7200,5
1603,2023-05-26,18,16,232,7200,5
2802,2023-09-07,24,9,232,4500,3
3724,2023-10-07,1,7,232,2450,2
4138,2023-10-22,7,6,232,9000,3
4350,2023-10-29,10,7,232,12600,5
6046,2023-12-26,14,17,232,5440,2
6348,2024-01-05,14,9,232,2880,5
9654,2024-07-01,3,5,232,1250,5
3034,2023-09-15,21,11,232,7150,4
8259,2024-03-10,4,10,232,6000,3
9962,2024-08-10,2,14,232,12600,2
3256,2023-09-22,21,16,232,10400,5
9498,2024-06-11,4,6,232,3600,2
9879,2024-08-02,1,11,232,3850,2
5682,2023-12-14,3,6,233,1500,3
7391,2024-02-11,4,19,233,11400,4
7436,2024-02-12,4,14,233,8400,5
8729,2024-03-27,2,19,233,17100,4
9400,2024-05-28,3,18,233,4500,4
774,2023-03-12,3,6,233,1500,2
915,2023-03-26,15,17,233,5950,3
3661,2023-10-04,10,20,233,36000,2
3934,2023-10-14,3,19,233,4750,5
7047,2024-01-31,1,17,233,5950,4
7345,2024-02-10,3,15,233,3750,3
1688,2023-06-03,16,20,233,10000,3
5270,2023-11-30,8,10,233,7500,5
1309,2023-04-30,28,19,233,5700,5
2388,2023-08-10,24,9,233,4500,5
4789,2023-11-13,8,20,233,15000,2
8385,2024-03-15,2,11,233,9900,4
9599,2024-06-24,3,17,233,4250,5
10224,2024-09-13,1,5,233,1750,2
5719,2023-12-15,10,5,234,9000,5
6547,2024-01-12,4,9,234,5400,2
7982,2024-03-02,2,5,234,4500,4
8090,2024-03-05,1,10,234,3500,4
9723,2024-07-10,2,6,234,5400,5
1589,2023-05-24,26,15,234,13500,5
3697,2023-10-06,2,14,234,12600,2
4545,2023-11-05,6,20,234,24000,5
1023,2023-04-04,9,17,234,11900,3
2358,2023-08-07,24,5,234,2500,2
8201,2024-03-08,3,7,234,1750,2
664,2023-03-03,9,18,234,12600,5
5030,2023-11-21,9,18,234,12600,4
6350,2024-01-05,14,12,234,3840,2
5168,2023-11-27,3,13,235,3250,2
5311,2023-12-01,7,18,235,27000,2
8042,2024-03-03,3,16,235,4000,3
1572,2023-05-23,12,16,235,4800,2
4224,2023-10-25,3,18,235,4500,2
4692,2023-11-10,8,20,235,15000,4
2433,2023-08-14,24,13,235,6500,4
769,2023-03-11,20,16,235,12800,2
2194,2023-07-22,20,5,235,4000,4
5066,2023-11-23,1,16,235,5600,2
5453,2023-12-05,10,16,235,28800,5
5614,2023-12-11,4,20,235,12000,2
6933,2024-01-26,3,17,236,4250,4
6960,2024-01-27,3,13,236,3250,2
471,2023-02-15,16,12,236,6000,3
2102,2023-07-15,15,7,236,2450,4
2171,2023-07-21,10,9,236,16200,2
4068,2023-10-19,4,5,236,3000,2
4838,2023-11-15,2,11,236,9900,5
324,2023-02-01,9,6,236,4200,2
4015,2023-10-17,6,13,236,15600,3
8924,2024-04-07,4,9,236,5400,4
9579,2024-06-22,2,9,236,8100,2
6887,2024-01-25,1,15,236,5250,2
7576,2024-02-18,1,15,236,5250,3
9241,2024-05-11,2,12,236,10800,3
3191,2023-09-19,24,11,236,5500,2
6364,2024-01-06,14,7,236,2240,3
7438,2024-02-13,1,16,236,5600,2
9139,2024-05-01,4,6,236,3600,3
7060,2024-01-31,3,19,237,4750,2
8340,2024-03-13,4,19,237,11400,2
10169,2024-09-05,4,11,237,6600,5
1143,2023-04-15,6,17,237,20400,5
1974,2023-07-02,24,15,237,7500,5
2476,2023-08-19,24,20,237,10000,4
2564,2023-08-27,24,10,237,5000,5
2656,2023-09-02,24,10,237,5000,2
3014,2023-09-14,22,5,237,2000,2
3993,2023-10-16,6,20,237,24000,5
4192,2023-10-24,2,9,237,8100,2
5785,2023-12-18,2,12,237,10800,2
5935,2023-12-22,14,8,237,2560,4
7903,2024-02-29,4,5,237,3000,5
8739,2024-03-27,3,15,237,3750,3
8827,2024-03-30,4,15,237,9000,2
463,2023-02-14,28,15,237,4500,5
2795,2023-09-07,23,15,237,3750,5
8803,2024-03-29,4,15,237,9000,3
1803,2023-06-13,25,20,237,12000,2
2263,2023-07-29,1,20,237,7000,4
2776,2023-09-06,24,10,237,5000,5
4130,2023-10-22,2,19,237,17100,5
3962,2023-10-15,3,6,237,1500,5
8261,2024-03-11,1,18,237,6300,5
9807,2024-07-22,3,8,237,2000,2
7382,2024-02-11,3,16,238,4000,2
7817,2024-02-26,4,7,238,4200,4
441,2023-02-12,19,7,238,2100,5
1976,2023-07-02,25,15,238,9000,4
2185,2023-07-22,2,7,238,6300,2
2188,2023-07-22,14,11,238,3520,3
9884,2024-08-02,3,8,238,2000,4
140,2023-01-16,14,16,238,5120,2
1194,2023-04-21,11,10,238,5500,3
4008,2023-10-17,1,6,238,2100,3
3680,2023-10-05,8,10,238,7500,2
6417,2024-01-08,14,13,238,4160,2
1930,2023-06-29,3,13,238,3250,2
3751,2023-10-07,6,18,238,21600,5
5294,2023-12-01,4,20,238,12000,4
8911,2024-04-05,3,16,238,4000,5
7361,2024-02-11,1,13,239,4550,5
7516,2024-02-15,4,11,239,6600,3
7983,2024-03-02,2,9,239,8100,4
8224,2024-03-09,2,18,239,16200,5
8550,2024-03-21,1,20,239,7000,2
9281,2024-05-15,3,15,239,3750,5
2128,2023-07-17,16,8,239,4000,4
5467,2023-12-06,9,12,239,8400,3
5494,2023-12-07,7,10,239,15000,2
7365,2024-02-11,2,7,239,6300,5
4739,2023-11-12,3,15,239,3750,5
5770,2023-12-17,8,12,239,9000,2
7890,2024-02-29,2,15,239,13500,5
1484,2023-05-15,9,18,239,12600,4
4082,2023-10-20,1,7,239,2450,4
1734,2023-06-06,19,5,239,1500,4
6486,2024-01-10,14,8,239,2560,4
8285,2024-03-11,4,19,239,11400,5
5257,2023-11-30,2,17,240,15300,4
154,2023-01-17,27,9,240,1800,2
358,2023-02-03,22,5,240,2000,3
616,2023-02-28,11,5,240,2750,5
1322,2023-05-01,19,11,240,3300,3
1677,2023-06-02,16,8,240,4000,2
4072,2023-10-19,6,14,240,16800,3
4120,2023-10-21,10,6,240,10800,5
4235,2023-10-25,10,15,240,27000,2
4351,2023-10-29,10,9,240,16200,4
6895,2024-01-25,3,7,240,1750,4
7116,2024-02-02,4,12,240,7200,5
9257,2024-05-12,4,10,240,6000,2
8152,2024-03-07,1,18,240,6300,4
3492,2023-09-29,23,8,240,2000,3
4276,2023-10-27,5,6,240,2700,4
4659,2023-11-09,5,12,240,5400,4
9194,2024-05-07,4,15,240,9000,2
7977,2024-03-02,1,19,241,6650,3
8023,2024-03-02,4,12,241,7200,2
9631,2024-06-29,1,18,241,6300,5
10075,2024-08-24,2,15,241,13500,3
936,2023-03-29,6,6,241,7200,3
1853,2023-06-19,9,9,241,6300,2
4890,2023-11-17,3,16,241,4000,4
8083,2024-03-04,4,11,241,6600,4
2727,2023-09-05,24,16,241,8000,3
134,2023-01-16,5,11,241,4950,5
9097,2024-04-28,1,8,241,2800,4
7858,2024-02-28,1,7,241,2450,3
8704,2024-03-26,2,15,241,13500,4
9350,2024-05-23,4,7,241,4200,3
4999,2023-11-20,7,17,242,25500,5
6868,2024-01-24,2,9,242,8100,5
7764,2024-02-25,1,13,242,4550,3
8121,2024-03-05,4,7,242,4200,2
8247,2024-03-10,2,18,242,16200,4
8798,2024-03-29,3,8,242,2000,5
82,2023-01-10,17,19,242,11400,2
3149,2023-09-18,24,5,242,2500,2
3449,2023-09-28,22,9,242,3600,5
8380,2024-03-15,1,9,242,3150,2
8634,2024-03-23,4,14,242,8400,5
4912,2023-11-18,1,15,242,5250,5
7018,2024-01-29,4,17,242,10200,4
9342,2024-05-23,1,7,242,2450,2
717,2023-03-07,12,19,242,5700,4
2258,2023-07-28,14,16,242,5120,5
5843,2023-12-19,14,8,242,2560,4
7319,2024-02-09,4,15,242,9000,2
5519,2023-12-08,4,20,243,12000,2
5605,2023-12-10,11,18,243,9900,5
6003,2023-12-24,14,18,243,5760,4
8277,2024-03-11,3,11,243,2750,5
109,2023-01-13,15,13,243,4550,5
906,2023-03-25,5,6,243,2700,4
1700,2023-06-04,12,16,243,4800,3
3221,2023-09-20,24,11,243,5500,4
5227,2023-11-29,4,12,243,7200,5
10167,2024-09-05,3,20,243,5000,4
7676,2024-02-21,4,19,244,11400,2
8345,2024-03-14,1,8,244,2800,3
9476,2024-06-08,2,16,244,14400,2
1061,2023-04-08,3,6,244,1500,5
1337,2023-05-02,12,5,244,1500,5
1124,2023-04-13,23,15,244,3750,2
1453,2023-05-12,17,18,244,10800,2
8907,2024-04-05,2,18,244,16200,4
10035,2024-08-20,1,17,244,5950,2
2290,2023-07-31,11,14,244,7700,4
3435,2023-09-27,24,14,244,7000,4
5898,2023-12-21,14,17,244,5440,3
7247,2024-02-07,3,7,244,1750,5
7514,2024-02-15,4,14,244,8400,3
7990,2024-03-02,2,15,244,13500,2
954,2023-03-30,12,10,244,3000,5
1788,2023-06-11,14,8,244,2560,5
7586,2024-02-18,3,7,245,1750,4
7949,2024-03-01,4,17,245,10200,2
8725,2024-03-27,1,9,245,3150,3
474,2023-02-15,19,5,245,1500,5
2363,2023-08-08,24,17,245,8500,4
3875,2023-10-12,4,8,245,4800,4
4532,2023-11-05,2,8,245,7200,3
5372,2023-12-02,10,5,245,9000,5
6219,2024-01-01,14,16,245,5120,3
7101,2024-02-02,1,6,245,2100,5
5606,2023-12-10,11,17,245,9350,3
7080,2024-02-01,1,6,245,2100,4
3350,2023-09-24,24,8,245,4000,4
5153,2023-11-26,6,12,245,14400,3
1103,2023-04-11,5,11,245,4950,5
3969,2023-10-15,6,7,245,8400,4
4007,2023-10-17,1,12,245,4200,4
9624,2024-06-27,4,10,245,6000,4
7008,2024-01-29,2,8,246,7200,2
8073,2024-03-04,3,14,246,3500,2
9452,2024-06-04,4,19,246,11400,3
2471,2023-08-19,24,13,246,6500,3
3342,2023-09-24,23,11,246,2750,5
3810,2023-10-10,1,16,246,5600,5
4326,2023-10-28,10,20,246,36000,5
5721,2023-12-15,11,12,246,6600,5
259,2023-01-26,28,11,246,3300,3
2862,2023-09-09,22,18,246,7200,5
5925,2023-12-22,14,20,246,6400,2
6802,2024-01-21,4,6,246,3600,2
1182,2023-04-19,25,16,246,9600,5
6967,2024-01-28,1,14,246,4900,3
8909,2024-04-05,3,9,246,2250,4
8553,2024-03-21,1,15,246,5250,4
5630,2023-12-11,10,9,247,16200,4
9462,2024-06-05,4,5,247,3000,5
9850,2024-07-28,2,6,247,5400,2
1539,2023-05-20,7,7,247,10500,3
2355,2023-08-07,24,5,247,2500,5
3119,2023-09-18,21,12,247,7800,2
3604,2023-10-02,23,6,247,1500,4
3857,2023-10-11,9,11,247,7700,2
5683,2023-12-14,3,12,247,3000,4
859,2023-03-19,24,5,247,2500,5
1996,2023-07-04,25,18,247,10800,3
5636,2023-12-12,4,18,247,10800,3
5820,2023-12-19,3,14,247,3500,2
5917,2023-12-22,14,8,247,2560,2
6555,2024-01-12,4,11,247,6600,4
8286,2024-03-11,4,12,247,7200,4
8615,2024-03-23,2,5,247,4500,5
7947,2024-03-01,3,18,247,4500,2
7105,2024-02-02,1,18,248,6300,4
7153,2024-02-04,2,5,248,4500,4
2952,2023-09-11,24,12,248,6000,5
3982,2023-10-16,1,8,248,2800,5
4399,2023-11-01,5,6,248,2700,5
4484,2023-11-03,7,12,248,18000,2
5738,2023-12-16,5,12,248,5400,4
6835,2024-01-23,1,20,248,7000,5
875,2023-03-21,25,13,248,7800,5
7869,2024-02-28,2,6,248,5400,5
9219,2024-05-09,3,16,248,4000,5
10139,2024-09-03,2,9,248,8100,2
2514,2023-08-23,24,5,248,2500,2
2752,2023-09-05,24,7,248,3500,5
8565,2024-03-21,3,15,248,3750,4
9354,2024-05-24,2,7,248,6300,3
10265,2024-09-18,3,16,248,4000,4
1413,2023-05-09,5,20,248,9000,2
10239,2024-09-14,2,9,248,8100,5
5188,2023-11-27,9,13,249,9100,3
6727,2024-01-19,2,14,249,12600,3
7253,2024-02-07,4,16,249,9600,3
7838,2024-02-27,3,8,249,2000,3
8158,2024-03-07,1,11,249,3850,4
8868,2024-04-01,2,7,249,6300,5
9231,2024-05-10,2,17,249,15300,4
9270,2024-05-14,3,15,249,3750,4
2407,2023-08-12,24,6,249,3000,2
3521,2023-09-30,23,8,249,2000,4
5649,2023-12-12,8,13,249,9750,4
6082,2023-12-27,14,10,249,3200,2
6899,2024-01-25,3,20,249,5000,4
9228,2024-05-10,1,20,249,7000,2
8151,2024-03-07,1,17,249,5950,2
8351,2024-03-14,2,15,249,13500,4
5466,2023-12-06,8,11,249,8250,5
9963,2024-08-10,3,5,249,1250,5
5990,2023-12-24,14,9,250,2880,3
8256,2024-03-10,4,16,250,9600,3
9197,2024-05-07,4,15,250,9000,2
9306,2024-05-17,3,20,250,5000,3
3485,2023-09-29,22,10,250,4000,5
3541,2023-10-01,21,16,250,10400,3
5171,2023-11-27,4,8,250,4800,4
5787,2023-12-18,3,11,250,2750,5
6661,2024-01-16,4,11,250,6600,2
8092,2024-03-05,1,6,250,2100,4
9559,2024-06-19,4,5,250,3000,2
2465,2023-08-18,24,12,250,6000,4
3494,2023-09-29,23,14,250,3500,2
6315,2024-01-04,14,12,250,3840,4
4476,2023-11-03,6,5,250,6000,2
617,2023-02-28,13,8,250,3600,2
1656,2023-06-01,7,14,250,21000,5
4313,2023-10-28,6,18,250,21600,3
5002,2023-11-20,9,18,250,12600,5
5131,2023-11-25,10,6,251,10800,2
5340,2023-12-01,11,15,251,8250,5
5906,2023-12-21,14,5,251,1600,2
6742,2024-01-19,3,16,251,4000,4
6816,2024-01-22,2,17,251,15300,4
8174,2024-03-07,4,16,251,9600,2
8408,2024-03-16,1,13,251,4550,4
8880,2024-04-02,3,8,251,2000,4
832,2023-03-17,6,12,251,14400,2
1091,2023-04-09,27,10,251,2000,4
1665,2023-06-01,26,16,251,14400,3
2084,2023-07-13,13,7,251,3150,3
2753,2023-09-06,24,13,251,6500,3
3590,2023-10-02,8,16,251,12000,3
3980,2023-10-15,11,14,251,7700,5
6711,2024-01-18,4,9,251,5400,2
8322,2024-03-13,2,16,251,14400,5
8647,2024-03-24,2,10,251,9000,5
9976,2024-08-11,3,10,251,2500,2
4945,2023-11-18,11,6,251,3300,5
5680,2023-12-14,2,12,251,10800,2
9165,2024-05-04,2,12,251,10800,4
504,2023-02-18,12,7,251,2100,2
8313,2024-03-12,3,16,251,4000,4
9904,2024-08-04,3,9,251,2250,5
10213,2024-09-12,2,16,251,14400,5
2730,2023-09-05,24,20,251,10000,2
6363,2024-01-06,14,12,251,3840,5
9044,2024-04-22,1,7,251,2450,3
6310,2024-01-04,14,13,252,4160,4
163,2023-01-18,14,6,252,1920,4
722,2023-03-07,26,12,252,10800,5
783,2023-03-12,16,16,252,8000,2
3564,2023-10-01,24,16,252,8000,3
4459,2023-11-02,10,9,252,16200,3
8420,2024-03-16,3,20,252,5000,3
2842,2023-09-08,24,6,252,3000,4
5822,2023-12-19,5,6,252,2700,4
9293,2024-05-16,3,8,252,2000,3
9417,2024-05-30,3,6,252,1500,5
3678,2023-10-05,7,12,252,18000,3
6039,2023-12-26,14,20,252,6400,5
6995,2024-01-29,1,16,252,5600,4
7574,2024-02-18,1,14,252,4900,4
5793,2023-12-18,4,12,252,7200,4
7146,2024-02-03,4,16,253,9600,4
8082,2024-03-04,4,7,253,4200,5
8935,2024-04-09,4,8,253,4800,4
9733,2024-07-12,1,7,253,2450,4
10108,2024-08-29,1,11,253,3850,5
2657,2023-09-02,24,17,253,8500,2
4517,2023-11-04,10,13,253,23400,4
4837,2023-11-15,2,8,253,7200,4
7731,2024-02-23,4,19,253,11400,4
520,2023-02-20,14,8,253,2560,3
921,2023-03-27,2,12,253,10800,4
2899,2023-09-10,22,9,253,3600,2
3184,2023-09-19,24,17,253,8500,3
5977,2023-12-24,14,8,253,2560,4
6232,2024-01-01,14,11,253,3520,5
6978,2024-01-28,3,16,253,4000,2
1968,2023-07-02,7,14,253,21000,4
3006,2023-09-14,21,5,253,3250,4
6768,2024-01-20,3,15,253,3750,4
7398,2024-02-12,1,13,253,4550,3
5259,2023-11-30,2,18,254,16200,3
5326,2023-12-01,9,15,254,10500,3
7575,2024-02-18,1,8,254,2800,5
7747,2024-02-24,3,17,254,4250,2
8099,2024-03-05,2,17,254,15300,2
9236,2024-05-10,4,16,254,9600,3
10296,2024-09-21,2,14,254,12600,2
123,2023-01-14,28,17,254,5100,3
971,2023-03-31,16,15,254,7500,3
1690,2023-06-03,21,9,254,5850,2
1866,2023-06-21,1,18,254,6300,5
2494,2023-08-21,24,18,254,9000,4
2771,2023-09-06,24,17,254,8500,5
3829,2023-10-10,8,17,254,12750,3
2988,2023-09-13,22,20,254,8000,3
6358,2024-01-05,14,18,254,5760,3
7739,2024-02-24,1,16,254,5600,2
3802,2023-10-09,8,5,254,3750,2
9743,2024-07-13,3,6,254,1500,3
6936,2024-01-26,3,11,255,2750,3
7045,2024-01-30,4,8,255,4800,5
7918,2024-03-01,1,5,255,1750,3
8080,2024-03-04,4,20,255,12000,3
9258,2024-05-13,1,17,255,5950,5
9330,2024-05-21,2,10,255,9000,4
271,2023-01-27,22,10,255,4000,3
829,2023-03-16,28,8,255,2400,5
1518,2023-05-18,11,15,255,8250,2
3880,2023-10-12,6,11,255,13200,4
4807,2023-11-14,4,15,255,9000,5
6667,2024-01-17,1,9,255,3150,2
7964,2024-03-02,1,10,255,3500,4
8116,2024-03-05,4,14,255,8400,4
10041,2024-08-20,2,19,255,17100,2
10111,2024-08-29,2,15,255,13500,5
1471,2023-05-14,5,20,255,9000,2
9091,2024-04-26,4,19,255,11400,3
524,2023-02-20,22,14,255,5600,3
2661,2023-09-02,24,5,255,2500,5
3153,2023-09-18,24,11,255,5500,3
4695,2023-11-10,9,6,255,4200,5
5307,2023-12-01,6,10,255,12000,3
4607,2023-11-07,9,6,255,4200,3
5085,2023-11-23,10,20,255,36000,3
9170,2024-05-04,4,15,255,9000,3
10335,2024-09-26,1,19,255,6650,2
5247,2023-11-29,9,19,256,13300,4
5328,2023-12-01,10,18,256,32400,4
5641,2023-12-12,6,9,256,10800,5
7351,2024-02-10,4,16,256,9600,4
8886,2024-04-03,1,15,256,5250,3
786,2023-03-12,27,6,256,1200,2
2579,2023-08-28,24,17,256,8500,4
6038,2023-12-26,14,19,256,6080,4
1161,2023-04-17,14,17,256,5440,5
1374,2023-05-05,27,9,256,1800,5
3855,2023-10-11,8,14,256,10500,4
3888,2023-10-12,9,11,256,7700,2
5768,2023-12-17,7,7,256,10500,2
7730,2024-02-23,4,19,256,11400,4
7893,2024-02-29,2,12,256,10800,2
4727,2023-11-11,9,20,256,14000,4
4817,2023-11-14,7,17,256,25500,5
8307,2024-03-12,3,16,256,4000,5
6108,2023-12-28,14,15,257,4800,3
6243,2024-01-02,14,15,257,4800,3
6403,2024-01-07,14,9,257,2880,4
7492,2024-02-15,2,13,257,11700,4
8436,2024-03-17,1,19,257,6650,5
9113,2024-04-30,2,20,257,18000,4
1657,2023-06-01,7,11,257,16500,2
3222,2023-09-20,24,13,257,6500,3
3373,2023-09-25,23,7,257,1750,5
4019,2023-10-17,8,11,257,8250,2
8867,2024-04-01,1,12,257,4200,3
2540,2023-08-25,24,17,257,8500,2
3277,2023-09-22,23,13,257,3250,4
3392,2023-09-26,22,19,257,7600,3
2982,2023-09-13,21,13,257,8450,4
7643,2024-02-20,3,20,257,5000,5
7857,2024-02-28,1,20,257,7000,5
3574,2023-10-01,24,11,257,5500,2
3685,2023-10-05,8,7,257,5250,4
5715,2023-12-15,9,14,257,9800,4
6207,2023-12-31,14,6,257,1920,2
9427,2024-05-31,3,12,257,3000,2
5302,2023-12-01,5,10,258,4500,5
7051,2024-01-31,1,14,258,4900,5
8472,2024-03-18,2,9,258,8100,2
1087,2023-04-09,26,20,258,18000,4
1197,2023-04-21,14,7,258,2240,2
3454,2023-09-28,22,8,258,3200,4
3510,2023-09-30,21,7,258,4550,3
4345,2023-10-29,8,18,258,13500,4
7002,2024-01-29,2,18,258,16200,2
8522,2024-03-19,3,7,258,1750,5
8756,2024-03-28,2,9,258,8100,2
9847,2024-07-28,1,8,258,2800,2
5575,2023-12-09,11,10,258,5500,4
8539,2024-03-20,3,11,258,2750,5
2108,2023-07-16,2,5,258,4500,5
8820,2024-03-30,2,13,258,11700,2
10110,2024-08-29,2,7,258,6300,5
3146,2023-09-18,23,5,258,1250,3
9182,2024-05-06,1,5,258,1750,2
5339,2023-12-01,11,15,259,8250,4
5457,2023-12-06,2,11,259,9900,2
6115,2023-12-28,14,8,259,2560,5
7274,2024-02-08,2,6,259,5400,3
7711,2024-02-23,2,13,259,11700,2
7718,2024-02-23,2,6,259,5400,4
7921,2024-03-01,1,8,259,2800,5
7958,2024-03-01,4,10,259,6000,4
332,2023-02-01,24,12,259,6000,3
790,2023-03-13,16,16,259,8000,4
948,2023-03-30,5,10,259,4500,5
1116,2023-04-12,23,17,259,4250,4
1919,2023-06-28,9,19,259,13300,2
3170,2023-09-19,22,8,259,3200,4
4279,2023-10-27,6,14,259,16800,3
8856,2024-03-31,3,20,259,5000,5
686,2023-03-04,21,12,259,7800,4
3349,2023-09-24,24,14,259,7000,5
4929,2023-11-18,7,7,259,10500,3
6910,2024-01-26,1,13,260,4550,3
8547,2024-03-20,4,10,260,6000,3
9054,2024-04-22,4,8,260,4800,3
9412,2024-05-30,2,20,260,18000,4
177,2023-01-19,23,15,260,3750,4
3463,2023-09-28,24,11,260,5500,3
7654,2024-02-21,1,5,260,1750,5
5713,2023-12-15,7,16,260,24000,5
10384,2024-10-01,2,12,260,10800,3
2895,2023-09-10,21,15,260,9750,4
4718,2023-11-11,5,14,260,6300,4
5231,2023-11-29,6,9,260,10800,2
6436,2024-01-08,14,19,260,6080,3
2141,2023-07-18,17,11,260,6600,4
10153,2024-09-04,2,11,260,9900,5
5204,2023-11-28,3,14,261,3500,3
5687,2023-12-14,6,9,261,10800,4
7677,2024-02-21,4,17,261,10200,4
8246,2024-03-10,2,11,261,9900,5
8457,2024-03-17,3,16,261,4000,3
9583,2024-06-23,1,17,261,5950,2
284,2023-01-29,24,18,261,9000,5
1521,2023-05-18,15,13,261,4550,4
1551,2023-05-21,24,7,261,3500,2
1982,2023-07-03,5,6,261,2700,4
2024,2023-07-07,24,12,261,6000,4
2845,2023-09-08,24,10,261,5000,3
7493,2024-02-15,2,5,261,4500,2
902,2023-03-24,25,10,261,6000,2
6822,2024-01-22,3,19,261,4750,4
10012,2024-08-15,3,12,261,3000,2
1002,2023-04-02,20,9,261,7200,2
5208,2023-11-28,5,18,261,8100,2
8427,2024-03-16,4,5,261,3000,4
9485,2024-06-09,3,19,261,4750,3
9975,2024-08-11,2,8,261,7200,3
10151,2024-09-04,1,18,261,6300,3
8242,2024-03-10,1,11,262,3850,4
8419,2024-03-16,3,15,262,3750,3
10102,2024-08-27,4,11,262,6600,2
1050,2023-04-07,2,16,262,14400,4
3081,2023-09-16,23,7,262,1750,4
4372,2023-10-31,3,19,262,4750,3
6578,2024-01-13,3,18,262,4500,2
7348,2024-02-10,3,9,262,2250,3
9979,2024-08-11,4,17,262,10200,3
10228,2024-09-13,2,9,262,8100,2
2093,2023-07-14,9,9,262,6300,5
6410,2024-01-07,14,14,262,4480,2
6435,2024-01-08,14,20,262,6400,2
6781,2024-01-21,1,11,263,3850,4
6907,2024-01-25,4,5,263,3000,2
7088,2024-02-01,3,8,263,2000,2
8117,2024-03-05,4,9,263,5400,4
66,2023-01-08,16,11,263,5500,2
863,2023-03-20,25,5,263,3000,4
1881,2023-06-22,22,18,263,7200,3
2356,2023-08-07,24,16,263,8000,4
2509,2023-08-22,24,8,263,4000,3
4005,2023-10-16,11,17,263,9350,5
8445,2024-03-17,2,14,263,12600,4
5202,2023-11-28,2,9,263,8100,4
6367,2024-01-06,14,6,263,1920,2
7366,2024-02-11,2,10,263,9000,2
8864,2024-03-31,4,17,263,10200,2
9824,2024-07-24,3,17,263,4250,4
7509,2024-02-15,3,17,263,4250,5
7942,2024-03-01,3,16,263,4000,5
8945,2024-04-11,1,9,263,3150,3
5044,2023-11-22,3,10,264,2500,3
6990,2024-01-29,1,10,264,3500,4
7385,2024-02-11,3,7,264,1750,4
8063,2024-03-04,2,16,264,14400,5
8517,2024-03-19,3,17,264,4250,2
9005,2024-04-17,4,13,264,7800,4
244,2023-01-25,17,20,264,12000,2
785,2023-03-12,23,5,264,1250,5
1626,2023-05-29,1,14,264,4900,2
1728,2023-06-06,13,9,264,4050,4
2679,2023-09-03,24,14,264,7000,4
6682,2024-01-17,3,15,264,3750,3
482,2023-02-16,2,10,264,9000,4
2599,2023-08-31,24,15,264,7500,4
3824,2023-10-10,7,7,264,10500,4
7317,2024-02-09,4,18,264,10800,5
7545,2024-02-17,2,7,264,6300,2
2419,2023-08-13,24,5,264,2500,4
2674,2023-09-03,24,16,264,8000,3
5361,2023-12-02,7,9,264,13500,5
7282,2024-02-08,3,10,264,2500,4
8065,2024-03-04,2,7,264,6300,2
8507,2024-03-19,1,9,264,3150,4
8970,2024-04-14,2,5,264,4500,3
5128,2023-11-25,10,8,265,14400,3
7469,2024-02-14,1,16,265,5600,4
10048,2024-08-21,1,14,265,4900,3
164,2023-01-18,16,7,265,3500,5
518,2023-02-20,7,9,265,13500,3
937,2023-03-29,7,5,265,7500,5
1363,2023-05-04,18,5,265,2250,4
3420,2023-09-27,22,5,265,2000,5
6875,2024-01-24,3,7,265,1750,3
7759,2024-02-25,1,19,265,6650,4
7884,2024-02-29,1,10,265,3500,3
777,2023-03-12,9,7,265,4900,2
3268,2023-09-22,22,7,265,2800,2
7259,2024-02-08,1,13,265,4550,5
575,2023-02-24,15,16,265,5600,3
7100,2024-02-02,1,10,266,3500,5
8653,2024-03-24,3,11,266,2750,5
8825,2024-03-30,4,20,266,12000,4
9987,2024-08-12,4,5,266,3000,4
3248,2023-09-21,23,20,266,5000,5
3389,2023-09-26,21,12,266,7800,3
9411,2024-05-30,1,6,266,2100,4
379,2023-02-06,23,11,266,2750,5
2855,2023-09-09,21,10,266,6500,3
3693,2023-10-05,11,16,266,8800,3
9512,2024-06-13,3,5,266,1250,3
6437,2024-01-08,14,9,266,2880,3
9720,2024-07-10,1,13,266,4550,5
2736,2023-09-05,24,6,266,3000,3
5429,2023-12-04,11,7,266,3850,2
6121,2023-12-28,14,19,266,6080,5
5863,2023-12-20,14,6,267,1920,4
6372,2024-01-06,14,20,267,6400,3
6790,2024-01-21,2,10,267,9000,5
7480,2024-02-14,3,5,267,1250,3
7960,2024-03-01,4,11,267,6600,4
8396,2024-03-15,4,12,267,7200,5
8758,2024-03-28,2,19,267,17100,4
10003,2024-08-14,3,17,267,4250,4
337,2023-02-02,5,19,267,8550,2
2197,2023-07-22,23,20,267,5000,5
2985,2023-09-13,22,12,267,4800,4
3063,2023-09-16,21,11,267,7150,4
5561,2023-12-09,7,6,267,9000,4
5637,2023-12-12,4,12,267,7200,4
6507,2024-01-11,2,6,267,5400,3
7504,2024-02-15,3,16,267,4000,5
7550,2024-02-17,2,12,267,10800,4
1332,2023-05-01,28,10,267,3000,4
5615,2023-12-11,4,12,267,7200,5
9253,2024-05-12,3,10,267,2500,5
2787,2023-09-07,21,11,267,7150,2
3402,2023-09-26,23,10,267,2500,2
3836,2023-10-10,11,11,267,6050,2
6279,2024-01-03,14,15,268,4800,5
8165,2024-03-07,3,11,268,2750,3
9872,2024-08-01,2,17,268,15300,3
9969,2024-08-11,1,20,268,7000,5
2682,2023-09-03,24,12,268,6000,2
3094,2023-09-17,21,7,268,4550,4
4220,2023-10-25,2,16,268,14400,5
7054,2024-01-31,1,8,268,2800,5
8771,2024-03-28,4,10,268,6000,5
3310,2023-09-23,23,15,268,3750,3
5246,2023-11-29,9,14,268,9800,5
5690,2023-12-14,7,13,268,19500,2
6779,2024-01-21,1,10,268,3500,2
10181,2024-09-07,2,13,268,11700,3
5654,2023-12-12,11,12,269,6600,4
6643,2024-01-16,1,12,269,4200,3
8602,2024-03-22,4,6,269,3600,3
10000,2024-08-14,1,9,269,3150,3
10142,2024-09-03,3,8,269,2000,4
10174,2024-09-06,3,14,269,3500,4
1045,2023-04-06,22,13,269,5200,3
4335,2023-10-29,2,19,269,17100,4
5847,2023-12-19,14,6,269,1920,2
6620,2024-01-15,2,12,269,10800,2
8611,2024-03-23,1,13,269,4550,3
901,2023-03-24,23,16,269,4000,4
9630,2024-06-29,1,20,269,7000,5
9851,2024-07-28,4,11,269,6600,4
2729,2023-09-05,24,5,269,2500,2
335,2023-02-02,1,13,269,4550,5
7593,2024-02-18,4,16,269,9600,3
9693,2024-07-06,1,19,269,6650,5
5651,2023-12-12,10,11,270,19800,2
6111,2023-12-28,14,7,270,2240,3
7115,2024-02-02,4,19,270,11400,4
9167,2024-05-04,4,8,270,4800,2
9339,2024-05-23,1,14,270,4900,2
9524,2024-06-15,3,8,270,2000,4
9813,2024-07-23,3,7,270,1750,3
2743,2023-09-05,24,20,270,10000,5
4371,2023-10-31,2,17,270,15300,4
6161,2023-12-30,14,17,270,5440,2
1263,2023-04-27,1,20,270,7000,4
5892,2023-12-21,14,14,270,4480,5
4052,2023-10-18,11,16,270,8800,2
4273,2023-10-27,5,13,270,5850,3
9082,2024-04-26,1,5,270,1750,3
30,2023-01-03,27,7,270,1400,3
1016,2023-04-03,12,11,270,3300,4
1273,2023-04-27,23,12,270,3000,4
1532,2023-05-19,14,20,270,6400,5
4405,2023-11-01,7,5,270,7500,2
5309,2023-12-01,6,9,270,10800,4
6743,2024-01-19,4,12,270,7200,5
6761,2024-01-20,3,6,270,1500,3
6957,2024-01-27,3,12,270,3000,3
5993,2023-12-24,14,20,271,6400,3
6935,2024-01-26,3,17,271,4250,3
8027,2024-03-03,1,6,271,2100,3
8044,2024-03-03,3,15,271,3750,5
1537,2023-05-20,4,20,271,12000,2
3008,2023-09-14,21,6,271,3900,3
3889,2023-10-12,9,20,271,14000,5
4112,2023-10-21,5,19,271,8550,2
4185,2023-10-23,9,10,271,7000,2
9531,2024-06-15,4,6,271,3600,4
2181,2023-07-21,21,8,271,5200,3
3823,2023-10-10,6,9,271,10800,3
7378,2024-02-11,3,7,271,1750,4
7517,2024-02-15,4,14,271,8400,3
9050,2024-04-22,3,7,271,1750,4
1663,2023-06-01,22,5,271,2000,2
3126,2023-09-18,22,20,271,8000,4
3641,2023-10-04,4,16,271,9600,5
6647,2024-01-16,2,9,272,8100,2
7035,2024-01-30,2,10,272,9000,5
7132,2024-02-03,3,10,272,2500,5
7646,2024-02-20,4,13,272,7800,3
7746,2024-02-24,2,16,272,14400,2
913,2023-03-26,8,9,272,6750,3
4079,2023-10-19,10,10,272,18000,2
5878,2023-12-20,14,15,272,4800,2
7156,2024-02-04,2,18,272,16200,4
7882,2024-02-28,4,18,272,10800,2
8692,2024-03-25,4,13,272,7800,3
1405,2023-05-08,21,12,272,7800,5
7930,2024-03-01,2,8,272,7200,5
9453,2024-06-05,1,11,272,3850,5
9961,2024-08-10,2,10,272,9000,5
2851,2023-09-09,21,6,272,3900,2
7589,2024-02-18,3,6,273,1500,5
8222,2024-03-09,2,7,273,6300,5
9551,2024-06-18,2,8,273,7200,2
9906,2024-08-04,4,9,273,5400,4
9952,2024-08-09,2,13,273,11700,3
459,2023-02-14,17,20,273,12000,2
3142,2023-09-18,23,6,273,1500,2
3565,2023-10-01,24,8,273,4000,2
4099,2023-10-20,11,15,273,8250,4
4387,2023-10-31,11,19,273,10450,4
5910,2023-12-22,14,18,273,5760,5
391,2023-02-08,12,11,273,3300,5
3959,2023-10-15,2,15,273,13500,3
7432,2024-02-12,4,19,273,11400,4
9428,2024-05-31,3,9,273,2250,3
2861,2023-09-09,22,7,273,2800,5
334,2023-02-01,27,17,273,3400,5
523,2023-02-20,18,15,273,6750,5
1009,2023-04-02,28,7,273,2100,5
1591,2023-05-25,2,5,273,4500,5
2161,2023-07-20,15,10,273,3500,4
5670,2023-12-13,10,7,274,12600,5
8727,2024-03-27,2,19,274,17100,2
9148,2024-05-02,3,7,274,1750,3
9472,2024-06-07,3,17,274,4250,2
10341,2024-09-26,2,6,274,5400,5
893,2023-03-23,19,16,274,4800,2
1199,2023-04-21,16,19,274,9500,4
1943,2023-06-30,28,6,274,1800,3
2091,2023-07-14,2,13,274,11700,2
2369,2023-08-09,24,7,274,3500,2
2971,2023-09-12,23,14,274,3500,5
4882,2023-11-16,8,10,274,7500,2
8790,2024-03-29,2,19,274,17100,3
9232,2024-05-10,3,19,274,4750,5
1685,2023-06-03,10,11,274,5000,3
7020,2024-01-29,4,9,274,5400,2
3176,2023-09-19,22,7,274,2800,5
4768,2023-11-13,2,19,274,17100,4
5228,2023-11-29,5,9,275,4050,2
10010,2024-08-15,2,8,275,7200,3
2997,2023-09-13,24,11,275,5500,3
3635,2023-10-04,1,10,275,3500,4
4184,2023-10-23,8,13,275,9750,5
4480,2023-11-03,6,20,275,24000,3
5198,2023-11-28,2,9,275,8100,2
9301,2024-05-17,2,11,275,9900,3
10368,2024-09-30,1,19,275,6650,2
1779,2023-06-11,1,11,275,3850,2
5195,2023-11-28,1,19,275,6650,5
5244,2023-11-29,9,8,275,5600,4
7036,2024-01-30,2,13,275,11700,3
2044,2023-07-09,11,8,275,4400,3
4248,2023-10-26,3,19,275,4750,5
5378,2023-12-03,1,6,276,2100,2
6120,2023-12-28,14,13,276,4160,2
10227,2024-09-13,2,15,276,13500,2
185,2023-01-20,16,13,276,6500,3
588,2023-02-25,23,16,276,4000,5
1119,2023-04-13,9,15,276,10500,5
1824,2023-06-15,13,6,276,2700,3
2955,2023-09-11,24,13,276,6500,3
4439,2023-11-02,5,14,276,6300,5
6010,2023-12-25,14,20,276,6400,4
7245,2024-02-07,2,19,276,17100,3
7705,2024-02-23,1,18,276,6300,5
8858,2024-03-31,3,11,276,2750,4
2170,2023-07-21,8,5,276,3750,3
9558,2024-06-19,3,13,276,3250,3
1792,2023-06-11,19,10,276,3000,3
2239,2023-07-26,15,14,276,4900,5
4700,2023-11-10,10,19,276,34200,3
6411,2024-01-08,14,17,276,5440,4
6642,2024-01-16,1,8,276,2800,4
6882,2024-01-24,4,9,276,5400,2
8829,2024-03-30,4,15,276,9000,2
7892,2024-02-29,2,20,276,18000,2
8719,2024-03-27,1,17,276,5950,5
9252,2024-05-12,3,20,276,5000,4
9989,2024-08-12,4,20,276,12000,2
5183,2023-11-27,8,14,277,10500,5
5867,2023-12-20,14,11,277,3520,5
6769,2024-01-20,3,15,277,3750,2
8308,2024-03-12,3,5,277,1250,4
8373,2024-03-15,1,17,277,5950,3
8609,2024-03-23,1,19,277,6650,3
9004,2024-04-17,3,5,277,1250,5
9278,2024-05-15,1,12,277,4200,5
840,2023-03-17,25,19,277,11400,3
1379,2023-05-06,3,5,277,1250,4
4653,2023-11-09,2,13,277,11700,2
9950,2024-08-09,2,13,277,11700,5
9956,2024-08-09,3,18,277,4500,2
8668,2024-03-24,4,9,277,5400,2
5164,2023-11-27,2,6,277,5400,5
9187,2024-05-06,3,17,277,4250,3
8171,2024-03-07,4,12,278,7200,3
8282,2024-03-11,4,12,278,7200,4
9439,2024-06-02,3,12,278,3000,4
9525,2024-06-15,3,14,278,3500,4
458,2023-02-14,10,19,278,34200,2
3954,2023-10-14,11,20,278,11000,5
8085,2024-03-05,1,7,278,2450,3
9265,2024-05-14,1,14,278,4900,4
2901,2023-09-10,22,14,278,5600,5
6187,2023-12-31,14,16,278,5120,2
7019,2024-01-29,4,10,278,6000,4
1827,2023-06-15,26,20,278,18000,3
3683,2023-10-05,8,14,278,10500,4
4690,2023-11-10,7,20,278,30000,2
5879,2023-12-20,14,19,278,6080,3
316,2023-01-31,23,8,278,2000,2
1133,2023-04-14,11,13,278,7150,3
4115,2023-10-21,7,19,278,28500,5
6956,2024-01-27,3,14,278,3500,4
6983,2024-01-28,4,16,278,9600,5
5182,2023-11-27,8,9,279,6750,4
7477,2024-02-14,2,9,279,8100,4
8214,2024-03-09,1,17,279,5950,2
8558,2024-03-21,2,8,279,7200,3
1458,2023-05-13,4,10,279,6000,3
1951,2023-07-01,11,10,279,5500,3
4048,2023-10-18,9,8,279,5600,5
6585,2024-01-13,4,6,279,3600,4
2541,2023-08-25,24,5,279,2500,3
5034,2023-11-21,11,13,279,7150,5
7073,2024-01-31,3,19,279,4750,2
2495,2023-08-21,24,7,279,3500,2
5292,2023-12-01,4,17,279,10200,5
5304,2023-12-01,6,14,279,16800,2
649,2023-03-02,10,15,279,27000,3
4333,2023-10-29,1,15,279,5250,5
7661,2024-02-21,3,12,279,3000,5
8180,2024-03-08,1,7,279,2450,3
5737,2023-12-16,5,6,280,2700,2
7568,2024-02-18,1,9,280,3150,4
8876,2024-04-02,1,16,280,5600,3
9666,2024-07-02,3,7,280,1750,2
882,2023-03-22,15,11,280,3850,3
1557,2023-05-22,6,17,280,20400,3
2432,2023-08-14,24,18,280,9000,4
2974,2023-09-12,24,17,280,8500,3
3418,2023-09-27,22,9,280,3600,4
3816,2023-10-10,3,8,280,2000,2
3852,2023-10-11,7,17,280,25500,2
4087,2023-10-20,4,18,280,10800,3
4306,2023-10-28,3,12,280,3000,4
4441,2023-11-02,5,7,280,3150,5
6889,2024-01-25,2,19,280,17100,2
1503,2023-05-17,9,7,280,4900,4
2632,2023-09-01,24,10,280,5000,2
7489,2024-02-14,4,16,280,9600,5
9995,2024-08-13,4,19,280,11400,2
3258,2023-09-22,21,15,280,9750,3
7686,2024-02-22,1,7,280,2450,5
7719,2024-02-23,2,9,280,8100,4
8964,2024-04-13,2,11,280,9900,3
10375,2024-09-30,3,7,280,1750,4
1369,2023-05-05,9,13,280,9100,3
6463,2024-01-09,14,18,280,5760,4
9750,2024-07-14,2,12,281,10800,5
10172,2024-09-06,1,10,281,3500,5
1250,2023-04-25,22,19,281,7600,3
4354,2023-10-29,11,11,281,6050,4
9826,2024-07-25,1,11,281,3850,4
3577,2023-10-02,1,19,281,6650,4
1339,2023-05-02,14,16,281,5120,5
3077,2023-09-16,22,13,281,5200,2
4239,2023-10-26,1,17,281,5950,2
5810,2023-12-18,10,14,281,25200,4
3102,2023-09-17,23,13,281,3250,2
4753,2023-11-12,8,20,281,15000,4
5503,2023-12-07,11,18,281,9900,5
6008,2023-12-25,14,7,281,2240,5
9561,2024-06-20,2,8,281,7200,3
10127,2024-09-01,1,17,281,5950,5
5537,2023-12-08,9,15,282,10500,5
5844,2023-12-19,14,20,282,6400,4
6088,2023-12-27,14,9,282,2880,2
7418,2024-02-12,3,11,282,2750,3
10271,2024-09-19,1,13,282,4550,2
216,2023-01-24,2,16,282,14400,4
437,2023-02-12,6,10,282,12000,4
516,2023-02-20,3,6,282,1500,2
1276,2023-04-27,24,6,282,3000,4
1893,2023-06-24,6,10,282,12000,5
2508,2023-08-22,24,13,282,6500,3
3193,2023-09-19,24,15,282,7500,3
8618,2024-03-23,2,15,282,13500,3
4895,2023-11-17,5,19,282,8550,2
9271,2024-05-14,3,10,282,2500,3
4746,2023-11-12,4,9,282,5400,4
4815,2023-11-14,7,8,282,12000,2
6854,2024-01-23,4,19,282,11400,2
7476,2024-02-14,2,9,282,8100,3
7702,2024-02-23,1,16,282,5600,2
8604,2024-03-22,4,5,282,3000,4
7199,2024-02-06,1,11,283,3850,2
8573,2024-03-21,4,12,283,7200,5
9556,2024-06-19,2,8,283,7200,5
9655,2024-07-01,4,11,283,6600,2
2875,2023-09-09,23,19,283,4750,3
4336,2023-10-29,2,7,283,6300,3
7242,2024-02-07,2,8,283,7200,5
1422,2023-05-09,19,20,283,6000,2
4473,2023-11-03,5,10,283,4500,2
5113,2023-11-25,3,6,283,1500,5
5290,2023-12-01,3,15,283,3750,2
8026,2024-03-03,1,6,283,2100,5
2977,2023-09-12,24,19,283,9500,2
121,2023-01-14,23,13,283,3250,3
1833,2023-06-16,7,16,283,24000,3
6975,2024-01-28,2,20,283,18000,5
5777,2023-12-18,1,12,284,4200,5
85,2023-01-10,22,6,284,2400,4
858,2023-03-19,24,17,284,8500,3
911,2023-03-25,16,20,284,10000,5
1801,2023-06-13,14,18,284,5760,3
3057,2023-09-15,24,13,284,6500,3
3431,2023-09-27,24,9,284,4500,3
3469,2023-09-28,24,5,284,2500,5
3775,2023-10-08,11,8,284,4400,3
4324,2023-10-28,9,17,284,11900,2
7868,2024-02-28,2,15,284,13500,4
486,2023-02-16,6,12,284,14400,3
1731,2023-06-06,15,14,284,4900,2
2671,2023-09-03,24,11,284,5500,4
2849,2023-09-09,21,16,284,10400,2
4995,2023-11-20,6,20,284,24000,5
7851,2024-02-27,3,18,284,4500,4
8104,2024-03-05,3,16,284,4000,5
9938,2024-08-07,3,18,284,4500,2
6160,2023-12-30,14,10,284,3200,3
9142,2024-05-02,1,10,284,3500,3
5374,2023-12-02,11,16,285,8800,2
5765,2023-12-17,6,11,285,13200,2
5871,2023-12-20,14,5,285,1600,2
6570,2024-01-13,3,6,285,1500,2
7717,2024-02-23,2,15,285,13500,5
8216,2024-03-09,1,19,285,6650,4
729,2023-03-08,14,11,285,3520,4
1131,2023-04-14,9,8,285,5600,4
7359,2024-02-11,1,11,285,3850,4
2260,2023-07-28,17,7,285,4200,2
2750,2023-09-05,24,9,285,4500,4
2867,2023-09-09,22,13,285,5200,4
3448,2023-09-28,22,7,285,2800,2
8912,2024-04-06,1,5,285,1750,3
5376,2023-12-03,1,12,286,4200,2
5527,2023-12-08,7,5,286,7500,2
8046,2024-03-03,3,14,286,3500,5
9284,2024-05-16,1,16,286,5600,5
2782,2023-09-06,24,8,286,4000,3
6639,2024-01-16,1,17,286,5950,2
6950,2024-01-27,1,9,286,3150,5
9192,2024-05-07,3,7,286,1750,4
9582,2024-06-23,1,16,286,5600,5
9771,2024-07-18,2,12,286,10800,5
1602,2023-05-26,17,6,286,3600,3
1059,2023-04-08,1,19,286,6650,2
7608,2024-02-19,2,20,286,18000,2
8976,2024-04-15,1,7,287,2450,5
2497,2023-08-21,24,8,287,4000,2
6708,2024-01-18,3,18,287,4500,5
1342,2023-05-02,28,8,287,2400,5
1463,2023-05-13,13,19,287,8550,5
5530,2023-12-08,8,6,287,4500,5
3309,2023-09-23,23,8,287,2000,2
3544,2023-10-01,22,9,287,3600,2
6393,2024-01-07,14,6,288,1920,4
9996,2024-08-13,4,16,288,9600,5
10040,2024-08-20,2,6,288,5400,5
10248,2024-09-15,3,15,288,3750,4
4212,2023-10-24,9,6,288,4200,5
7104,2024-02-02,1,14,288,4900,4
6011,2023-12-25,14,12,288,3840,5
6826,2024-01-23,1,13,288,4550,3
9562,2024-06-20,3,12,288,3000,4
805,2023-03-14,20,13,289,10400,3
1692,2023-06-03,25,6,289,3600,5
3189,2023-09-19,24,5,289,2500,2
5974,2023-12-23,14,9,289,2880,3
6546,2024-01-12,4,19,289,11400,2
9878,2024-08-02,1,14,289,4900,5
233,2023-01-24,20,18,289,14400,2
3493,2023-09-29,23,13,289,3250,3
4558,2023-11-05,9,11,289,7700,4
5559,2023-12-09,6,9,289,10800,5
1622,2023-05-28,13,14,289,6300,4
8832,2024-03-30,4,5,289,3000,3
9605,2024-06-25,1,10,289,3500,2
9917,2024-08-05,3,18,289,4500,2
7966,2024-03-02,1,17,290,5950,5
3758,2023-10-07,9,16,290,11200,2
4932,2023-11-18,8,20,290,15000,4
6651,2024-01-16,3,13,290,3250,4
9755,2024-07-15,1,5,290,1750,3
1543,2023-05-21,3,13,290,3250,4
6764,2024-01-20,3,11,290,2750,3
8569,2024-03-21,4,5,290,3000,3
1598,2023-05-26,11,13,290,7150,4
5236,2023-11-29,7,10,290,15000,3
8011,2024-03-02,3,8,290,2000,2
925,2023-03-27,15,10,291,3500,4
2574,2023-08-28,24,17,291,8500,2
6670,2024-01-17,1,5,291,1750,5
4339,2023-10-29,4,15,291,9000,3
4980,2023-11-19,11,9,292,4950,3
9794,2024-07-20,3,19,292,4750,5
1223,2023-04-23,11,14,292,7700,2
1652,2023-06-01,1,16,292,5600,2
3580,2023-10-02,3,15,292,3750,4
4891,2023-11-17,4,18,292,10800,5
3990,2023-10-16,4,11,292,6600,3
9195,2024-05-07,4,11,292,6600,4
17,2023-01-03,4,17,292,10200,3
1592,2023-05-25,18,14,292,6300,4
2796,2023-09-07,23,12,292,3000,5
4265,2023-10-27,3,17,292,4250,2
7065,2024-01-31,3,8,292,2000,4
5812,2023-12-18,11,10,293,5500,2
10183,2024-09-07,2,20,293,18000,2
4076,2023-10-19,9,12,293,8400,3
9507,2024-06-12,4,19,293,11400,4
3097,2023-09-17,22,9,293,3600,5
5385,2023-12-03,3,13,293,3250,4
6221,2024-01-01,14,13,293,4160,2
7055,2024-01-31,1,19,293,6650,4
9589,2024-06-23,2,19,293,17100,3
10165,2024-09-05,3,9,293,2250,4
870,2023-03-21,13,19,293,8550,5
1266,2023-04-27,6,14,293,16800,3
5627,2023-12-11,9,19,293,13300,5
8683,2024-03-25,2,8,293,7200,3
10370,2024-09-30,2,6,293,5400,4
5422,2023-12-04,8,8,294,6000,2
7255,2024-02-07,4,14,294,8400,4
8855,2024-03-31,3,6,294,1500,3
10192,2024-09-08,4,5,294,3000,3
1298,2023-04-29,27,5,294,1000,4
1641,2023-05-30,21,9,294,5850,4
1834,2023-06-16,8,17,294,12750,4
7460,2024-02-13,4,17,294,10200,3
7558,2024-02-17,3,8,294,2000,3
104,2023-01-12,19,18,294,5400,5
657,2023-03-02,23,16,294,4000,3
4463,2023-11-02,11,8,294,4400,3
4946,2023-11-18,11,16,294,8800,4
5403,2023-12-04,1,5,294,1750,2
4856,2023-11-15,9,6,294,4200,2
7548,2024-02-17,2,6,294,5400,2
7682,2024-02-22,1,9,294,3150,4
5900,2023-12-21,14,16,295,5120,4
9056,2024-04-22,4,14,295,8400,3
9581,2024-06-22,3,9,295,2250,3
9896,2024-08-04,1,18,295,6300,5
238,2023-01-25,7,19,295,28500,2
2507,2023-08-22,24,18,295,9000,2
3490,2023-09-29,22,16,295,6400,4
7294,2024-02-09,1,9,295,3150,4
673,2023-03-03,28,5,295,1500,4
2377,2023-08-10,24,14,295,7000,2
2651,2023-09-02,24,12,295,6000,5
4709,2023-11-11,1,9,295,3150,2
7368,2024-02-11,2,20,295,18000,5
7978,2024-03-02,1,13,295,4550,4
8207,2024-03-08,4,14,295,8400,3
8236,2024-03-09,4,16,295,9600,4
10292,2024-09-21,1,10,295,3500,3
1585,2023-05-24,20,13,295,10400,3
8004,2024-03-02,3,7,295,1750,5
8429,2024-03-16,4,11,296,6600,3
9424,2024-05-31,2,12,296,10800,2
3178,2023-09-19,23,11,296,2750,4
1377,2023-05-05,28,9,296,2700,2
4832,2023-11-14,11,9,296,4950,2
6201,2023-12-31,14,17,296,5440,5
6432,2024-01-08,14,18,297,5760,4
8455,2024-03-17,3,10,297,2500,4
8709,2024-03-26,2,7,297,6300,5
9538,2024-06-16,3,18,297,4500,5
10021,2024-08-17,1,20,297,7000,3
10043,2024-08-20,4,15,297,9000,2
4561,2023-11-06,1,14,297,4900,2
5084,2023-11-23,9,13,297,9100,4
8050,2024-03-03,4,18,297,10800,3
70,2023-01-08,23,6,297,1500,3
8641,2024-03-24,1,17,297,5950,2
9322,2024-05-20,1,12,297,4200,3
1979,2023-07-03,1,8,298,2800,5
2518,2023-08-23,24,7,298,3500,3
5223,2023-11-29,3,14,298,3500,5
9018,2024-04-19,1,14,298,4900,2
5885,2023-12-21,14,6,298,1920,3
6945,2024-01-27,1,9,298,3150,4
9313,2024-05-19,1,16,298,5600,2
5599,2023-12-10,8,6,299,4500,4
3976,2023-10-15,9,6,299,4200,2
4767,2023-11-13,1,10,299,3500,4
5548,2023-12-09,2,18,299,16200,5
6273,2024-01-03,14,10,299,3200,2
7015,2024-01-29,3,14,299,3500,3
5441,2023-12-05,3,14,299,3500,3
7332,2024-02-10,2,17,299,15300,2
8098,2024-03-05,2,13,299,11700,3
8887,2024-04-03,2,5,299,4500,5
10068,2024-08-23,2,16,299,14400,2
5764,2023-12-17,5,19,299,8550,3
6482,2024-01-10,14,6,300,1920,3
1912,2023-06-27,10,13,300,23400,5
2723,2023-09-05,24,11,300,5500,3
5716,2023-12-15,9,10,300,7000,2
1048,2023-04-06,23,6,300,1500,3
1122,2023-04-13,18,16,300,7200,3
1216,2023-04-22,27,18,300,3600,3
3932,2023-10-14,3,17,300,4250,2
4410,2023-11-01,8,5,300,3750,5
7674,2024-02-21,4,10,300,6000,3
1613,2023-05-27,18,7,300,3150,3
2438,2023-08-15,24,7,300,3500,2
6483,2024-01-10,14,19,300,6080,2
6678,2024-01-17,2,10,300,9000,5
5027,2023-11-21,8,13,301,9750,2
1346,2023-05-03,18,10,301,4500,3
2469,2023-08-18,24,15,301,7500,2
4092,2023-10-20,5,14,301,6300,2
5404,2023-12-04,1,8,301,2800,3
7874,2024-02-28,4,6,301,3600,3
4223,2023-10-25,3,18,301,4500,2
7898,2024-02-29,3,13,301,3250,3
9455,2024-06-05,1,14,301,4900,3
7688,2024-02-22,1,15,302,5250,2
8496,2024-03-19,1,19,302,6650,3
5053,2023-11-22,7,5,302,7500,4
5417,2023-12-04,7,17,302,25500,3
8697,2024-03-25,4,13,302,7800,5
1411,2023-05-09,3,20,302,5000,4
3390,2023-09-26,21,17,302,11050,3
6989,2024-01-28,4,15,302,9000,3
439,2023-02-12,10,19,302,34200,4
3205,2023-09-20,22,11,302,4400,5
6236,2024-01-02,14,16,302,5120,2
6929,2024-01-26,3,8,302,2000,3
8570,2024-03-21,4,12,302,7200,3
5298,2023-12-01,5,14,303,6300,2
8070,2024-03-04,3,18,303,4500,4
1933,2023-06-29,10,11,303,19800,4
5358,2023-12-02,6,15,303,18000,3
7671,2024-02-21,4,6,303,3600,3
8200,2024-03-08,3,15,303,3750,3
2233,2023-07-26,3,5,303,1250,4
3186,2023-09-19,24,18,303,9000,2
8785,2024-03-29,1,6,303,2100,3
263,2023-01-27,15,20,303,7000,5
656,2023-03-02,22,6,303,2400,3
2577,2023-08-28,24,18,303,9000,4
4794,2023-11-13,9,18,304,12600,4
9528,2024-06-15,4,6,304,3600,5
5266,2023-11-30,5,17,304,7650,2
5669,2023-12-13,8,13,304,9750,3
592,2023-02-26,1,19,304,6650,5
842,2023-03-18,1,9,304,3150,2
4245,2023-10-26,3,20,304,5000,4
8626,2024-03-23,3,18,304,4500,2
9681,2024-07-04,4,16,304,9600,3
9757,2024-07-15,3,11,304,2750,3
1312,2023-05-01,2,13,304,11700,5
8155,2024-03-07,1,13,304,4550,5
9903,2024-08-04,3,10,304,2500,3
5064,2023-11-23,1,8,305,2800,5
9245,2024-05-11,4,8,305,4800,3
5022,2023-11-21,6,20,305,24000,3
11,2023-01-02,14,7,305,2240,3
197,2023-01-22,2,15,305,13500,4
8360,2024-03-14,3,16,305,4000,4
5586,2023-12-10,4,15,305,9000,3
7795,2024-02-25,4,8,305,4800,4
9367,2024-05-25,2,10,305,9000,3
5062,2023-11-22,11,6,306,3300,2
7279,2024-02-08,3,7,306,1750,4
7920,2024-03-01,1,11,306,3850,4
1316,2023-05-01,11,6,306,3300,4
2288,2023-07-31,9,9,306,6300,5
3143,2023-09-18,23,18,306,4500,2
4475,2023-11-03,5,14,306,6300,3
9101,2024-04-28,3,20,306,5000,2
1421,2023-05-09,17,11,306,6600,5
3425,2023-09-27,23,8,306,2000,5
4770,2023-11-13,3,10,306,2500,2
7706,2024-02-23,1,9,306,3150,3
2333,2023-08-04,24,8,306,4000,2
9000,2024-04-17,3,14,306,3500,4
6031,2023-12-25,14,11,307,3520,2
10291,2024-09-20,4,13,307,7800,4
4403,2023-11-01,6,6,307,7200,3
4447,2023-11-02,7,15,307,22500,3
7976,2024-03-02,1,19,307,6650,3
8176,2024-03-08,1,7,307,2450,3
10114,2024-08-29,3,14,307,3500,3
3539,2023-10-01,21,5,307,3250,4
6645,2024-01-16,2,5,307,4500,2
7236,2024-02-07,1,12,307,4200,3
7421,2024-02-12,3,18,307,4500,5
8393,2024-03-15,3,13,307,3250,3
9647,2024-07-01,1,17,307,5950,4
660,2023-03-03,1,5,307,1750,2
4414,2023-11-01,9,11,307,7700,3
5341,2023-12-01,11,8,308,4400,3
6389,2024-01-07,14,10,308,3200,5
8792,2024-03-29,2,5,308,4500,5
5057,2023-11-22,9,10,308,7000,2
7163,2024-02-04,3,16,308,4000,5
869,2023-03-21,6,11,308,13200,2
5418,2023-12-04,7,12,308,18000,2
9423,2024-05-31,1,12,308,4200,4
7108,2024-02-02,2,16,308,14400,5
2874,2023-09-09,23,13,309,3250,2
5366,2023-12-02,8,5,309,3750,5
5696,2023-12-14,8,19,309,14250,5
8425,2024-03-16,4,18,309,10800,3
957,2023-03-30,21,14,309,9100,2
1071,2023-04-09,1,16,309,5600,2
3484,2023-09-29,22,8,309,3200,2
4137,2023-10-22,6,18,309,21600,5
4468,2023-11-03,2,14,309,12600,2
8483,2024-03-18,4,12,309,7200,3
4978,2023-11-19,10,10,309,18000,4
7025,2024-01-29,4,5,309,3000,2
5042,2023-11-22,3,11,310,2750,3
7431,2024-02-12,4,19,310,11400,4
8230,2024-03-09,3,5,310,1250,2
8664,2024-03-24,4,9,310,5400,5
10285,2024-09-20,2,20,310,18000,5
4488,2023-11-03,9,20,310,14000,3
387,2023-02-07,23,10,310,2500,4
1180,2023-04-19,18,11,310,4950,3
3227,2023-09-21,21,11,310,7150,3
4316,2023-10-28,7,13,310,19500,5
6071,2023-12-27,14,12,310,3840,2
9401,2024-05-28,4,14,310,8400,3
2234,2023-07-26,10,18,310,32400,5
6561,2024-01-13,2,12,310,10800,5
8817,2024-03-30,2,12,310,10800,5
9994,2024-08-13,3,16,311,4000,5
831,2023-03-17,3,15,311,3750,4
1808,2023-06-14,12,16,311,4800,3
4400,2023-11-01,6,7,311,8400,2
4628,2023-11-08,5,6,311,2700,2
6729,2024-01-19,2,15,311,13500,5
9186,2024-05-06,2,11,311,9900,4
8190,2024-03-08,2,11,312,9900,3
9535,2024-06-16,2,11,312,9900,3
7865,2024-02-28,2,7,312,6300,3
1260,2023-04-26,18,8,312,3600,5
3826,2023-10-10,7,6,312,9000,2
8133,2024-03-06,2,16,312,14400,3
8956,2024-04-12,4,9,312,5400,4
9470,2024-06-07,2,8,312,7200,3
4791,2023-11-13,8,12,313,9000,5
4902,2023-11-17,9,7,313,4900,5
2201,2023-07-23,2,16,313,14400,4
3353,2023-09-25,21,5,313,3250,2
2095,2023-07-14,14,14,313,4480,3
7459,2024-02-13,4,19,313,11400,3
2466,2023-08-18,24,10,313,5000,3
5163,2023-11-27,1,12,313,4200,3
1774,2023-06-10,14,12,314,3840,4
2961,2023-09-12,21,9,314,5850,4
5305,2023-12-01,6,17,314,20400,5
282,2023-01-29,17,18,314,10800,3
2860,2023-09-09,22,8,314,3200,4
8936,2024-04-09,4,7,314,4200,3
6953,2024-01-27,2,18,315,16200,3
4067,2023-10-19,4,11,315,6600,5
5580,2023-12-10,3,16,315,4000,4
2818,2023-09-07,24,13,315,6500,5
8736,2024-03-27,3,16,315,4000,3
8958,2024-04-12,4,5,315,3000,3
5500,2023-12-07,10,6,316,10800,4
614,2023-02-28,4,17,316,10200,3
1368,2023-05-04,25,19,316,11400,2
3961,2023-10-15,2,18,316,16200,4
7340,2024-02-10,3,9,316,2250,3
10185,2024-09-07,3,18,316,4500,5
560,2023-02-23,9,19,316,13300,4
3808,2023-10-09,11,15,316,8250,5
5572,2023-12-09,11,5,316,2750,5
9873,2024-08-01,3,13,316,3250,4
10092,2024-08-26,3,12,316,3000,5
7039,2024-01-30,3,6,317,1500,3
2281,2023-07-30,18,8,317,3600,5
1162,2023-04-17,15,11,317,3850,2
1416,2023-05-09,10,5,317,9000,2
3185,2023-09-19,24,6,317,3000,4
4873,2023-11-16,4,13,317,7800,4
7800,2024-02-26,2,10,318,9000,4
10351,2024-09-27,4,8,318,4800,3
615,2023-02-28,5,12,318,5400,5
2343,2023-08-06,24,17,318,8500,3
3044,2023-09-15,23,14,318,3500,5
6944,2024-01-27,1,5,318,1750,2
7151,2024-02-04,1,13,318,4550,4
8045,2024-03-03,3,14,318,3500,3
8471,2024-03-18,2,7,318,6300,5
2132,2023-07-17,26,9,318,8100,2
3068,2023-09-16,21,15,318,9750,2
4023,2023-10-17,9,15,318,10500,2
6916,2024-01-26,1,7,318,2450,3
1029,2023-04-05,11,9,318,4950,2
1530,2023-05-19,12,18,318,5400,4
1082,2023-04-09,15,6,319,2100,3
1241,2023-04-24,27,20,319,4000,4
4649,2023-11-09,1,14,319,4900,3
5308,2023-12-01,6,16,319,19200,4
6488,2024-01-10,14,14,319,4480,4
9277,2024-05-14,4,13,319,7800,2
500,2023-02-17,24,18,319,9000,4
565,2023-02-23,22,12,319,4800,5
2339,2023-08-05,24,19,319,9500,3
9641,2024-06-30,2,14,319,12600,5
4842,2023-11-15,2,14,320,12600,5
7937,2024-03-01,2,18,320,16200,5
1843,2023-06-17,17,9,320,5400,5
2013,2023-07-06,15,15,320,5250,3
2888,2023-09-09,24,9,320,4500,3
4827,2023-11-14,10,15,320,27000,2
8294,2024-03-12,1,19,320,6650,5
8745,2024-03-27,4,8,320,4800,3
9627,2024-06-28,2,8,320,7200,5
7995,2024-03-02,2,7,320,6300,4
9459,2024-06-05,3,13,320,3250,4
9793,2024-07-20,3,19,320,4750,2
5031,2023-11-21,10,20,321,36000,5
10374,2024-09-30,3,16,321,4000,3
9394,2024-05-27,3,14,321,3500,5
2307,2023-08-02,10,17,321,30600,5
6286,2024-01-03,14,5,321,1600,2
7341,2024-02-10,3,6,322,1500,5
2265,2023-07-29,8,20,322,15000,5
5779,2023-12-18,1,18,322,6300,2
6856,2024-01-23,4,16,322,9600,3
8301,2024-03-12,2,6,322,5400,3
976,2023-03-31,22,5,322,2000,2
4924,2023-11-18,5,20,322,9000,3
6952,2024-01-27,2,6,322,5400,5
7845,2024-02-27,3,6,322,1500,5
8939,2024-04-10,2,10,322,9000,2
6867,2024-01-24,2,16,322,14400,5
5126,2023-11-25,9,11,323,7700,2
6560,2024-01-13,1,10,323,3500,3
6937,2024-01-26,3,13,323,3250,3
7158,2024-02-04,2,16,323,14400,5
8344,2024-03-14,1,14,323,4900,3
9916,2024-08-05,3,14,323,3500,2
9303,2024-05-17,3,15,323,3750,5
10207,2024-09-11,2,13,323,11700,3
4825,2023-11-14,9,13,323,9100,5
2348,2023-08-06,24,12,323,6000,4
6684,2024-01-17,3,12,324,3000,2
7085,2024-02-01,2,18,324,16200,5
4713,2023-11-11,2,5,324,4500,5
5568,2023-12-09,10,16,324,28800,2
7164,2024-02-04,3,17,324,4250,4
3018,2023-09-14,23,9,324,2250,3
6396,2024-01-07,14,12,324,3840,3
8389,2024-03-15,2,13,324,11700,3
5933,2023-12-22,14,10,325,3200,3
9396,2024-05-28,1,19,325,6650,5
9858,2024-07-30,1,18,325,6300,2
2034,2023-07-08,12,5,325,1500,4
4021,2023-10-17,9,7,325,4900,4
7633,2024-02-20,1,9,325,3150,4
2575,2023-08-28,24,20,325,10000,5
4711,2023-11-11,2,20,325,18000,4
7456,2024-02-13,4,14,325,8400,3
7531,2024-02-16,4,18,325,10800,3
10097,2024-08-27,1,14,325,4900,4
5813,2023-12-18,11,13,325,7150,4
6034,2023-12-26,14,5,326,1600,4
6324,2024-01-04,14,20,326,6400,4
8552,2024-03-21,1,10,326,3500,2
2830,2023-09-08,21,15,326,9750,3
3062,2023-09-15,24,6,326,3000,4
4054,2023-10-18,11,14,326,7700,3
4394,2023-11-01,4,15,326,9000,2
3386,2023-09-26,21,18,326,11700,2
8460,2024-03-17,4,19,326,11400,2
9431,2024-05-31,4,13,326,7800,4
9818,2024-07-23,4,6,326,3600,3
3363,2023-09-25,22,9,326,3600,3
4689,2023-11-10,7,5,326,7500,4
5746,2023-12-16,9,19,327,13300,2
4992,2023-11-20,4,13,327,7800,2
5075,2023-11-23,7,9,327,13500,5
9928,2024-08-06,4,8,327,4800,4
1270,2023-04-27,14,6,327,1920,3
1454,2023-05-12,18,15,327,6750,4
4107,2023-10-21,2,14,327,12600,2
4133,2023-10-22,3,20,327,5000,2
1265,2023-04-27,4,20,327,12000,3
5218,2023-11-28,10,11,328,19800,5
7715,2024-02-23,2,9,328,8100,2
8233,2024-03-09,4,9,328,5400,3
1732,2023-06-06,16,9,328,4500,4
8892,2024-04-04,1,10,328,3500,4
2664,2023-09-02,24,11,328,5500,5
4423,2023-11-01,11,16,328,8800,2
5265,2023-11-30,4,16,328,9600,4
10362,2024-09-29,2,9,328,8100,2
1222,2023-04-23,6,14,328,16800,3
10355,2024-09-28,3,9,328,2250,3
6384,2024-01-06,14,19,329,6080,3
7526,2024-02-16,2,13,329,11700,2
4386,2023-10-31,10,5,329,9000,4
6272,2024-01-03,14,19,329,6080,5
3992,2023-10-16,6,9,329,10800,5
5224,2023-11-29,4,7,329,4200,2
9315,2024-05-19,3,6,329,1500,4
318,2023-01-31,27,17,329,3400,2
567,2023-02-23,25,11,329,6600,2
2335,2023-08-04,24,18,329,9000,5
4831,2023-11-14,11,8,329,4400,3
7507,2024-02-15,3,20,329,5000,3
10159,2024-09-05,1,5,329,1750,3
9649,2024-07-01,2,14,330,12600,3
1794,2023-06-12,2,19,330,17100,5
9037,2024-04-20,4,11,330,6600,3
9402,2024-05-28,4,18,330,10800,3
2989,2023-09-13,22,17,330,6800,4
9971,2024-08-11,2,18,330,16200,3
6,2023-01-01,21,8,330,5200,2
6104,2023-12-28,14,13,330,4160,4
6654,2024-01-16,3,20,330,5000,3
7784,2024-02-25,4,19,330,11400,4
8479,2024-03-18,2,20,331,18000,3
3777,2023-10-09,1,19,331,6650,2
5545,2023-12-09,1,16,331,5600,4
7041,2024-01-30,3,18,331,4500,5
3181,2023-09-19,23,15,331,3750,3
5512,2023-12-08,2,18,331,16200,5
8281,2024-03-11,4,17,331,10200,3
9145,2024-05-02,2,9,331,8100,2
5258,2023-11-30,2,20,332,18000,3
7651,2024-02-20,4,12,332,7200,2
9014,2024-04-18,4,13,332,7800,5
9323,2024-05-20,1,13,332,4550,4
1654,2023-06-01,2,11,332,9900,3
4208,2023-10-24,7,17,332,25500,4
7344,2024-02-10,3,14,332,3500,2
8328,2024-03-13,2,17,332,15300,2
4741,2023-11-12,3,17,333,4250,5
6404,2024-01-07,14,8,333,2560,4
6361,2024-01-06,14,15,333,4800,3
6674,2024-01-17,2,18,333,16200,5
374,2023-02-06,10,11,333,19800,5
730,2023-03-08,23,10,333,2500,2
996,2023-04-02,14,10,333,3200,4
2178,2023-07-21,16,14,333,7000,5
8461,2024-03-17,4,18,333,10800,3
8925,2024-04-08,2,19,334,17100,3
9181,2024-05-05,4,12,334,7200,3
1140,2023-04-14,18,6,334,2700,4
2694,2023-09-03,24,13,334,6500,5
6114,2023-12-28,14,12,334,3840,5
7807,2024-02-26,2,16,334,14400,4
8822,2024-03-30,3,19,334,4750,4
9418,2024-05-30,3,15,334,3750,3
2612,2023-09-01,24,17,334,8500,3
2668,2023-09-03,24,17,334,8500,5
2733,2023-09-05,24,12,334,6000,4
3369,2023-09-25,23,9,334,2250,5
4362,2023-10-30,7,12,334,18000,4
6452,2024-01-09,14,14,334,4480,3
4540,2023-11-05,4,19,334,11400,3
4879,2023-11-16,6,15,334,18000,4
6427,2024-01-08,14,16,334,5120,3
8005,2024-03-02,3,15,335,3750,3
6675,2024-01-17,2,6,335,5400,5
8750,2024-03-28,1,20,335,7000,5
9504,2024-06-12,2,11,335,9900,5
1526,2023-05-19,2,5,335,4500,3
10115,2024-08-29,4,14,335,8400,5
6552,2024-01-12,4,13,335,7800,4
465,2023-02-15,5,7,336,3150,5
6879,2024-01-24,4,8,336,4800,5
8985,2024-04-15,4,19,336,11400,2
1398,2023-05-08,6,19,336,22800,2
3084,2023-09-16,24,14,336,7000,4
8581,2024-03-22,1,11,336,3850,3
8659,2024-03-24,4,6,336,3600,5
7614,2024-02-19,2,14,337,12600,2
7956,2024-03-01,4,15,337,9000,5
9626,2024-06-28,1,6,337,2100,3
6241,2024-01-02,14,18,337,5760,3
705,2023-03-06,6,16,337,19200,4
4022,2023-10-17,9,14,337,9800,4
4810,2023-11-14,4,17,337,10200,4
6122,2023-12-28,14,20,337,6400,2
6961,2024-01-27,3,7,337,1750,5
7929,2024-03-01,2,18,337,16200,2
7652,2024-02-21,1,10,338,3500,3
9134,2024-05-01,3,5,338,1250,5
9985,2024-08-12,3,6,338,1500,2
962,2023-03-31,2,8,338,7200,3
6701,2024-01-18,2,19,338,17100,4
5428,2023-12-04,11,13,338,7150,3
6162,2023-12-30,14,5,338,1600,3
10044,2024-08-20,4,18,338,10800,3
2904,2023-09-10,22,6,338,2400,2
6074,2023-12-27,14,6,339,1920,4
188,2023-01-21,15,14,339,4900,5
945,2023-03-29,28,6,339,1800,4
2112,2023-07-16,13,12,339,5400,2
4363,2023-10-30,7,6,339,9000,2
5331,2023-12-01,10,10,339,18000,4
6375,2024-01-06,14,5,339,1600,4
308,2023-01-31,6,14,339,16800,5
6167,2023-12-30,14,6,339,1920,4
4748,2023-11-12,5,7,340,3150,3
2103,2023-07-15,18,17,340,7650,2
3059,2023-09-15,24,18,340,9000,2
5019,2023-11-21,5,8,340,3600,3
7612,2024-02-19,2,13,340,11700,3
2801,2023-09-07,24,10,340,5000,5
7782,2024-02-25,3,12,340,3000,5
8053,2024-03-04,1,13,340,4550,2
9661,2024-07-01,4,12,340,7200,5
5390,2023-12-03,4,8,341,4800,4
6859,2024-01-24,1,14,341,4900,4
20,2023-01-03,8,6,341,4500,3
8679,2024-03-25,2,18,341,16200,5
10,2023-01-02,4,14,341,8400,2
547,2023-02-22,15,8,341,2800,5
1033,2023-04-05,25,20,341,12000,3
2588,2023-08-30,24,10,341,5000,2
5026,2023-11-21,8,6,342,4500,5
8578,2024-03-22,1,8,342,2800,2
5963,2023-12-23,14,14,342,4480,3
8640,2024-03-24,1,6,342,2100,3
5312,2023-12-01,7,12,342,18000,4
6302,2024-01-04,14,7,342,2240,3
8575,2024-03-22,1,20,343,7000,3
10179,2024-09-07,1,18,343,6300,2
2043,2023-07-09,8,11,343,8250,4
2156,2023-07-20,8,17,343,12750,2
7030,2024-01-30,2,6,343,5400,5
7475,2024-02-14,2,18,343,16200,2
1829,2023-06-15,28,6,343,1800,5
3213,2023-09-20,24,16,343,8000,5
4712,2023-11-11,2,14,343,12600,3
9816,2024-07-23,3,8,343,2000,4
10026,2024-08-18,3,5,344,1250,5
8888,2024-04-03,3,15,344,3750,2
3211,2023-09-20,23,15,344,3750,5
7808,2024-02-26,2,6,344,5400,2
8100,2024-03-05,2,18,344,16200,5
2605,2023-08-31,24,18,344,9000,5
3723,2023-10-06,11,14,344,7700,5
3979,2023-10-15,10,19,344,34200,5
4877,2023-11-16,5,8,344,3600,2
5524,2023-12-08,6,16,344,19200,4
9609,2024-06-25,3,18,344,4500,4
8332,2024-03-13,3,11,345,2750,5
3517,2023-09-30,23,9,345,2250,5
3764,2023-10-08,2,13,345,11700,3
7649,2024-02-20,4,16,345,9600,2
9940,2024-08-08,1,16,345,5600,5
9866,2024-07-31,2,7,345,6300,2
4756,2023-11-12,8,10,345,7500,3
8534,2024-03-20,2,13,345,11700,3
10263,2024-09-18,2,12,345,10800,5
5458,2023-12-06,4,10,346,6000,5
6423,2024-01-08,14,11,346,3520,5
2521,2023-08-23,24,6,346,3000,4
9719,2024-07-10,1,14,346,4900,3
5576,2023-12-09,11,20,346,11000,3
6033,2023-12-25,14,12,346,3840,4
6979,2024-01-28,3,15,346,3750,4
9749,2024-07-14,2,16,346,14400,4
3673,2023-10-05,6,20,346,24000,3
9447,2024-06-04,2,10,346,9000,5
4630,2023-11-08,5,15,347,6750,4
7725,2024-02-23,3,14,347,3500,5
8720,2024-03-27,1,19,347,6650,5
8897,2024-04-04,3,7,347,1750,3
2704,2023-09-04,24,12,347,6000,3
1292,2023-04-28,26,10,347,9000,3
1429,2023-05-10,8,17,347,12750,2
7011,2024-01-29,2,20,347,18000,5
6758,2024-01-20,2,11,347,9900,4
6333,2024-01-05,14,19,348,6080,3
6614,2024-01-15,1,18,348,6300,5
7003,2024-01-29,2,19,348,17100,5
9461,2024-06-05,3,19,348,4750,2
2552,2023-08-26,24,13,348,6500,3
5068,2023-11-23,2,11,348,9900,2
9646,2024-07-01,1,5,348,1750,3
624,2023-03-01,1,13,348,4550,3
4197,2023-10-24,4,17,348,10200,4
1867,2023-06-21,1,7,349,2450,4
2844,2023-09-08,24,12,349,6000,4
10177,2024-09-06,4,20,349,12000,3
2655,2023-09-02,24,16,349,8000,2
3434,2023-09-27,24,10,349,5000,2
8388,2024-03-15,2,19,349,17100,2
9526,2024-06-15,4,12,349,7200,5
10205,2024-09-10,4,14,349,8400,2
7543,2024-02-17,1,12,350,4200,3
619,2023-02-28,23,20,350,5000,5
5036,2023-11-22,1,8,350,2800,3
6942,2024-01-26,4,7,350,4200,4
9819,2024-07-23,4,6,350,3600,3
1355,2023-05-04,3,8,350,2000,5
8721,2024-03-27,1,18,350,6300,2
9844,2024-07-27,4,12,350,7200,4
9488,2024-06-10,1,15,351,5250,3
2040,2023-07-08,28,13,351,3900,2
7268,2024-02-08,2,5,351,4500,4
552,2023-02-22,26,12,351,10800,3
1997,2023-07-04,25,17,351,10200,3
3910,2023-10-13,6,14,351,16800,4
8493,2024-03-19,1,11,351,3850,5
4969,2023-11-19,6,10,352,12000,5
7075,2024-01-31,4,8,352,4800,3
7618,2024-02-19,3,5,352,1250,4
9837,2024-07-26,4,16,352,9600,4
243,2023-01-25,16,8,352,4000,5
5887,2023-12-21,14,6,352,1920,5
9774,2024-07-18,3,15,352,3750,4
2073,2023-07-12,9,7,352,4900,3
5338,2023-12-01,11,10,352,5500,4
7276,2024-02-08,2,17,352,15300,3
10103,2024-08-28,1,14,352,4900,4
2305,2023-08-01,24,5,352,2500,3
7295,2024-02-09,1,15,352,5250,2
4916,2023-11-18,3,16,353,4000,3
1151,2023-04-15,23,19,353,4750,2
1894,2023-06-24,10,13,353,23400,4
3838,2023-10-10,11,20,353,11000,2
1319,2023-05-01,14,7,353,2240,2
4017,2023-10-17,7,18,353,27000,2
8035,2024-03-03,2,6,353,5400,5
6934,2024-01-26,3,6,354,1500,3
7792,2024-02-25,4,16,354,9600,2
773,2023-03-12,1,20,354,7000,2
2927,2023-09-10,24,12,354,6000,2
5203,2023-11-28,3,18,354,4500,2
6568,2024-01-13,2,6,354,5400,2
7913,2024-03-01,1,20,354,7000,4
8948,2024-04-11,2,7,354,6300,2
6515,2024-01-11,4,10,354,6000,5
9761,2024-07-16,2,20,354,18000,5
7178,2024-02-05,1,8,355,2800,4
1810,2023-06-14,15,19,355,6650,4
6817,2024-01-22,2,14,355,12600,2
8126,2024-03-06,1,14,355,4900,4
10387,2024-10-01,3,17,355,4250,5
1698,2023-06-04,10,10,355,18000,2
6386,2024-01-07,14,9,355,2880,5
6970,2024-01-28,1,15,355,5250,3
562,2023-02-23,16,19,355,9500,2
710,2023-03-06,28,20,355,6000,4
9390,2024-05-27,1,10,355,3500,4
10359,2024-09-28,4,13,356,7800,5
4729,2023-11-11,10,19,356,34200,3
7973,2024-03-02,1,14,356,4900,2
1256,2023-04-26,16,7,356,3500,4
3495,2023-09-29,23,12,356,3000,2
9128,2024-05-01,2,13,356,11700,5
9645,2024-06-30,4,12,356,7200,4
10015,2024-08-16,1,18,356,6300,4
1343,2023-05-03,4,10,356,6000,5
1538,2023-05-20,7,18,356,27000,4
6601,2024-01-14,3,19,356,4750,3
7203,2024-02-06,1,10,356,3500,3
8973,2024-04-14,3,17,356,4250,4
8440,2024-03-17,1,13,357,4550,2
10033,2024-08-19,3,8,357,2000,2
4442,2023-11-02,5,5,357,2250,5
7266,2024-02-08,2,19,357,17100,5
8209,2024-03-08,4,7,357,4200,4
1505,2023-05-17,10,13,357,23400,4
2039,2023-07-08,26,20,357,18000,2
2768,2023-09-06,24,7,357,3500,2
7113,2024-02-02,3,5,357,1250,3
9539,2024-06-17,2,19,357,17100,2
9889,2024-08-03,3,9,357,2250,2
5024,2023-11-21,7,15,358,22500,3
10279,2024-09-19,4,7,358,4200,5
5437,2023-12-05,2,8,358,7200,2
7244,2024-02-07,2,17,358,15300,2
2454,2023-08-16,24,20,358,10000,5
2403,2023-08-11,24,11,358,5500,2
2785,2023-09-06,24,11,358,5500,3
6619,2024-01-15,2,14,359,12600,3
9891,2024-08-03,4,18,359,10800,2
2557,2023-08-27,24,7,359,3500,4
7423,2024-02-12,3,17,359,4250,5
4149,2023-10-22,10,19,359,34200,5
6183,2023-12-31,14,20,359,6400,4
6734,2024-01-19,3,9,359,2250,5
879,2023-03-22,10,16,359,28800,4
1382,2023-05-06,13,18,359,8100,5
7119,2024-02-02,4,14,359,8400,4
7194,2024-02-05,4,7,360,4200,2
4209,2023-10-24,8,10,360,7500,5
4312,2023-10-28,5,12,360,5400,3
4840,2023-11-15,2,11,360,9900,4
9448,2024-06-04,2,15,360,13500,2
1286,2023-04-28,13,14,360,6300,5
4853,2023-11-15,8,12,360,9000,3
4260,2023-10-26,10,10,360,18000,2
9449,2024-06-04,3,17,360,4250,5
10117,2024-08-30,1,11,360,3850,4
10381,2024-10-01,1,17,360,5950,3
6017,2023-12-25,14,6,361,1920,2
6503,2024-01-11,2,6,361,5400,4
8400,2024-03-15,4,12,361,7200,4
8660,2024-03-24,4,14,361,8400,2
833,2023-03-17,6,5,361,6000,5
4821,2023-11-14,8,19,361,14250,5
9406,2024-05-29,1,6,361,2100,5
9988,2024-08-12,4,20,361,12000,5
561,2023-02-23,11,10,361,5500,2
856,2023-03-19,18,6,361,2700,2
2425,2023-08-14,24,16,361,8000,4
9716,2024-07-09,4,12,361,7200,5
1249,2023-04-25,20,13,361,10400,3
4687,2023-11-10,6,16,361,19200,3
6556,2024-01-13,1,6,361,2100,2
7336,2024-02-10,2,17,362,15300,4
8036,2024-03-03,2,9,362,8100,4
975,2023-03-31,21,14,362,9100,4
9040,2024-04-21,3,17,362,4250,5
279,2023-01-29,12,19,362,5700,4
4157,2023-10-22,11,19,362,10450,5
5677,2023-12-14,1,9,362,3150,2
5724,2023-12-16,1,18,362,6300,5
6533,2024-01-12,3,18,362,4500,4
8519,2024-03-19,3,7,362,1750,2
1229,2023-04-23,22,12,362,4800,3
1279,2023-04-28,6,13,362,15600,4
2833,2023-09-08,22,18,362,7200,3
5091,2023-11-24,1,14,362,4900,4
10383,2024-10-01,2,12,362,10800,4
9095,2024-04-27,4,10,363,6000,5
959,2023-03-30,25,5,363,3000,5
4575,2023-11-06,5,18,363,8100,5
5072,2023-11-23,6,15,363,18000,5
5370,2023-12-02,9,16,363,11200,4
522,2023-02-20,15,10,363,3500,5
739,2023-03-09,11,16,363,8800,4
2214,2023-07-24,13,9,363,4050,5
4081,2023-10-19,11,13,363,7150,3
5928,2023-12-22,14,9,363,2880,3
15,2023-01-02,25,19,363,11400,4
5316,2023-12-01,8,6,363,4500,3
7393,2024-02-11,4,9,363,5400,3
7599,2024-02-18,4,12,363,7200,4
4967,2023-11-19,6,12,364,14400,2
7243,2024-02-07,2,19,364,17100,5
9229,2024-05-10,2,16,364,14400,2
755,2023-03-10,22,19,364,7600,3
1944,2023-07-01,1,5,364,1750,2
4776,2023-11-13,4,8,364,4800,5
9632,2024-06-29,2,8,364,7200,3
98,2023-01-12,3,17,364,4250,5
7023,2024-01-29,4,19,365,11400,3
4889,2023-11-17,2,17,365,15300,2
9656,2024-07-01,4,9,365,5400,5
6470,2024-01-10,14,13,365,4160,2
7396,2024-02-12,1,14,365,4900,4
9522,2024-06-15,2,16,366,14400,2
8542,2024-03-20,4,5,366,3000,3
2741,2023-09-05,24,10,366,5000,5
5675,2023-12-13,11,20,366,11000,3
227,2023-01-24,14,7,366,2240,4
4202,2023-10-24,5,12,366,5400,2
5939,2023-12-22,14,15,366,4800,4
4715,2023-11-11,4,10,367,6000,3
7748,2024-02-24,3,5,367,1250,3
9340,2024-05-23,1,10,367,3500,2
9814,2024-07-23,3,6,367,1500,5
2546,2023-08-26,24,5,367,2500,5
2697,2023-09-04,24,20,367,10000,2
10379,2024-09-30,4,13,367,7800,4
2995,2023-09-13,23,14,367,3500,4
6461,2024-01-09,14,14,367,4480,3
6586,2024-01-13,4,15,367,9000,2
7400,2024-02-12,1,17,367,5950,2
128,2023-01-15,20,17,367,13600,4
2492,2023-08-21,24,18,367,9000,5
4854,2023-11-15,8,13,367,9750,2
7803,2024-02-26,2,14,367,12600,4
2157,2023-07-20,8,19,368,14250,4
5667,2023-12-13,8,5,368,3750,4
7613,2024-02-19,2,18,368,16200,4
3179,2023-09-19,23,10,368,2500,3
3288,2023-09-22,24,6,368,3000,3
4047,2023-10-18,9,8,368,5600,3
5397,2023-12-03,6,15,368,18000,3
7029,2024-01-30,1,14,368,4900,5
7932,2024-03-01,2,15,368,13500,2
9492,2024-06-10,3,10,368,2500,2
1412,2023-05-09,4,10,368,6000,2
5839,2023-12-19,14,8,368,2560,2
9894,2024-08-03,4,19,368,11400,2
4864,2023-11-15,11,7,369,3850,4
6263,2024-01-03,14,11,369,3520,2
9119,2024-05-01,1,9,369,3150,3
9437,2024-06-02,1,6,369,2100,3
10094,2024-08-27,1,18,369,6300,5
4361,2023-10-30,5,14,369,6300,4
6717,2024-01-18,4,8,369,4800,3
8029,2024-03-03,1,6,369,2100,4
254,2023-01-26,20,19,369,15200,2
3731,2023-10-07,2,9,369,8100,4
5984,2023-12-24,14,13,369,4160,2
9508,2024-06-13,1,8,369,2800,2
4285,2023-10-27,8,6,369,4500,3
5369,2023-12-02,9,10,369,7000,3
6513,2024-01-11,4,15,370,9000,4
4974,2023-11-19,7,15,370,22500,4
6523,2024-01-12,1,5,370,1750,5
6662,2024-01-16,4,9,370,5400,4
6959,2024-01-27,3,14,370,3500,5
7561,2024-02-17,3,13,370,3250,3
168,2023-01-18,28,20,370,6000,3
2350,2023-08-06,24,5,370,2500,2
3899,2023-10-13,2,11,370,9900,3
5420,2023-12-04,8,18,370,13500,4
302,2023-01-30,23,14,370,3500,5
3228,2023-09-21,21,19,370,12350,2
6894,2024-01-25,2,13,370,11700,5
10171,2024-09-06,1,14,371,4900,2
8134,2024-03-06,2,17,371,15300,3
2932,2023-09-10,24,7,371,3500,3
917,2023-03-26,19,18,371,5400,4
10194,2024-09-09,2,5,371,4500,4
7888,2024-02-29,2,16,372,14400,5
838,2023-03-17,18,10,372,4500,5
1920,2023-06-28,12,5,372,1500,2
3267,2023-09-22,22,10,372,4000,5
5132,2023-11-25,11,20,372,11000,4
1775,2023-06-10,20,5,372,4000,4
1781,2023-06-11,4,11,372,6600,4
2287,2023-07-31,9,9,372,6300,4
2568,2023-08-28,24,20,372,10000,4
5233,2023-11-29,6,13,372,15600,3
6132,2023-12-29,14,14,372,4480,5
2526,2023-08-24,24,8,372,4000,3
2975,2023-09-12,24,8,372,4000,4
3870,2023-10-12,4,11,372,6600,3
6757,2024-01-20,2,20,372,18000,3
7485,2024-02-14,4,7,372,4200,4
7809,2024-02-26,3,14,372,3500,4
8743,2024-03-27,4,13,372,7800,5
9160,2024-05-04,1,10,372,3500,5
9310,2024-05-18,3,6,372,1500,5
3690,2023-10-05,9,19,373,13300,4
9023,2024-04-19,2,8,373,7200,3
6445,2024-01-08,14,10,373,3200,4
6783,2024-01-21,1,15,373,5250,3
326,2023-02-01,12,16,373,4800,5
3236,2023-09-21,22,10,373,4000,3
3938,2023-10-14,4,12,373,7200,5
5401,2023-12-03,9,19,373,13300,3
6230,2024-01-01,14,19,373,6080,5
8250,2024-03-10,2,20,373,18000,2
8920,2024-04-07,1,10,373,3500,3
9856,2024-07-29,3,15,374,3750,3
1271,2023-04-27,17,9,374,5400,3
3107,2023-09-17,23,11,374,2750,2
3289,2023-09-22,24,9,374,4500,2
3710,2023-10-06,7,19,374,28500,4
9580,2024-06-22,2,13,374,11700,5
2349,2023-08-06,24,5,374,2500,4
9927,2024-08-06,2,7,374,6300,2
1716,2023-06-05,12,19,374,5700,5
4951,2023-11-19,1,20,374,7000,5
7037,2024-01-30,2,20,374,18000,3
8988,2024-04-16,2,8,374,7200,2
9467,2024-06-06,4,7,375,4200,4
9479,2024-06-08,3,8,375,2000,2
890,2023-03-23,14,11,375,3520,2
5475,2023-12-07,1,9,375,3150,4
5848,2023-12-19,14,18,375,5760,3
6357,2024-01-05,14,11,375,3520,4
8818,2024-03-30,2,5,375,4500,5
9052,2024-04-22,4,8,375,4800,2
33,2023-01-04,5,7,375,3150,5
726,2023-03-08,2,18,375,16200,3
820,2023-03-16,3,5,375,1250,2
3850,2023-10-11,6,8,375,9600,5
5763,2023-12-17,5,10,375,4500,4
9305,2024-05-17,3,14,375,3500,3
6366,2024-01-06,14,20,376,6400,5
6644,2024-01-16,1,14,376,4900,2
9484,2024-06-09,2,18,376,16200,2
775,2023-03-12,4,5,376,3000,2
1971,2023-07-02,20,19,376,15200,2
2257,2023-07-28,14,8,376,2560,4
7394,2024-02-12,1,17,376,5950,2
8300,2024-03-12,2,6,376,5400,3
9511,2024-06-13,3,11,376,2750,3
1425,2023-05-09,28,12,376,3600,5
2911,2023-09-10,22,19,376,7600,3
5260,2023-11-30,3,14,376,3500,5
5463,2023-12-06,5,10,376,4500,2
9360,2024-05-24,4,17,376,10200,4
1522,2023-05-18,18,12,376,5400,4
7031,2024-01-30,2,9,377,8100,4
1683,2023-06-03,5,19,377,8550,4
1706,2023-06-04,17,6,377,3600,4
9765,2024-07-17,2,20,377,18000,4
10077,2024-08-24,2,15,377,13500,4
5083,2023-11-23,9,10,377,7000,5
6415,2024-01-08,14,8,377,2560,2
7870,2024-02-28,3,18,377,4500,3
6902,2024-01-25,3,20,378,5000,5
9709,2024-07-08,4,17,378,10200,4
589,2023-02-25,24,13,378,6500,4
8055,2024-03-04,1,11,378,3850,3
9548,2024-06-18,1,15,378,5250,3
1566,2023-05-22,28,18,378,5400,5
3171,2023-09-19,22,16,378,6400,4
7063,2024-01-31,3,12,378,3000,5
8961,2024-04-13,1,16,378,5600,4
8998,2024-04-17,1,18,378,6300,3
9150,2024-05-03,1,9,378,3150,3
148,2023-01-17,9,17,378,11900,4
3966,2023-10-15,4,8,378,4800,5
7328,2024-02-10,1,7,378,2450,2
9972,2024-08-11,2,5,378,4500,3
2152,2023-07-19,24,8,379,4000,2
7186,2024-02-05,2,19,379,17100,3
7880,2024-02-28,4,17,379,10200,2
1789,2023-06-11,14,12,379,3840,3
2213,2023-07-24,10,10,379,18000,3
6861,2024-01-24,1,8,379,2800,2
5563,2023-12-09,7,20,379,30000,4
7989,2024-03-02,2,5,379,4500,5
10146,2024-09-03,4,16,379,9600,5
8777,2024-03-28,4,9,380,5400,2
1705,2023-06-04,17,14,380,8400,3
2748,2023-09-05,24,11,380,5500,4
5342,2023-12-01,11,20,380,11000,5
6151,2023-12-29,14,13,380,4160,3
8118,2024-03-05,4,10,380,6000,3
8549,2024-03-21,1,9,380,3150,4
8877,2024-04-02,1,8,380,2800,2
8342,2024-03-14,1,15,381,5250,5
846,2023-03-18,7,13,381,19500,2
4323,2023-10-28,9,8,381,5600,4
6344,2024-01-05,14,5,381,1600,3
5303,2023-12-01,5,8,382,3600,2
5831,2023-12-19,10,9,382,16200,3
9518,2024-06-14,4,9,382,5400,5
5790,2023-12-18,4,7,382,4200,3
7324,2024-02-10,1,12,382,4200,2
9836,2024-07-26,4,12,382,7200,4
1073,2023-04-09,2,11,382,9900,4
2724,2023-09-05,24,15,382,7500,3
8830,2024-03-30,4,20,382,12000,5
10289,2024-09-20,3,9,382,2250,4
9053,2024-04-22,4,20,383,12000,3
6227,2024-01-01,14,10,383,3200,3
8509,2024-03-19,2,10,383,9000,4
119,2023-01-14,18,5,383,2250,5
1451,2023-05-12,14,5,383,1600,3
2402,2023-08-11,24,13,383,6500,2
3103,2023-09-17,23,9,383,2250,5
5966,2023-12-23,14,16,383,5120,3
9141,2024-05-01,4,6,383,3600,4
8984,2024-04-15,4,9,384,5400,3
8398,2024-03-15,4,13,384,7800,4
10053,2024-08-22,1,17,384,5950,4
6840,2024-01-23,2,16,384,14400,4
8069,2024-03-04,3,14,385,3500,3
24,2023-01-03,13,15,385,6750,5
1020,2023-04-04,1,20,385,7000,3
6762,2024-01-20,3,13,385,3250,3
2142,2023-07-18,25,7,385,4200,3
3947,2023-10-14,8,7,385,5250,4
4148,2023-10-22,9,14,385,9800,2
7687,2024-02-22,1,8,385,2800,2
6695,2024-01-18,1,9,385,3150,5
294,2023-01-30,9,16,386,11200,5
3066,2023-09-16,21,18,386,11700,4
4669,2023-11-09,9,9,386,6300,2
4941,2023-11-18,10,7,386,12600,3
6590,2024-01-14,1,5,386,1750,3
8161,2024-03-07,2,8,386,7200,3
10144,2024-09-03,3,10,386,2500,3
1637,2023-05-30,10,11,386,19800,5
3782,2023-10-09,2,17,386,15300,4
4508,2023-11-04,6,20,386,24000,5
4851,2023-11-15,7,20,386,30000,2
7566,2024-02-17,4,7,386,4200,2
8484,2024-03-18,4,16,386,9600,3
9776,2024-07-18,4,18,386,10800,4
2460,2023-08-17,24,14,386,7000,4
8325,2024-03-13,2,20,386,18000,5
9121,2024-05-01,2,9,386,8100,2
7756,2024-02-24,4,11,387,6600,5
1542,2023-05-21,1,6,387,2100,3
5694,2023-12-14,8,6,387,4500,4
5837,2023-12-19,14,5,387,1600,5
9597,2024-06-24,1,17,387,5950,4
5107,2023-11-24,10,11,388,19800,2
8453,2024-03-17,3,17,388,4250,5
8462,2024-03-17,4,11,388,6600,2
9327,2024-05-20,4,9,388,5400,2
9791,2024-07-20,2,15,388,13500,3
514,2023-02-19,28,13,388,3900,3
2869,2023-09-09,22,12,388,4800,3
9060,2024-04-23,3,13,388,3250,2
10085,2024-08-25,4,18,388,10800,5
1831,2023-06-16,4,12,388,7200,2
10378,2024-09-30,4,6,388,3600,4
4593,2023-11-07,1,11,388,3850,3
8746,2024-03-28,1,5,388,1750,5
9941,2024-08-08,2,5,388,4500,3
5151,2023-11-26,5,16,389,7200,2
9936,2024-08-07,3,13,389,3250,3
5380,2023-12-03,2,9,389,8100,2
8901,2024-04-04,4,8,389,4800,3
9324,2024-05-20,2,17,390,15300,5
746,2023-03-09,22,9,390,3600,5
2406,2023-08-12,24,17,390,8500,3
3881,2023-10-12,7,8,390,12000,5
4785,2023-11-13,7,9,390,13500,3
6451,2024-01-09,14,12,390,3840,2
7150,2024-02-04,1,5,390,1750,5
2071,2023-07-12,3,16,390,4000,2
4660,2023-11-09,6,11,390,13200,5
8068,2024-03-04,2,8,391,7200,3
8218,2024-03-09,2,9,391,8100,5
2,2023-01-01,3,6,391,1500,2
675,2023-03-04,1,9,391,3150,2
8120,2024-03-05,4,6,391,3600,5
9727,2024-07-11,1,18,391,6300,3
1386,2023-05-06,20,6,391,4800,5
2451,2023-08-16,24,19,391,9500,4
5285,2023-12-01,2,14,391,12600,4
6658,2024-01-16,4,13,391,7800,4
7624,2024-02-19,4,11,391,6600,2
9164,2024-05-04,2,14,391,12600,5
9744,2024-07-13,3,18,391,4500,5
1945,2023-07-01,2,12,391,10800,3
3556,2023-10-01,23,5,391,1250,5
6147,2023-12-29,14,7,391,2240,3
9922,2024-08-06,1,8,391,2800,5
7410,2024-02-12,2,14,392,12600,2
8339,2024-03-13,4,9,392,5400,5
9404,2024-05-28,4,8,392,4800,2
9911,2024-08-05,2,20,392,18000,3
172,2023-01-19,6,18,392,21600,4
410,2023-02-09,24,9,392,4500,4
3378,2023-09-25,24,12,392,6000,2
6107,2023-12-28,14,7,392,2240,5
9496,2024-06-11,3,10,392,2500,4
2596,2023-08-31,24,10,392,5000,5
3688,2023-10-05,9,6,392,4200,4
5965,2023-12-23,14,11,392,3520,3
7166,2024-02-04,4,6,393,3600,3
9283,2024-05-15,4,19,393,11400,2
723,2023-03-07,27,10,393,2000,3
2641,2023-09-02,24,19,393,9500,3
3955,2023-10-14,11,19,393,10450,3
5769,2023-12-17,8,5,393,3750,5
7479,2024-02-14,3,10,393,2500,3
2496,2023-08-21,24,20,393,10000,5
5274,2023-11-30,10,9,393,16200,2
6563,2024-01-13,2,16,393,14400,2
7097,2024-02-01,4,5,393,3000,3
2963,2023-09-12,22,16,393,6400,2
9002,2024-04-17,3,10,394,2500,4
5395,2023-12-03,6,17,394,20400,5
6641,2024-01-16,1,13,394,4550,5
6705,2024-01-18,2,16,394,14400,4
6863,2024-01-24,1,16,394,5600,4
1756,2023-06-08,17,20,394,12000,3
3655,2023-10-04,8,16,394,12000,4
4175,2023-10-23,6,13,394,15600,2
7239,2024-02-07,2,12,394,10800,2
9163,2024-05-04,1,19,394,6650,2
843,2023-03-18,2,7,394,6300,5
1701,2023-06-04,12,8,394,2400,3
4922,2023-11-18,4,13,394,7800,4
5410,2023-12-04,4,7,394,4200,3
6326,2024-01-05,14,15,394,4800,2
5060,2023-11-22,11,14,395,7700,4
6499,2024-01-11,1,10,395,3500,5
7144,2024-02-03,4,8,395,4800,2
1183,2023-04-20,1,16,395,5600,4
2503,2023-08-22,24,17,395,8500,5
1955,2023-07-01,15,17,395,5950,2
3745,2023-10-07,5,9,395,4050,5
3790,2023-10-09,4,15,395,9000,2
758,2023-03-10,25,8,395,4800,4
2815,2023-09-07,24,12,395,6000,5
3124,2023-09-18,21,16,395,10400,2
3789,2023-10-09,4,18,395,10800,4
3948,2023-10-14,8,9,395,6750,3
6680,2024-01-17,3,10,396,2500,2
6949,2024-01-27,1,7,396,2450,2
9032,2024-04-20,2,9,396,8100,4
5773,2023-12-17,10,14,396,25200,3
10046,2024-08-21,1,19,396,6650,2
1019,2023-04-03,28,5,396,1500,4
1107,2023-04-11,26,12,396,10800,4
2461,2023-08-17,24,16,396,8000,2
3212,2023-09-20,23,19,396,4750,4
4231,2023-10-25,8,16,396,12000,2
4774,2023-11-13,3,15,396,3750,2
6516,2024-01-11,14,6,396,1920,2
6908,2024-01-26,1,7,396,2450,2
4588,2023-11-06,11,12,397,6600,3
10187,2024-09-08,1,15,397,5250,3
7769,2024-02-25,2,11,397,9900,3
9970,2024-08-11,1,8,397,2800,5
8130,2024-03-06,1,9,397,3150,5
9502,2024-06-12,2,5,397,4500,4
5139,2023-11-26,2,6,398,5400,3
8263,2024-03-11,1,12,398,4200,3
8943,2024-04-10,4,5,398,3000,5
1324,2023-05-01,21,8,398,5200,4
2453,2023-08-16,24,18,398,9000,4
3570,2023-10-01,24,16,398,8000,4
3864,2023-10-12,1,10,398,3500,4
38,2023-01-04,27,7,398,1400,2
897,2023-03-24,11,18,398,9900,5
7384,2024-02-11,3,14,398,3500,3
6329,2024-01-05,14,17,399,5440,2
7501,2024-02-15,3,20,399,5000,5
5792,2023-12-18,4,7,399,4200,5
8399,2024-03-15,4,8,399,4800,2
10310,2024-09-23,3,18,399,4500,5
669,2023-03-03,22,20,399,8000,5
1678,2023-06-02,19,19,399,5700,5
2114,2023-07-16,14,13,399,4160,5
4900,2023-11-17,7,12,399,18000,4
6235,2024-01-02,14,10,399,3200,5
7873,2024-02-28,3,13,399,3250,5
4835,2023-11-15,1,12,400,4200,3
4896,2023-11-17,5,7,400,3150,4
5474,2023-12-07,1,20,400,7000,5
9587,2024-06-23,2,10,400,9000,2
280,2023-01-29,14,8,400,2560,3
965,2023-03-31,5,7,400,3150,5
5661,2023-12-13,5,17,400,7650,2
9805,2024-07-22,2,19,400,17100,2
10020,2024-08-16,4,5,400,3000,4
531,2023-02-21,16,15,400,7500,4
3687,2023-10-05,9,16,400,11200,4
5554,2023-12-09,4,9,400,5400,2
6193,2023-12-31,14,15,400,4800,2
8515,2024-03-19,2,14,400,12600,2
7667,2024-02-21,3,19,401,4750,2
9714,2024-07-09,3,20,401,5000,2
10143,2024-09-03,3,12,401,3000,4
5135,2023-11-25,11,11,401,6050,5
5488,2023-12-07,5,5,401,2250,2
6150,2023-12-29,14,15,401,4800,3
7071,2024-01-31,3,7,401,1750,2
7728,2024-02-23,4,10,401,6000,2
1818,2023-06-14,28,10,401,3000,3
9870,2024-08-01,1,18,401,6300,5
8008,2024-03-02,3,8,402,2000,2
6740,2024-01-19,3,13,402,3250,2
6986,2024-01-28,4,20,402,12000,2
103,2023-01-12,18,14,402,6300,2
2485,2023-08-19,24,16,402,8000,3
3600,2023-10-02,21,18,402,11700,5
5423,2023-12-04,8,8,402,6000,5
5673,2023-12-13,11,12,402,6600,3
6280,2024-01-03,14,17,402,5440,3
4481,2023-11-03,6,10,402,12000,4
5430,2023-12-04,11,11,402,6050,3
6836,2024-01-23,1,12,402,4200,4
8821,2024-03-30,3,13,402,3250,4
2524,2023-08-24,24,20,403,10000,5
2783,2023-09-06,24,9,403,4500,5
2832,2023-09-08,22,14,403,5600,2
2898,2023-09-10,21,7,403,4550,3
3347,2023-09-24,24,12,403,6000,2
3160,2023-09-18,24,8,403,4000,2
2854,2023-09-09,21,17,403,11050,4
8531,2024-03-20,1,16,403,5600,4
10101,2024-08-27,4,16,403,9600,3
512,2023-02-19,22,9,404,3600,5
3587,2023-10-02,6,10,404,12000,2
6505,2024-01-11,2,11,404,9900,4
7126,2024-02-03,2,16,404,14400,4
8097,2024-03-05,2,6,404,5400,2
9789,2024-07-20,1,20,404,7000,3
2672,2023-09-03,24,6,404,3000,2
3017,2023-09-14,23,10,404,2500,2
3596,2023-10-02,11,5,404,2750,2
8109,2024-03-05,3,11,404,2750,5
9565,2024-06-20,3,19,404,4750,3
6148,2023-12-29,14,20,405,6400,5
6401,2024-01-07,14,19,405,6080,4
7463,2024-02-13,4,6,405,3600,5
7518,2024-02-16,1,19,405,6650,4
10121,2024-08-31,1,13,405,4550,2
2420,2023-08-13,24,14,405,7000,2
5104,2023-11-24,9,10,405,7000,5
5564,2023-12-09,8,13,405,9750,2
8194,2024-03-08,2,6,405,5400,4
8752,2024-03-28,2,7,405,6300,5
1658,2023-06-01,10,8,405,14400,2
6509,2024-01-11,3,7,405,1750,5
10131,2024-09-01,3,17,406,4250,5
4637,2023-11-08,9,12,406,8400,5
2424,2023-08-14,24,9,406,4500,2
8684,2024-03-25,3,5,406,1250,2
2703,2023-09-04,24,18,406,9000,5
3801,2023-10-09,8,7,406,5250,4
4824,2023-11-14,9,13,407,9100,3
9154,2024-05-03,2,20,407,18000,3
2413,2023-08-12,24,18,407,9000,3
6753,2024-01-20,2,13,407,11700,4
8058,2024-03-04,1,8,407,2800,2
2475,2023-08-19,24,10,407,5000,5
3535,2023-10-01,21,10,407,6500,4
5379,2023-12-03,2,19,408,17100,5
2415,2023-08-13,24,13,408,6500,4
762,2023-03-10,26,11,408,9900,4
6664,2024-01-16,4,15,408,9000,5
8220,2024-03-09,2,13,408,11700,4
1248,2023-04-25,18,16,408,7200,5
2143,2023-07-18,25,19,408,11400,5
3499,2023-09-29,24,6,408,3000,4
5487,2023-12-07,5,12,409,5400,5
2517,2023-08-23,24,14,409,7000,5
3130,2023-09-18,22,5,409,2000,5
5127,2023-11-25,9,20,409,14000,2
138,2023-01-16,7,11,409,16500,4
5801,2023-12-18,7,11,409,16500,5
9849,2024-07-28,2,9,409,8100,3
10088,2024-08-26,2,20,409,18000,2
5047,2023-11-22,5,10,409,4500,3
9269,2024-05-14,2,13,409,11700,3
4655,2023-11-09,4,13,410,7800,3
5759,2023-12-17,3,9,410,2250,5
7327,2024-02-10,1,16,410,5600,5
9012,2024-04-18,3,7,410,1750,5
1956,2023-07-01,16,11,410,5500,5
3465,2023-09-28,24,12,410,6000,4
6448,2024-01-09,14,20,410,6400,4
6353,2024-01-05,14,15,410,4800,2
8365,2024-03-14,3,8,410,2000,5
7234,2024-02-07,1,10,410,3500,5
8882,2024-04-02,3,14,410,3500,5
3255,2023-09-22,21,14,411,9100,5
5688,2023-12-14,6,18,411,21600,2
3326,2023-09-24,21,16,411,10400,3
4680,2023-11-10,4,19,411,11400,5
5446,2023-12-05,6,8,411,9600,4
7647,2024-02-20,4,12,411,7200,5
7961,2024-03-01,4,17,411,10200,2
5640,2023-12-12,5,10,411,4500,3
9441,2024-06-02,4,20,411,12000,4
6524,2024-01-12,1,8,412,2800,2
7121,2024-02-02,4,13,412,7800,3
7657,2024-02-21,2,7,412,6300,2
5497,2023-12-07,9,15,412,10500,3
5540,2023-12-08,10,17,413,30600,3
4775,2023-11-13,4,20,413,12000,2
7177,2024-02-05,1,6,413,2100,2
995,2023-04-02,13,18,413,8100,2
4128,2023-10-22,2,5,413,4500,5
5076,2023-11-23,8,13,413,9750,3
8173,2024-03-07,4,13,413,7800,3
4631,2023-11-08,5,20,414,9000,4
6095,2023-12-28,14,8,414,2560,5
2215,2023-07-24,19,14,414,4200,3
2329,2023-08-03,24,16,414,8000,5
5804,2023-12-18,8,13,414,9750,3
2918,2023-09-10,23,6,414,1500,2
5480,2023-12-07,4,15,414,9000,2
8969,2024-04-13,3,14,414,3500,4
5706,2023-12-15,4,16,415,9600,3
7847,2024-02-27,3,5,415,1250,2
7356,2024-02-11,1,17,415,5950,5
8375,2024-03-15,1,14,415,4900,4
10013,2024-08-15,4,11,415,6600,3
3761,2023-10-07,10,15,415,27000,4
4222,2023-10-25,2,15,415,13500,3
5169,2023-11-27,3,9,415,2250,3
5662,2023-12-13,6,5,415,6000,2
9072,2024-04-24,4,8,415,4800,2
3861,2023-10-11,11,17,415,9350,3
6125,2023-12-29,14,7,416,2240,2
6240,2024-01-02,14,10,416,3200,5
6553,2024-01-12,4,19,416,11400,3
9395,2024-05-28,1,18,416,6300,2
2786,2023-09-06,24,8,416,4000,4
3551,2023-10-01,23,15,416,3750,3
8730,2024-03-27,2,8,416,7200,5
9930,2024-08-06,4,5,416,3000,2
6266,2024-01-03,14,5,416,1600,4
88,2023-01-10,28,7,417,2100,4
6676,2024-01-17,2,5,417,4500,2
7696,2024-02-22,3,5,417,1250,2
8392,2024-03-15,3,9,417,2250,3
1409,2023-05-08,27,8,417,1600,3
4744,2023-11-12,4,7,417,4200,5
5142,2023-11-26,3,11,417,2750,4
5157,2023-11-26,9,7,417,4900,5
8950,2024-04-11,3,7,417,1750,5
7481,2024-02-14,3,8,417,2000,3
7680,2024-02-22,1,18,417,6300,2
10303,2024-09-22,1,15,417,5250,3
6200,2023-12-31,14,19,418,6080,3
6688,2024-01-18,1,12,418,4200,5
8656,2024-03-24,3,18,418,4500,5
9451,2024-06-04,3,18,418,4500,2
2059,2023-07-11,1,7,418,2450,3
3050,2023-09-15,23,13,418,3250,2
3965,2023-10-15,3,6,418,1500,3
5782,2023-12-18,1,9,418,3150,4
2781,2023-09-06,24,14,418,7000,4
7318,2024-02-09,4,10,418,6000,4
4096,2023-10-20,9,11,418,7700,3
7598,2024-02-18,4,9,418,5400,2
6722,2024-01-19,1,11,419,3850,4
10238,2024-09-14,2,15,419,13500,2
41,2023-01-05,11,7,419,3850,4
53,2023-01-06,16,8,419,4000,3
1916,2023-06-27,20,16,419,12800,5
4176,2023-10-23,6,9,419,10800,4
9275,2024-05-14,4,20,419,12000,2
973,2023-03-31,18,19,419,8550,3
4703,2023-11-10,11,17,419,9350,5
6876,2024-01-24,3,16,419,4000,5
365,2023-02-05,13,10,419,4500,5
6673,2024-01-17,2,7,419,6300,4
3223,2023-09-20,24,14,420,7000,2
956,2023-03-30,19,9,420,2700,2
10331,2024-09-25,3,10,420,2500,3
6030,2023-12-25,14,12,421,3840,4
6709,2024-01-18,3,10,421,2500,2
9207,2024-05-08,2,11,421,9900,4
9699,2024-07-07,4,16,421,9600,5
218,2023-01-24,3,11,421,2750,2
602,2023-02-26,20,7,421,5600,3
3727,2023-10-07,1,20,421,7000,5
6062,2023-12-26,14,13,421,4160,3
943,2023-03-29,20,7,421,5600,2
4122,2023-10-21,10,12,421,21600,2
443,2023-02-13,5,11,421,4950,2
1234,2023-04-24,8,8,421,6000,2
9748,2024-07-14,2,7,421,6300,2
6002,2023-12-24,14,10,422,3200,3
6270,2024-01-03,14,12,422,3840,4
2788,2023-09-07,21,17,422,11050,4
4146,2023-10-22,9,7,422,4900,5
4234,2023-10-25,8,16,422,12000,3
9247,2024-05-11,4,8,422,4800,2
2331,2023-08-04,24,6,422,3000,3
7232,2024-02-07,1,7,422,2450,5
7220,2024-02-06,4,12,422,7200,3
5109,2023-11-24,11,20,423,11000,5
7397,2024-02-12,1,9,423,3150,3
8687,2024-03-25,3,7,423,1750,2
9124,2024-05-01,2,6,423,5400,4
4102,2023-10-20,11,5,423,2750,4
6491,2024-01-10,14,20,423,6400,2
9730,2024-07-11,3,6,423,1500,2
9764,2024-07-17,1,14,423,4900,3
4633,2023-11-08,6,18,423,21600,5
4608,2023-11-07,10,5,424,9000,3
6267,2024-01-03,14,20,424,6400,5
6754,2024-01-20,2,11,424,9900,2
7805,2024-02-26,2,5,424,4500,3
10099,2024-08-27,2,12,424,10800,5
8154,2024-03-07,1,17,424,5950,4
8302,2024-03-12,2,9,424,8100,4
184,2023-01-20,13,17,424,7650,5
3669,2023-10-05,2,9,424,8100,5
4589,2023-11-06,11,14,424,7700,5
7910,2024-02-29,4,7,424,4200,3
417,2023-02-10,6,9,424,10800,3
2000,2023-07-05,14,16,424,5120,2
8123,2024-03-06,1,17,424,5950,5
9464,2024-06-06,2,12,424,10800,5
5165,2023-11-27,2,15,425,13500,3
8963,2024-04-13,2,7,425,6300,4
386,2023-02-07,15,20,425,7000,2
7625,2024-02-19,4,15,425,9000,3
9048,2024-04-22,2,5,425,4500,2
9420,2024-05-30,4,13,425,7800,2
4466,2023-11-03,1,19,425,6650,2
6153,2023-12-29,14,18,425,5760,5
6885,2024-01-25,1,7,425,2450,3
9349,2024-05-23,4,15,425,9000,4
7629,2024-02-20,1,11,426,3850,4
7720,2024-02-23,2,16,426,14400,4
3621,2023-10-03,7,14,426,21000,5
5897,2023-12-21,14,9,426,2880,4
7235,2024-02-07,1,19,426,6650,3
8763,2024-03-28,3,6,426,1500,3
240,2023-01-25,13,7,426,3150,5
7435,2024-02-12,4,7,426,4200,2
8095,2024-03-05,2,16,427,14400,2
8917,2024-04-06,4,9,427,5400,3
106,2023-01-12,24,11,427,5500,3
10025,2024-08-18,1,10,427,3500,3
5250,2023-11-29,11,11,427,6050,2
585,2023-02-25,14,19,427,6080,2
3337,2023-09-24,23,17,427,4250,5
3812,2023-10-10,2,16,427,14400,3
4240,2023-10-26,2,14,427,12600,4
6537,2024-01-12,3,17,427,4250,5
8662,2024-03-24,4,6,427,3600,5
9735,2024-07-12,3,16,427,4000,2
9958,2024-08-10,1,19,427,6650,5
7349,2024-02-10,4,15,428,9000,3
7573,2024-02-18,1,9,428,3150,3
9725,2024-07-10,3,6,428,1500,2
4452,2023-11-02,9,8,428,5600,2
7757,2024-02-24,4,11,428,6600,5
724,2023-03-07,28,8,428,2400,2
3070,2023-09-16,22,8,428,3200,5
6595,2024-01-14,1,8,428,2800,5
7793,2024-02-25,4,13,428,7800,4
8726,2024-03-27,2,19,428,17100,5
9147,2024-05-02,3,6,428,1500,4
3988,2023-10-16,3,11,428,2750,2
4910,2023-11-18,1,17,428,5950,3
7034,2024-01-30,2,20,428,18000,4
7081,2024-02-01,2,13,428,11700,5
9230,2024-05-10,2,12,428,10800,4
8266,2024-03-11,1,14,429,4900,5
3106,2023-09-17,23,20,429,5000,3
7061,2024-01-31,3,19,429,4750,3
1986,2023-07-03,23,15,429,3750,3
2712,2023-09-04,24,20,429,10000,2
4478,2023-11-03,6,6,429,7200,3
7325,2024-02-10,1,12,429,4200,3
8423,2024-03-16,4,5,429,3000,4
654,2023-03-02,21,8,429,5200,3
1055,2023-04-07,18,12,429,5400,3
3351,2023-09-25,21,16,429,10400,2
3886,2023-10-12,8,12,429,9000,2
5525,2023-12-08,6,8,429,9600,2
9886,2024-08-03,1,10,429,3500,2
613,2023-02-27,19,7,430,2100,4
1823,2023-06-15,13,8,430,3600,3
4874,2023-11-16,4,17,430,10200,2
8204,2024-03-08,4,14,430,8400,5
988,2023-04-01,24,16,430,8000,5
1666,2023-06-01,27,12,430,2400,3
4997,2023-11-20,6,7,430,8400,4
6719,2024-01-19,1,7,430,2450,2
7147,2024-02-03,4,16,430,9600,4
2681,2023-09-03,24,6,430,3000,5
4195,2023-10-24,3,6,430,1500,3
4829,2023-11-14,10,9,430,16200,2
8234,2024-03-09,4,20,430,12000,3
5382,2023-12-03,2,17,431,15300,2
5766,2023-12-17,6,7,431,8400,2
6214,2024-01-01,14,14,431,4480,2
9398,2024-05-28,1,11,431,3850,3
161,2023-01-18,11,7,431,3850,3
4667,2023-11-09,8,9,431,6750,3
7042,2024-01-30,3,9,431,2250,3
8667,2024-03-24,4,13,431,7800,5
8899,2024-04-04,3,19,431,4750,4
9554,2024-06-19,1,20,431,7000,3
1612,2023-05-27,16,6,432,3000,4
3844,2023-10-11,3,8,432,2000,3
4272,2023-10-27,4,5,432,3000,2
5384,2023-12-03,3,9,432,2250,4
5555,2023-12-09,4,8,432,4800,3
2946,2023-09-11,23,7,432,1750,2
3701,2023-10-06,3,9,432,2250,4
5280,2023-12-01,1,18,432,6300,5
10242,2024-09-14,3,8,432,2000,2
7233,2024-02-07,1,14,433,4900,3
9366,2024-05-25,2,13,433,11700,3
3269,2023-09-22,22,14,433,5600,5
4563,2023-11-06,2,11,433,9900,2
4676,2023-11-10,2,8,433,7200,4
545,2023-02-22,13,5,433,2250,3
8215,2024-03-09,1,7,433,2450,4
4257,2023-10-26,8,16,433,12000,4
4733,2023-11-11,11,18,433,9900,4
8747,2024-03-28,1,10,433,3500,4
8861,2024-03-31,4,5,434,3000,5
2285,2023-07-31,5,8,434,3600,4
4988,2023-11-20,3,13,434,3250,2
6962,2024-01-27,3,9,434,2250,2
586,2023-02-25,15,17,434,5950,2
2228,2023-07-25,19,17,434,5100,4
5262,2023-11-30,3,6,434,1500,3
5912,2023-12-22,14,5,434,1600,4
7417,2024-02-12,3,16,434,4000,4
7842,2024-02-27,3,17,434,4250,4
857,2023-03-19,21,9,435,5850,5
5035,2023-11-22,1,8,435,2800,5
8007,2024-03-02,3,15,435,3750,3
8341,2024-03-13,4,9,435,5400,2
9307,2024-05-17,4,18,435,10800,5
9848,2024-07-28,2,5,435,4500,4
1759,2023-06-08,27,12,435,2400,4
2522,2023-08-23,24,10,435,5000,3
6080,2023-12-27,14,15,435,4800,2
1326,2023-05-01,24,7,435,3500,5
4862,2023-11-15,10,20,435,36000,4
8681,2024-03-25,2,16,435,14400,3
9569,2024-06-21,2,16,435,14400,5
1360,2023-05-04,12,17,436,5100,3
2457,2023-08-17,24,20,436,10000,3
4020,2023-10-17,8,14,436,10500,5
6607,2024-01-14,4,14,436,8400,2
8488,2024-03-18,4,13,436,7800,2
354,2023-02-03,10,20,436,36000,5
7405,2024-02-12,2,17,436,15300,4
7822,2024-02-27,1,7,436,2450,5
9239,2024-05-11,1,10,436,3500,3
5566,2023-12-09,9,10,436,7000,5
6278,2024-01-03,14,13,436,4160,2
7524,2024-02-16,1,10,437,3500,5
3714,2023-10-06,9,14,437,9800,4
4244,2023-10-26,3,9,437,2250,2
7691,2024-02-22,2,5,437,4500,5
8132,2024-03-06,1,16,437,5600,5
9295,2024-05-16,4,18,437,10800,5
3928,2023-10-14,2,14,437,12600,4
8967,2024-04-13,3,7,437,1750,5
9331,2024-05-21,2,14,437,12600,5
9510,2024-06-13,2,15,438,13500,3
9898,2024-08-04,2,8,438,7200,5
5008,2023-11-20,11,12,438,6600,4
7811,2024-02-26,3,5,438,1250,5
5321,2023-12-01,9,19,438,13300,4
5570,2023-12-09,10,17,438,30600,4
6803,2024-01-21,4,6,438,3600,3
2602,2023-08-31,24,12,438,6000,4
3152,2023-09-18,24,20,438,10000,3
7006,2024-01-29,2,12,438,10800,5
6390,2024-01-07,14,15,439,4800,2
5175,2023-11-27,5,15,439,6750,2
9992,2024-08-13,1,20,439,7000,2
4109,2023-10-21,3,20,439,5000,3
4328,2023-10-28,11,6,439,3300,4
9127,2024-05-01,2,19,439,17100,4
10133,2024-09-02,2,17,439,15300,2
167,2023-01-18,27,13,439,2600,3
4897,2023-11-17,5,8,440,3600,3
2398,2023-08-11,24,9,440,4500,5
4057,2023-10-19,1,17,440,5950,4
6545,2024-01-12,4,6,440,3600,4
10066,2024-08-22,4,5,440,3000,2
1549,2023-05-21,20,9,440,7200,2
9282,2024-05-15,4,7,440,4200,5
8114,2024-03-05,3,16,440,4000,3
9637,2024-06-29,4,15,440,9000,2
4627,2023-11-08,4,16,441,9600,3
5000,2023-11-20,7,10,441,15000,4
6264,2024-01-03,14,10,441,3200,4
7440,2024-02-13,1,11,441,3850,3
8512,2024-03-19,2,16,441,14400,5
1650,2023-05-31,21,17,441,11050,4
2100,2023-07-14,27,20,441,4000,5
8014,2024-03-02,4,10,441,6000,4
8081,2024-03-04,4,14,441,8400,4
1815,2023-06-14,26,20,441,18000,5
3138,2023-09-18,23,9,441,2250,2
3451,2023-09-28,22,7,441,2800,2
7226,2024-02-06,4,5,441,3000,5
8411,2024-03-16,2,11,441,9900,5
3704,2023-10-06,4,12,442,7200,3
9977,2024-08-11,3,6,442,1500,4
3164,2023-09-19,21,18,442,11700,3
7934,2024-03-01,2,7,442,6300,3
10208,2024-09-11,3,5,442,1250,5
1969,2023-07-02,13,8,442,3600,3
4172,2023-10-23,5,19,442,8550,2
9205,2024-05-08,1,17,442,5950,2
5875,2023-12-20,14,5,443,1600,4
6866,2024-01-24,1,15,443,5250,4
873,2023-03-21,22,15,443,6000,3
2429,2023-08-14,24,13,443,6500,5
6733,2024-01-19,3,7,443,1750,5
3210,2023-09-20,23,12,443,3000,3
5767,2023-12-17,7,13,443,19500,4
9103,2024-04-28,4,16,443,9600,2
9409,2024-05-29,4,8,443,4800,5
9802,2024-07-22,1,11,443,3850,4
9179,2024-05-05,4,10,444,6000,5
5642,2023-12-12,6,20,444,24000,2
1872,2023-06-21,24,11,444,5500,2
5988,2023-12-24,14,6,444,1920,2
7684,2024-02-22,1,16,444,5600,5
8157,2024-03-07,1,11,444,3850,4
5235,2023-11-29,6,17,445,20400,5
5284,2023-12-01,2,10,445,9000,3
5937,2023-12-22,14,15,445,4800,2
9224,2024-05-09,4,11,445,6600,5
991,2023-04-02,1,8,445,2800,5
4191,2023-10-23,10,14,445,25200,2
1446,2023-05-12,2,13,445,11700,3
1864,2023-06-20,25,11,445,6600,2
5409,2023-12-04,4,7,445,4200,4
60,2023-01-07,12,14,445,4200,2
3721,2023-10-06,11,5,445,2750,3
9149,2024-05-02,4,6,445,3600,3
9288,2024-05-16,1,12,445,4200,2
10022,2024-08-17,1,9,445,3150,3
4578,2023-11-06,6,5,446,6000,3
7551,2024-02-17,2,17,446,15300,2
8232,2024-03-09,3,10,446,2500,2
8645,2024-03-24,2,7,446,6300,3
9456,2024-06-05,2,14,446,12600,4
9603,2024-06-25,1,13,446,4550,5
8853,2024-03-31,3,8,446,2000,3
8712,2024-03-26,3,7,446,1750,5
5551,2023-12-09,3,17,447,4250,3
6453,2024-01-09,14,20,447,6400,3
930,2023-03-28,5,6,447,2700,3
3479,2023-09-29,21,9,447,5850,5
6222,2024-01-01,14,14,447,4480,2
6716,2024-01-18,4,8,447,4800,3
7813,2024-02-26,3,11,447,2750,4
247,2023-01-26,9,10,447,7000,3
7635,2024-02-20,2,15,447,13500,4
7968,2024-03-02,1,18,447,6300,3
9650,2024-07-01,3,17,447,4250,5
1207,2023-04-22,8,12,447,9000,3
4887,2023-11-17,1,18,447,6300,3
7443,2024-02-13,2,12,447,10800,5
9780,2024-07-19,2,11,447,9900,4
8960,2024-04-13,1,19,448,6650,2
1903,2023-06-25,18,15,448,6750,2
5589,2023-12-10,6,9,448,10800,3
1375,2023-05-05,27,6,448,1200,3
3700,2023-10-06,3,12,448,3000,4
693,2023-03-05,7,18,448,27000,3
1512,2023-05-17,23,17,448,4250,2
6419,2024-01-08,14,8,448,2560,3
8500,2024-03-19,1,20,448,7000,3
4169,2023-10-23,5,6,449,2700,3
854,2023-03-19,9,17,449,11900,2
1261,2023-04-26,22,7,449,2800,4
4380,2023-10-31,6,20,449,24000,5
5003,2023-11-20,9,16,449,11200,3
5368,2023-12-02,9,5,449,3500,4
7609,2024-02-19,2,18,449,16200,4
8187,2024-03-08,2,12,449,10800,4
2344,2023-08-06,24,17,449,8500,5
2474,2023-08-19,24,20,449,10000,3
3216,2023-09-20,24,6,449,3000,2
8334,2024-03-13,3,17,449,4250,4
5357,2023-12-02,5,9,450,4050,4
3042,2023-09-15,22,20,450,8000,2
5893,2023-12-21,14,19,450,6080,5
7449,2024-02-13,3,20,450,5000,5
3516,2023-09-30,23,14,450,3500,3
7426,2024-02-12,4,14,450,8400,3
8025,2024-03-03,1,7,450,2450,2
9804,2024-07-22,2,20,450,18000,3
9509,2024-06-13,2,9,451,8100,5
1066,2023-04-08,17,14,451,8400,4
4490,2023-11-03,11,8,451,4400,2
8369,2024-03-14,4,9,451,5400,3
9541,2024-06-17,2,8,451,7200,3
3636,2023-10-04,1,7,451,2450,5
4585,2023-11-06,10,18,451,32400,2
6345,2024-01-05,14,10,451,3200,3
8518,2024-03-19,3,16,451,4000,5
6616,2024-01-15,2,9,452,8100,3
7376,2024-02-11,3,10,452,2500,2
6748,2024-01-20,1,7,452,2450,5
568,2023-02-24,1,6,452,2100,4
1213,2023-04-22,21,16,452,10400,2
3121,2023-09-18,21,18,452,11700,3
3960,2023-10-15,2,7,452,6300,3
8370,2024-03-14,4,9,452,5400,4
9935,2024-08-07,2,17,452,15300,4
2751,2023-09-05,24,6,452,3000,2
5248,2023-11-29,9,8,452,5600,2
5797,2023-12-18,6,14,452,16800,5
9616,2024-06-27,1,12,452,4200,4
9839,2024-07-26,4,15,453,9000,5
10074,2024-08-24,1,15,453,5250,4
1420,2023-05-09,16,12,453,6000,5
3822,2023-10-10,5,15,453,6750,4
4397,2023-11-01,5,19,453,8550,2
7843,2024-02-27,3,5,453,1250,4
8951,2024-04-11,3,10,453,2500,3
1120,2023-04-13,12,16,453,4800,2
2149,2023-07-19,13,18,453,8100,5
3286,2023-09-22,24,9,453,4500,4
5516,2023-12-08,3,6,453,1500,3
6576,2024-01-13,3,13,453,3250,4
5531,2023-12-08,8,5,454,3750,2
7513,2024-02-15,4,6,454,3600,2
9120,2024-05-01,1,19,454,6650,2
4373,2023-10-31,3,6,454,1500,4
6700,2024-01-18,2,10,454,9000,3
1861,2023-06-20,14,16,454,5120,4
3129,2023-09-18,22,16,454,6400,3
6628,2024-01-15,4,18,454,10800,3
378,2023-02-06,18,7,454,3150,5
1189,2023-04-20,13,18,454,8100,2
2378,2023-08-10,24,5,454,2500,3
2437,2023-08-15,24,18,454,9000,3
4427,2023-11-02,1,18,454,6300,4
5052,2023-11-22,7,13,454,19500,3
5336,2023-12-01,11,7,454,3850,3
9387,2024-05-27,1,19,454,6650,3
4665,2023-11-09,8,13,455,9750,3
7724,2024-02-23,3,20,455,5000,5
7804,2024-02-26,2,8,455,7200,2
977,2023-03-31,22,19,455,7600,5
9017,2024-04-18,4,11,455,6600,2
3219,2023-09-20,24,9,455,4500,2
3800,2023-10-09,7,12,455,18000,2
7752,2024-02-24,4,17,455,10200,2
2390,2023-08-10,24,6,455,3000,4
8844,2024-03-31,2,8,455,7200,3
10270,2024-09-18,4,14,456,8400,3
914,2023-03-26,14,10,456,3200,3
1703,2023-06-04,13,8,456,3600,3
3027,2023-09-14,24,16,456,8000,2
8813,2024-03-30,1,16,456,5600,4
620,2023-02-28,24,13,456,6500,4
2357,2023-08-07,24,16,456,8000,3
3576,2023-10-02,1,19,456,6650,5
1887,2023-06-23,11,5,456,2750,2
4299,2023-10-28,1,9,456,3150,3
8588,2024-03-22,2,8,456,7200,4
8910,2024-04-05,3,10,456,2500,2
6365,2024-01-06,14,8,457,2560,5
7238,2024-02-07,2,19,457,17100,5
3498,2023-09-29,24,9,457,4500,4
8801,2024-03-29,3,16,457,4000,3
402,2023-02-09,7,8,457,12000,2
632,2023-03-01,13,6,457,2700,4
1067,2023-04-08,17,10,457,6000,2
5916,2023-12-22,14,10,457,3200,5
6330,2024-01-05,14,5,457,1600,4
5534,2023-12-08,9,19,458,13300,4
7820,2024-02-26,4,19,458,11400,5
9055,2024-04-22,4,9,458,5400,2
2444,2023-08-16,24,13,458,6500,4
3029,2023-09-14,24,19,458,9500,2
1946,2023-07-01,3,19,458,4750,4
3021,2023-09-14,23,15,458,3750,4
7371,2024-02-11,2,14,458,12600,4
9444,2024-06-04,1,6,458,2100,3
1110,2023-04-12,1,13,458,4550,2
2050,2023-07-10,2,15,458,13500,3
7197,2024-02-06,1,13,458,4550,3
8441,2024-03-17,1,20,458,7000,2
6231,2024-01-01,14,16,459,5120,5
253,2023-01-26,19,11,459,3300,5
1795,2023-06-12,7,11,459,16500,3
3450,2023-09-28,22,5,459,2000,2
7330,2024-02-10,1,20,459,7000,3
7508,2024-02-15,3,6,459,1500,4
8722,2024-03-27,1,18,459,6300,3
9238,2024-05-11,1,13,459,4550,3
3064,2023-09-16,21,5,459,3250,3
3148,2023-09-18,23,8,459,2000,4
3561,2023-10-01,23,6,459,1500,4
3779,2023-10-09,1,13,459,4550,5
4977,2023-11-19,8,9,459,6750,4
5660,2023-12-13,3,13,459,3250,4
9009,2024-04-18,2,10,459,9000,3
5904,2023-12-21,14,5,459,1600,2
8657,2024-03-24,3,12,459,3000,4
9268,2024-05-14,2,10,459,9000,3
9542,2024-06-17,3,18,459,4500,5
5786,2023-12-18,3,12,460,3000,4
4086,2023-10-20,3,6,460,1500,4
4258,2023-10-26,8,12,460,9000,5
2848,2023-09-08,24,10,460,5000,5
8884,2024-04-02,4,16,460,9600,5
5883,2023-12-21,14,5,460,1600,5
8330,2024-03-13,3,18,460,4500,4
446,2023-02-13,8,16,461,12000,3
3545,2023-10-01,22,19,461,7600,2
4303,2023-10-28,2,13,461,11700,3
9421,2024-05-31,1,13,462,4550,2
7,2023-01-01,28,7,462,2100,3
3475,2023-09-29,21,14,462,9100,4
5193,2023-11-27,10,10,462,18000,2
7591,2024-02-18,4,7,462,4200,2
8833,2024-03-30,4,14,462,8400,3
2027,2023-07-08,1,19,462,6650,3
2667,2023-09-03,24,13,462,6500,5
4458,2023-11-02,10,15,462,27000,4
5930,2023-12-22,14,5,462,1600,2
9885,2024-08-02,3,5,462,1250,2
4334,2023-10-29,1,12,462,4200,4
8582,2024-03-22,1,19,462,6650,2
9513,2024-06-13,4,7,462,4200,5
2047,2023-07-09,17,5,463,3000,3
2334,2023-08-04,24,18,463,9000,2
5393,2023-12-03,5,15,463,6750,5
6142,2023-12-29,14,11,463,3520,3
3607,2023-10-02,23,15,463,3750,4
3645,2023-10-04,5,17,463,7650,2
5603,2023-12-10,10,12,463,21600,3
9114,2024-04-30,3,14,463,3500,5
646,2023-03-02,7,11,463,16500,4
848,2023-03-18,11,20,463,11000,3
2687,2023-09-03,24,9,463,4500,4
5815,2023-12-18,11,16,463,8800,2
9256,2024-05-12,4,12,463,7200,5
10315,2024-09-24,1,16,463,5600,3
6915,2024-01-26,1,9,464,3150,2
7753,2024-02-24,4,10,464,6000,3
9822,2024-07-24,3,10,464,2500,3
872,2023-03-21,16,8,464,4000,5
4360,2023-10-30,2,5,464,4500,2
9020,2024-04-19,1,5,464,1750,2
3918,2023-10-13,10,15,464,27000,4
7231,2024-02-07,1,10,464,3500,5
8765,2024-03-28,3,17,465,4250,5
299,2023-01-30,19,8,465,2400,2
3956,2023-10-15,1,12,465,4200,4
4600,2023-11-07,7,10,465,15000,5
8759,2024-03-28,2,19,465,17100,5
9486,2024-06-09,4,12,465,7200,5
9629,2024-06-28,3,16,465,4000,4
1341,2023-05-02,26,16,465,14400,5
3719,2023-10-06,11,20,465,11000,4
5029,2023-11-21,8,17,465,12750,4
6459,2024-01-09,14,8,465,2560,2
8287,2024-03-11,4,15,465,9000,2
1035,2023-04-05,26,7,465,6300,4
3744,2023-10-07,5,10,465,4500,5
5507,2023-12-08,1,5,466,1750,4
3415,2023-09-27,22,6,466,2400,2
8465,2024-03-18,1,5,466,1750,5
941,2023-03-29,15,6,466,2100,2
5486,2023-12-07,5,20,466,9000,3
1408,2023-05-08,26,20,466,18000,4
7200,2024-02-06,1,6,466,2100,3
4943,2023-11-18,10,19,467,34200,2
6296,2024-01-04,14,18,467,5760,5
6883,2024-01-24,4,18,467,10800,5
10339,2024-09-26,2,6,467,5400,4
3640,2023-10-04,3,20,467,5000,5
966,2023-03-31,7,16,467,24000,4
4559,2023-11-05,9,11,467,7700,3
5918,2023-12-22,14,15,467,4800,3
87,2023-01-10,28,9,467,2700,2
2244,2023-07-26,20,15,467,12000,3
6181,2023-12-31,14,12,467,3840,3
7537,2024-02-17,1,19,467,6650,2
9191,2024-05-07,2,18,467,16200,4
2879,2023-09-09,23,20,468,5000,3
6351,2024-01-05,14,5,468,1600,3
8437,2024-03-17,1,12,468,4200,3
8826,2024-03-30,4,5,468,3000,5
4398,2023-11-01,5,9,468,4050,3
5742,2023-12-16,7,13,468,19500,5
10107,2024-08-29,1,20,468,7000,4
2116,2023-07-16,20,14,468,11200,2
7406,2024-02-12,2,19,468,17100,5
8650,2024-03-24,3,17,468,4250,2
10255,2024-09-17,1,9,468,3150,4
7414,2024-02-12,2,8,469,7200,2
8731,2024-03-27,2,12,469,10800,5
7309,2024-02-09,3,7,469,1750,3
479,2023-02-15,27,15,469,3000,4
6559,2024-01-13,1,18,469,6300,3
6925,2024-01-26,2,18,469,16200,2
9990,2024-08-13,1,8,469,2800,2
9235,2024-05-10,4,17,470,10200,3
5926,2023-12-22,14,6,470,1920,3
6784,2024-01-21,1,5,470,1750,2
7986,2024-03-02,2,16,471,14400,4
6287,2024-01-03,14,8,471,2560,3
6720,2024-01-19,1,15,471,5250,3
9586,2024-06-23,2,5,471,4500,3
2774,2023-09-06,24,17,471,8500,4
3999,2023-10-16,9,12,471,8400,3
8317,2024-03-12,4,5,471,3000,4
10281,2024-09-20,1,6,471,2100,4
5505,2023-12-07,11,5,472,2750,5
6091,2023-12-28,14,10,472,3200,5
764,2023-03-11,4,6,472,3600,4
1003,2023-04-02,21,5,472,3250,2
1015,2023-04-03,12,6,472,1800,5
6259,2024-01-03,14,8,472,2560,2
7510,2024-02-15,3,10,472,2500,2
7663,2024-02-21,3,9,472,2250,2
232,2023-01-24,20,10,472,8000,4
2054,2023-07-10,15,10,472,3500,4
3884,2023-10-12,8,20,472,15000,5
4993,2023-11-20,5,16,472,7200,2
5998,2023-12-24,14,15,473,4800,3
2146,2023-07-19,8,20,473,15000,2
4200,2023-10-24,4,5,473,3000,3
4658,2023-11-09,5,5,473,2250,2
5413,2023-12-04,5,15,474,6750,2
6691,2024-01-18,1,17,474,5950,5
7755,2024-02-24,4,17,474,10200,4
8067,2024-03-04,2,8,474,7200,2
4198,2023-10-24,4,19,474,11400,5
2773,2023-09-06,24,10,474,5000,5
4923,2023-11-18,4,6,474,3600,4
5961,2023-12-23,14,7,474,2240,3
6763,2024-01-20,3,7,474,1750,5
7089,2024-02-01,3,14,474,3500,4
3367,2023-09-25,23,18,474,4500,4
5542,2023-12-08,10,10,474,18000,4
6439,2024-01-08,14,9,474,2880,5
7354,2024-02-10,4,18,474,10800,5
7559,2024-02-17,3,14,474,3500,4
8447,2024-03-17,2,6,474,5400,5
8828,2024-03-30,4,18,474,10800,2
7606,2024-02-19,1,12,475,4200,4
4544,2023-11-05,6,15,475,18000,4
6036,2023-12-26,14,9,475,2880,5
884,2023-03-22,25,20,475,12000,2
2761,2023-09-06,24,13,475,6500,4
2949,2023-09-11,23,12,475,3000,4
6015,2023-12-25,14,19,475,6080,3
6782,2024-01-21,1,5,475,1750,3
9925,2024-08-06,2,14,475,12600,5
659,2023-03-02,27,7,475,1400,5
4875,2023-11-16,5,15,475,6750,4
10007,2024-08-14,4,8,475,4800,5
10122,2024-08-31,2,16,475,14400,3
4215,2023-10-24,11,8,476,4400,3
4841,2023-11-15,2,7,476,6300,2
9521,2024-06-15,2,11,476,9900,4
1563,2023-05-22,24,5,476,2500,5
6238,2024-01-02,14,6,476,1920,5
8870,2024-04-01,2,14,476,12600,2
9798,2024-07-21,2,8,476,7200,4
8078,2024-03-04,4,15,477,9000,2
4538,2023-11-05,3,13,477,3250,2
4731,2023-11-11,11,7,477,3850,5
8716,2024-03-26,3,14,477,3500,4
9909,2024-08-05,1,11,477,3850,2
10230,2024-09-13,3,10,477,2500,4
1737,2023-06-06,25,14,477,8400,5
2342,2023-08-05,24,20,477,10000,3
5932,2023-12-22,14,15,477,4800,3
6573,2024-01-13,3,17,477,4250,3
5635,2023-12-12,3,18,477,4500,4
5834,2023-12-19,14,19,478,6080,4
8707,2024-03-26,2,12,478,10800,5
7944,2024-03-01,3,11,478,2750,3
9463,2024-06-06,1,19,478,6650,3
139,2023-01-16,9,12,478,8400,3
6610,2024-01-15,1,6,478,2100,3
6914,2024-01-26,1,9,478,3150,5
469,2023-02-15,14,13,478,4160,4
1141,2023-04-14,27,18,478,3600,5
3041,2023-09-15,22,12,478,4800,4
4168,2023-10-23,5,8,478,3600,5
9718,2024-07-09,4,17,478,10200,4
6291,2024-01-03,14,19,479,6080,3
3933,2023-10-14,3,5,479,1250,4
7046,2024-01-30,4,15,479,9000,2
818,2023-03-15,26,16,479,14400,4
1715,2023-06-05,10,20,479,36000,3
4705,2023-11-10,11,20,479,11000,2
5230,2023-11-29,5,6,479,2700,2
8362,2024-03-14,3,18,479,4500,3
7079,2024-02-01,1,9,479,3150,3
629,2023-03-01,8,19,480,14250,5
676,2023-03-04,4,8,480,4800,5
3486,2023-09-29,22,6,480,2400,4
4521,2023-11-04,11,5,480,2750,2
6374,2024-01-06,14,12,480,3840,2
8020,2024-03-02,4,11,480,6600,5
9615,2024-06-26,3,7,480,1750,5
2078,2023-07-12,16,16,480,8000,3
7660,2024-02-21,2,15,480,13500,4
7681,2024-02-22,1,8,480,2800,3
8863,2024-03-31,4,13,480,7800,5
1447,2023-05-12,5,14,480,6300,4
2799,2023-09-07,24,11,480,5500,5
3424,2023-09-27,23,19,480,4750,4
8066,2024-03-04,2,7,480,6300,5
6739,2024-01-19,3,7,481,1750,2
5179,2023-11-27,7,18,481,27000,2
9355,2024-05-24,2,7,481,6300,2
381,2023-02-06,26,11,481,9900,2
867,2023-03-21,6,9,481,10800,3
1239,2023-04-24,26,5,481,4500,5
2924,2023-09-10,24,6,481,3000,4
7665,2024-02-21,3,20,481,5000,3
550,2023-02-22,21,17,481,11050,2
1752,2023-06-08,6,20,481,24000,2
2089,2023-07-13,26,12,481,10800,3
8107,2024-03-05,3,9,481,2250,2
8368,2024-03-14,4,6,481,3600,5
5241,2023-11-29,8,9,482,6750,5
7078,2024-02-01,1,8,482,2800,5
2235,2023-07-26,10,6,482,10800,2
1615,2023-05-27,24,13,482,6500,4
1958,2023-07-01,20,7,482,5600,2
4525,2023-11-05,1,12,482,4200,3
5432,2023-12-04,11,18,482,9900,2
9204,2024-05-08,1,6,482,2100,3
4189,2023-10-23,10,17,483,30600,4
7511,2024-02-15,4,19,483,11400,4
1041,2023-04-06,14,17,483,5440,3
2464,2023-08-17,24,17,483,8500,4
6073,2023-12-27,14,14,483,4480,3
8002,2024-03-02,3,20,483,5000,4
5149,2023-11-26,5,6,484,2700,3
165,2023-01-18,16,20,484,10000,5
4567,2023-11-06,2,12,484,10800,5
5726,2023-12-16,1,8,484,2800,4
4206,2023-10-24,7,9,484,13500,3
7404,2024-02-12,2,20,484,18000,2
816,2023-03-15,24,18,484,9000,2
5178,2023-11-27,6,14,484,16800,4
6615,2024-01-15,1,19,484,6650,5
4661,2023-11-09,6,5,485,6000,5
7217,2024-02-06,3,20,485,5000,5
1065,2023-04-08,11,19,485,10450,5
7379,2024-02-11,3,20,485,5000,2
2148,2023-07-19,9,8,485,5600,2
8490,2024-03-18,4,20,485,12000,5
640,2023-03-01,26,10,485,9000,2
3426,2023-09-27,23,11,485,2750,3
3671,2023-10-05,5,6,485,2700,3
4205,2023-10-24,6,13,485,15600,2
5332,2023-12-01,10,15,485,27000,2
5789,2023-12-18,3,12,485,3000,3
8442,2024-03-17,1,20,485,7000,3
6904,2024-01-25,3,10,486,2500,2
7908,2024-02-29,4,6,486,3600,3
9505,2024-06-12,2,18,486,16200,5
3100,2023-09-17,22,6,486,2400,5
1166,2023-04-17,27,16,486,3200,5
4416,2023-11-01,10,12,486,21600,2
6253,2024-01-02,14,17,486,5440,3
7806,2024-02-26,2,15,486,13500,2
8278,2024-03-11,3,8,486,2000,5
9374,2024-05-25,4,10,486,6000,5
457,2023-02-14,6,11,486,13200,4
2325,2023-08-03,24,12,486,6000,4
3474,2023-09-29,21,8,486,5200,3
3787,2023-10-09,3,5,486,1250,3
6311,2024-01-04,14,14,486,4480,4
7693,2024-02-22,2,18,487,16200,3
8685,2024-03-25,3,9,487,2250,4
8931,2024-04-09,2,7,487,6300,4
476,2023-02-15,25,18,487,10800,4
1192,2023-04-21,4,20,487,12000,4
2317,2023-08-02,24,15,487,7500,5
4178,2023-10-23,7,12,487,18000,4
5846,2023-12-19,14,11,487,3520,4
8513,2024-03-19,2,16,487,14400,4
8607,2024-03-23,1,13,487,4550,5
9973,2024-08-11,2,20,487,18000,2
1176,2023-04-19,9,6,487,4200,4
6199,2023-12-31,14,6,487,1920,3
6786,2024-01-21,2,20,487,18000,2
8086,2024-03-05,1,19,487,6650,4
9344,2024-05-23,2,8,487,7200,5
4165,2023-10-23,3,13,487,3250,3
6064,2023-12-26,14,15,487,4800,5
6246,2024-01-02,14,16,488,5120,2
7911,2024-02-29,4,7,488,4200,2
6103,2023-12-28,14,18,488,5760,3
912,2023-03-26,5,9,488,4050,4
1708,2023-06-04,21,13,488,8450,2
2627,2023-09-01,24,6,488,3000,2
5468,2023-12-06,9,17,488,11900,3
3198,2023-09-20,21,19,488,12350,5
6815,2024-01-22,2,14,488,12600,5
8166,2024-03-07,3,15,488,3750,4
9517,2024-06-14,3,16,488,4000,5
4726,2023-11-11,9,18,489,12600,3
4987,2023-11-20,2,20,489,18000,4
5621,2023-12-11,6,17,489,20400,2
9523,2024-06-15,3,10,489,2500,3
3595,2023-10-02,11,9,489,4950,3
10215,2024-09-12,3,11,489,2750,4
339,2023-02-02,7,16,490,24000,4
5835,2023-12-19,14,15,490,4800,5
1764,2023-06-09,10,19,490,34200,2
8140,2024-03-06,2,19,490,17100,5
8974,2024-04-14,3,6,490,1500,2
394,2023-02-08,19,12,490,3600,2
1056,2023-04-07,18,8,490,3600,3
1876,2023-06-22,16,12,490,6000,3
4543,2023-11-05,6,8,490,9600,2
10197,2024-09-09,3,14,490,3500,3
449,2023-02-13,20,14,491,11200,3
5733,2023-12-16,4,7,491,4200,2
2075,2023-07-12,11,8,491,4400,5
6397,2024-01-07,14,14,491,4480,5
7906,2024-02-29,4,15,491,9000,4
8994,2024-04-16,4,15,491,9000,5
9200,2024-05-08,1,12,491,4200,3
5396,2023-12-03,6,13,492,15600,3
6828,2024-01-23,1,18,492,6300,3
234,2023-01-24,23,20,492,5000,3
1038,2023-04-06,13,16,492,7200,5
1984,2023-07-03,22,18,492,7200,4
2590,2023-08-30,24,7,492,3500,5
6973,2024-01-28,1,8,492,2800,4
3047,2023-09-15,23,12,492,3000,2
5445,2023-12-05,5,6,492,2700,3
5523,2023-12-08,5,7,492,3150,3
7415,2024-02-12,2,9,492,8100,4
5416,2023-12-04,7,17,492,25500,3
6522,2024-01-12,1,17,492,5950,3
8987,2024-04-16,1,7,493,2450,5
1578,2023-05-23,28,17,493,5100,3
3987,2023-10-16,3,19,493,4750,2
6801,2024-01-21,4,13,493,7800,2
6054,2023-12-26,14,11,493,3520,3
2365,2023-08-08,24,17,493,8500,5
4576,2023-11-06,5,11,493,4950,2
8926,2024-04-08,3,7,493,1750,5
9321,2024-05-20,1,6,493,2100,3
9843,2024-07-27,2,19,493,17100,3
5625,2023-12-11,8,13,494,9750,5
8699,2024-03-26,1,5,494,1750,2
1243,2023-04-25,2,10,494,9000,4
6418,2024-01-08,14,14,494,4480,4
1455,2023-05-12,24,8,494,4000,2
3404,2023-09-26,24,8,494,4000,4
7287,2024-02-08,4,10,494,6000,4
7000,2024-01-29,2,14,495,12600,3
1136,2023-04-14,13,14,495,6300,5
3074,2023-09-16,22,16,495,6400,4
5616,2023-12-11,5,14,495,6300,5
5833,2023-12-19,14,8,495,2560,3
9218,2024-05-09,2,13,495,11700,5
5217,2023-11-28,10,5,495,9000,3
6596,2024-01-14,2,14,495,12600,3
8497,2024-03-19,1,15,495,5250,2
9180,2024-05-05,4,12,495,7200,3
3900,2023-10-13,2,15,495,13500,4
4802,2023-11-14,2,13,496,11700,4
8630,2024-03-23,3,19,496,4750,5
8787,2024-03-29,1,16,496,5600,5
6420,2024-01-08,14,8,496,2560,4
6958,2024-01-27,3,14,496,3500,3
9201,2024-05-08,1,6,496,2100,2
9634,2024-06-29,2,13,496,11700,2
222,2023-01-24,7,5,496,7500,2
5252,2023-11-29,11,11,496,6050,2
5995,2023-12-24,14,14,496,4480,3
9678,2024-07-04,4,12,496,7200,4
10268,2024-09-18,4,16,496,9600,4
968,2023-03-31,9,6,496,4200,2
3622,2023-10-03,7,8,496,12000,5
3848,2023-10-11,5,20,496,9000,3
5065,2023-11-23,1,16,496,5600,4
6497,2024-01-11,1,9,497,3150,3
8144,2024-03-06,3,17,497,4250,2
544,2023-02-22,12,14,497,4200,3
2915,2023-09-10,23,11,497,2750,4
6252,2024-01-02,14,16,497,5120,5
8006,2024-03-02,3,16,497,4000,5
4663,2023-11-09,7,16,497,24000,3
7315,2024-02-09,4,5,497,500,3
8718,2024-03-26,4,15,497,9000,3
3526,2023-09-30,24,7,497,3500,3
5643,2023-12-12,7,13,497,19500,3
